0	1	ana	ana	ADP	PRP	_	2	case	_	_
1	2	MAŠ.EN.GAG	maš.en.gag	NOUN	N	Gender=Fem|NounBase=Free|Number=Plur	3	obl	_	_
2	3	šar-ra-qu	šarrāqū	VERB	VERB	Gender=Masc|Mood=Imp|Number=Sing|Person=2|VerbForm=Fin|VerbStem=G	0	ROOT	_	_
3	4	E₂	e₂	NOUN	NOUN	Gender=Masc|NounBase=Bound|Number=Sing	_	_	_	_
4	5	LU₂	lu₂	NOUN	NOUN	Case=Acc|Gender=Masc|Number=Plur	4	nmod:poss	_	_
5	6	GAM-MEŠ	gam-meš	NOUN	NOUN	Case=Acc|Gender=Masc|Number=Plur	4	appos	_	_
6	1	x	x	X	X	_	0	ROOT	_	_
7	2	GAZ-an-ni	gaz-an-ni	ADJ	N	Case=Gen|Gender=Masc|Number=Sing	_	_	_	_
8	1	x	x	X	X	_	0	ROOT	_	_
9	2	ša₂	ša	ADP	REL	_	_	_	_	_
10	3	2.30	šumēl	NUM	NUM	_	4	nummod	_	_
11	4	KI.TA	ki.ta	ADV	AV	_	_	_	_	_
12	5	DU₈	du₈	NOUN	N	_	4	nmod:poss	_	_
13	6	GIR₃	gir₃	NOUN	N	Gender=Fem|NounBase=Bound|Number=Sing	5	dep	_	_
14	7	sa-ra-ar₂-ti	sararti	ADP	N	PrepSuffGen=Masc|PrepSuffNum=Plur|PrepSuffPer=3	6	amod	_	_
15	8	GAL₂-ma	gal₂-ma	NOUN	N	Case=Acc|Focus=Yes|Gender=Fem|Number=Sing	6	nsubj	_	_
16	9	ŠU-MIN	šu-min	NOUN	NOUN	Case=Acc|Gender=Masc|NounBase=Bound|Number=Sing	_	_	_	_
17	10	KUR-su-nu-ti	kur-su-nu-ti	NOUN	NOUN	Gender=Fem|Number=Sing	9	conj	_	_
18	1	x-ta-ti	x-ta-ti	X	X	_	2	nsubj	_	_
19	2	ik-nu-uš	iknuš	VERB	V	Gender=Masc|Mood=Ind|Number=Sing|Person=3|Tense=Past|VerbForm=Fin|VerbStem=G	0	ROOT	_	_
20	3	BA₃{+ut	ba₃{+ut	PROPN	NOUN	_	2	obj	_	SpaceAfter=No
21	6	m}AN.ŠAR₂-DU₃-IBILA	m}an.šar₂-du₃-ibila	PROPN	RN	Gender=Masc	3	nmod	_	_
22	7	LUGAL	lugal	NOUN	N	Case=Nom|Gender=Masc|NounBase=Bound|Number=Sing	3	appos	_	_
23	9	{kur}AN.ŠAR₂{ki}	kur}an.šar₂{ki	PROPN	NOUN	Gender=Masc	7	nmod:poss	_	SpaceAfter=No
24	1	x	x	X	u	_	0	ROOT	_	_
25	2	ša₂	ša	PRON	REL	_	5	nsubj	_	_
26	3	ana	ana	ADP	PRP	_	4	case	_	_
27	4	la	lā	PART	MOD	_	5	advmod	_	_
28	5	TI	ti	VERB	SBJ	Gender=Com|Mood=Ind|Number=Sing|Person=1|Tense=Past|VerbForm=Fin|VerbStem=G	12	dep	_	_
29	7	m}tam-ma-ri-tu₂	m}tam-ma-ri-tu₂	ADJ	RN	Case=Nom|Gender=Masc|Number=Sing	12	obj	_	_
30	8	LUGAL	lugal	NOUN	N	Case=Nom|Gender=Masc|NounBase=Bound|Number=Sing	12	nsubj	_	_
31	10	{kur}ELAM.MA{ki}	kur}elam.ma{ki	PROPN	NOUN	Case=Gen|Gender=Masc|Number=Sing	8	nmod	_	SpaceAfter=No
32	12	iq-bu-u₂	iqbû	VERB	V	Gender=Masc|Mood=Ind|Number=Plur|Person=3|Tense=Pres|VerbForm=Fin|VerbStem=G	_	_	_	_
33	2	d}AMAR.UTU	d}amar.utu	PROPN	DN	Case=Nom|Gender=Masc|Number=Sing	4	nsubj	_	_
34	3	e-zi-zu-šu₂-u-ma	ēzizušuma	ADV	AV	_	4	obj	_	_
35	4	iš-ki-pu	iškipu	VERB	V	Gender=Masc|Mood=Ind|Number=Sing|Person=3|Tense=Past|VerbForm=Fin|VerbStem=G	0	ROOT	_	_
36	5	BAL-šu₂	bal-šu₂	NOUN	N	Case=Gen|Gender=Masc|Number=Sing|PossSuffGen=Masc|PossSuffNum=Sing|PossSuffPer=3	6	obl	_	_
37	6	in-nab-tam-ma	innabtamma	VERB	V	Gender=Masc|Mood=Ind|Number=Sing|Person=3|Subordinative=Yes|Tense=Pres|VerbForm=Fin|VerbStem=G	4	conj	_	_
38	7	u₂-na-aš₂-šiq	unaššiq	VERB	VERB	Gender=Com|Mood=Ind|Number=Sing|Person=1|Tense=Perf|VerbForm=Fin|VerbStem=D	6	conj	_	_
39	8	GIR₃-MIN	gir₃-min	VERB	V	Gender=Com|Mood=Ind|Number=Sing|Person=1|Tense=Pres|Ventive=Yes|VerbForm=Fin|VerbStem=G	0	ROOT	_	_
40	10	m}{d}AN.ŠAR₂-DU₃-A	m}{d}an.šar₂-du₃-a	PROPN	PN	_	2	appos	_	_
41	1	ina	ina	ADP	ADP	_	2	case	_	_
42	2	mi-gir	migir	NOUN	N	Gender=Masc|NounBase=Bound|Number=Sing	8	obl	_	_
43	3	lib₃-bi-šu₂	libbišu	NOUN	NOUN	Case=Gen|Gender=Masc|Number=Sing|PossSuffGen=Masc|PossSuffNum=Sing|PossSuffPer=3	2	nmod	_	_
44	4	ina	ina	ADP	ADP	_	5	case	_	_
45	5	SU₆-MEŠ-šu₂	su₆-meš-šu₂	NOUN	NOUN	Case=Gen|Gender=Masc|Number=Sing|PossSuffGen=Masc|PossSuffNum=Sing|PossSuffPer=3	8	obl	_	_
46	6	IGI	igi	NOUN	N	Gender=Masc|NounBase=Bound|Number=Sing	7	case	_	_
47	7	GIR₃-MEŠ-šu₂	gir₃-meš-šu₂	NOUN	N	Case=Gen|Gender=Masc|Number=Sing|PossSuffGen=Masc|PossSuffNum=Sing|PossSuffPer=3	8	obl	_	_
48	8	qaq-qa-ru	qaqqaru	NOUN	V	Gender=Masc|NounBase=Free|Number=Sing	0	ROOT	_	_
49	9	u₂-še-še-ra	ušēšera	VERB	V	Gender=Com|Mood=Ind|Number=Sing|Person=1|Tense=Past|VerbForm=Fin|VerbStem=D|VerbSuffGen=Fem|VerbSuffNum=Sing|VerbSuffPer=3	8	conj	_	_
50	1	x-ma	x-ma	X	X	_	0	ROOT	_	_
51	2	2.30	šumēlu	NUM	ADP	_	3	nummod	_	_
52	3	DAR{+iq	dar{+iq	PROPN	GN	Case=Gen	11	obl	_	SpaceAfter=No
53	5	BA₃{+ut	ba₃{+ut	NOUN	NOUN	Case=Gen|Gender=Masc|Number=Sing	11	obl	_	SpaceAfter=No
54	7	ha-mu-ra-bi	Hammurabi	NOUN	NOUN	Gender=Masc|Number=Plur	6	nmod	_	_
55	8	ša₂	ša	PRON	DET	_	9	case	_	_
56	9	ŠU₂{+tu₂	šu₂{+tu₂	NOUN	NOUN	Case=Nom|Gender=Masc|Number=Sing	7	nmod	_	SpaceAfter=No
57	11	i-be-lam	ibēlam	VERB	VERB	Gender=Masc|Mood=Ind|Number=Sing|Person=3|Tense=Perf|VerbForm=Fin|VerbStem=G	_	_	_	_
58	1	x	x	X	u	_	3	nsubj	_	_
59	2	2-ma	2-ma	NUM	n	_	3	nummod	_	_
60	3	MAN{+u₂	man{+u₂	VERB	ADJ	Gender=Masc|Number=Sing|Person=3|VerbForm=Stat|VerbStem=G	0	ROOT	_	SpaceAfter=No
61	5	ina	ina	ADP	PRP	_	6	case	_	_
62	6	EGIR	egir	NOUN	N	Case=Gen|Gender=Masc|NounBase=Free|Number=Sing	8	obl	_	_
63	7	BA₃	ba₃	NOUN	N	Case=Gen|Gender=Masc|NounBase=Free|Number=Sing	8	obl	_	_
64	8	GAR-ma	gar-ma	VERB	V	Gender=Com|Mood=Ind|Number=Sing|Person=1|Tense=Past|VerbForm=Fin|VerbStem=Gtn	3	conj	_	_
65	9	ana	ana	ADP	PRP	_	10	case	_	_
66	11	giš}TUKUL	giš}tukul	NOUN	V	Case=Gen|Gender=Masc|NounBase=Free|Number=Sing	12	obl	_	_
67	12	uš-te-li₃	uštēli	NOUN	N	Case=Gen|Gender=Masc|NounBase=Free|Number=Sing	_	_	_	_
68	1	lu-u₂	lū	PART	MOD	_	2	advmod:emph	_	_
69	2	KUR₂	kur₂	VERB	V	Gender=Com|Mood=Ind|Number=Sing|Person=1|Tense=Past|VerbForm=Fin|VerbStem=G	0	ROOT	_	_
70	3	SI.SA₂{+ra	si.sa₂{+ra	PROPN	PROPN	Case=Acc	5	obj	_	SpaceAfter=No
71	5	a-sa-kip	asakkip	VERB	V	Gender=Com|Mood=Ind|Number=Sing|Person=1|Tense=Past|VerbForm=Fin|VerbStem=G	_	_	_	_
72	1	x	x	X	u	_	2	nsubj	_	_
73	2	$	$	PROPN	V	Gender=Fem	0	ROOT	_	SpaceAfter=No
74	3	DIŠ	diš	NUM	NU	Gender=Masc	6	dep	_	_
75	4	SI.SA₂{+ra	si.sa₂{+ra	PROPN	DN	_	5	case	_	SpaceAfter=No
76	6	DAB{+bat	dab{+bat	PROPN	VERB	Case=Gen|Gender=Masc|Number=Sing	2	nmod	_	SpaceAfter=No
77	1	x	x	X	X	_	0	ROOT	_	_
78	3	d}EN.LIL₂	d}en.lil₂	PROPN	DN	Case=Nom|Gender=Masc|Number=Sing	_	_	_	_
79	4	LUGAL	lugal	NOUN	N	Case=Nom|Gender=Masc|NounBase=Free|Number=Sing	_	_	_	_
80	5	ša₂	ša	ADP	DET	_	6	case	_	_
81	6	ŠA₃-šu₂	ša₃-šu₂	NOUN	N	Case=Gen|Gender=Masc|Number=Sing|PossSuffGen=Masc|PossSuffNum=Sing|PossSuffPer=3	4	nmod	_	_
82	7	GAR{+an	gar{+an	NOUN	V	Case=Gen|Gender=Fem|Number=Sing|PossSuffGen=Masc|PossSuffNum=Sing|PossSuffPer=3	4	det	_	SpaceAfter=No
83	1	x	x	X	u	_	2	nsubj	_	_
84	2	$	$	NOUN	N	Gender=Fem|NounBase=Bound|Number=Sing	6	obj	_	SpaceAfter=No
85	3	NE	ne	NOUN	NOUN	Case=Nom|Gender=Fem|Number=Plur	6	obj	_	_
86	4	ana	ana	ADP	PRP	_	5	case	_	_
87	5	KASKAL	kaskal	NOUN	N	Case=Gen|Gender=Masc|NounBase=Free|Number=Sing	6	obl	_	_
88	6	DU	du	VERB	V	Gender=Com|Mood=Ind|Number=Sing|Person=1|Tense=Past|VerbForm=Fin|VerbStem=G	0	ROOT	_	_
89	7	IGI	igi	NOUN	N	Gender=Masc|NounBase=Bound|Number=Sing	11	obl	_	_
90	8	EREN₂-ia₅	eren₂-ia₅	NOUN	N	Case=Gen|Gender=Masc|NounStem=Bound|Number=Sing	7	nmod:poss	_	_
91	9	GALGA	galga	NOUN	NOUN	Case=Gen|Gender=Masc|NounBase=Free|Number=Sing	8	amod	_	_
92	10	LUGAL-šu₂-nu	lugal-šu₂-nu	NOUN	NOUN	Gender=Fem|Number=Sing|PossSuffGen=Masc|PossSuffNum=Plur|PossSuffPer=3	8	conj	_	_
93	11	ŠUB-MEŠ-ma	šub-meš-ma	NOUN	N	Gender=Fem|Number=Plur|PossSuffGen=Masc|PossSuffNum=Plur|PossSuffPer=3	_	_	_	_
94	12	ša₂	ša	PRON	DET	_	11	dep	_	_
95	13	UMUŠ-šu₂-nu	umuš-šu₂-nu	ADP	PRP	PrepSuffGen=Masc|PrepSuffNum=Plur|PrepSuffPer=3	11	nmod	_	_
96	14	DU₃-MEŠ	du₃-meš	NOUN	N	Gender=Fem|NounBase=Free|Number=Plur	11	nmod	_	_
97	1	x	x	X	u	_	0	ROOT	_	_
98	3	munus}PEŠ₄	munus}peš₄	PROPN	NOUN	Gender=Masc	2	appos	_	_
99	4	ša₃	ša	PRON	N	_	8	obj	_	_
100	5	ŠA₃-ša₃	ša₃-ša₃	NOUN	N	Gender=Masc|Number=Plur	4	nmod	_	_
101	6	ŠUB{+a	šub{+a	NOUN	NOUN	Case=Gen|Gender=Masc|NounBase=Free|Number=Sing	4	conj	_	SpaceAfter=No
102	8	ARAD	arad	NOUN	NOUN	Case=Nom|Gender=Masc|Number=Sing	11	dep	_	_
103	9	MUNUS.URI₃	munus.uri₃	NOUN	NOUN	Case=Gen|Gender=Fem|Number=Plur	8	nmod	_	_
104	10	EN-šu₂	en-šu₂	NOUN	N	Case=Gen|Gender=Masc|Number=Sing|PossSuffGen=Masc|PossSuffNum=Sing|PossSuffPer=3	9	nmod:poss	_	_
105	11	$	$	VERB	V	Gender=Masc|Mood=Ind|Number=Sing|Person=3|Tense=Past|VerbForm=Fin|VerbStem=G	_	_	_	SpaceAfter=No
106	12	GU	gu	NOUN	N	Case=Nom|Gender=Masc|Number=Sing|PossSuffGen=Com|PossSuffNum=Sing|PossSuffPer=1	_	_	_	_
107	13	x	x	X	X	_	_	_	_	_
108	14	x	x	X	X	_	_	_	_	_
109	1	x	x	X	X	_	0	ROOT	_	_
110	3	giš}TUKUL	giš}tukul	NOUN	NOUN	Case=Nom|Gender=Masc|Number=Sing	6	obj	_	_
111	4	ana	ana	ADP	ADP	_	5	case	_	_
112	5	ŠA₃-šu₂	ša₃-šu₂	NOUN	NOUN	Case=Gen|Gender=Masc|Number=Sing|PossSuffGen=Masc|PossSuffNum=Sing|PossSuffPer=3	6	obl	_	_
113	6	i-kap	ikkap	VERB	V	Gender=Masc|Mood=Ind|Number=Sing|Person=3|Tense=Pres|VerbForm=Fin|VerbStem=G	_	_	_	_
114	7	DUMU	dumu	NOUN	N	Gender=Masc|NounBase=Bound|Number=Sing	6	obl	_	_
115	9	lu₂}HAL	lu₂}hal	NOUN	V	Case=Gen|Gender=Masc|NounBase=Free|Number=Sing	7	nmod:poss	_	_
116	10	ša₂	ša	PRON	DET	_	11	case	_	_
117	11	ŠU-MIN-šu₂	šu-min-šu₂	NOUN	N	Case=Nom|Gender=Masc|Number=Sing|PossSuffGen=Masc|PossSuffNum=Sing|PossSuffPer=3	6	dep	_	_
118	12	x	x	X	X	_	_	_	_	_
119	13	x	x	X	X	_	_	_	_	_
120	1	x-tu₄	x-tu₄	X	X	_	5	dep	_	_
121	2	ŠUB{+at₂	šub{+at₂	PROPN	NOUN	Case=Gen	1	conj	_	SpaceAfter=No
122	5	tu₁₅}KUR.RA	tu₁₅}kur.ra	PROPN	VERB	Case=Gen|Gender=Masc|Number=Sing	0	ROOT	_	_
123	6	ZI-am-ma	zi-am-ma	NOUN	NOUN	_	_	_	_	_
124	7	x	x	X	X	_	_	_	_	_
125	8	x	x	X	X	_	_	_	_	_
126	1	x	x	X	X	_	0	ROOT	_	_
127	2	KI.MIN	ki.min	NOUN	NOUN	Gender=Masc|Number=Sing	10	obj	_	_
128	3	ša₂	ša	ADP	DET	_	4	case	_	_
129	4	KUR₂	kur₂	NOUN	N	Case=Gen|Gender=Masc|NounBase=Free|Number=Sing	2	nmod	_	_
130	5	ša₂	ša	ADP	DET	_	6	case	_	_
131	6	$	$	NOUN	N	Gender=Fem|NounBase=Bound|Number=Sing	10	obl	_	SpaceAfter=No
132	7	BA	ba	PROPN	N	Gender=Fem	10	dep	_	_
133	8	ana	ana	ADP	PRP	_	9	case	_	_
134	9	$	$	NOUN	N	Case=Gen|Gender=Fem|NounBase=Bound|Number=Sing	10	obl	_	SpaceAfter=No
135	10	DU	du	VERB	V	Gender=Com|Mood=Ind|Number=Sing|Person=1|Tense=Past|VerbForm=Fin|VerbStem=G	_	_	_	_
136	11	$	$	NOUN	N	Gender=Fem|NounBase=Bound|Number=Sing	10	conj	_	SpaceAfter=No
137	12	DU	du	VERB	V	Gender=Com|Mood=Ind|Number=Sing|Person=1|Tense=Past|VerbForm=Fin|VerbStem=G	10	conj	_	_
138	13	x	x	X	u	_	_	_	_	_
139	1	BE	be	SCONJ	SCONJ	_	2	case	_	_
140	2	AN.TA{+tu₄	an.ta{+tu₄	NOUN	NOUN	Case=Nom|Gender=Masc|Number=Plur	0	ROOT	_	SpaceAfter=No
141	4	ana	ana	ADP	PRP	_	5	case	_	_
142	5	KI.TA{+tu₄	ki.ta{+tu₄	PROPN	GN	Case=Gen	2	conj	_	SpaceAfter=No
143	7	GAM{+uš	gam{+uš	NOUN	N	Case=Gen|Gender=Masc|NounBase=Free|Number=Sing	6	appos	_	SpaceAfter=No
144	9	ša₂	ša	ADP	DET	_	10	case	_	_
145	10	|KA×MAŠ|	|ka×maš|	NOUN	N	Case=Gen|Gender=Masc|NounBase=Bound|Number=Sing	8	nmod	_	_
146	11	LU₂	lu₂	NOUN	N	Case=Gen|Gender=Masc|Number=Sing	5	conj	_	_
147	12	x	x	X	u	_	_	_	_	_
148	1	BE	be	SCONJ	SCONJ	_	11	nsubj	_	_
149	2	KI.TA{+tu₄	ki.ta{+tu₄	PROPN	GN	Case=Gen	11	dep	_	SpaceAfter=No
150	4	ana	ana	ADP	PRP	_	5	case	_	_
151	5	AN.TA{+tu₄	an.ta{+tu₄	NOUN	N	Case=Gen|Gender=Masc|Number=Plur	11	obl	_	SpaceAfter=No
152	7	GAM{+uš	gam{+uš	NOUN	N	Case=Gen|Gender=Masc|NounBase=Free|Number=Sing	6	nmod:poss	_	SpaceAfter=No
153	9	ša₂	ša	ADP	DET	_	10	case	_	_
154	10	|KA×MAŠ|	|ka×maš|	NOUN	N	Case=Gen|Gender=Masc|NounBase=Bound|Number=Sing	6	nmod	_	_
155	11	LU₂	lu₂	NOUN	NOUN	Case=Gen|Gender=Masc|Number=Sing	0	ROOT	_	_
156	12	x	x	X	X	_	_	_	_	_
157	13	x	x	X	X	_	_	_	_	_
158	1	BE	be	SCONJ	SCONJ	_	4	mark	_	_
159	2	KI.TA{+tu₄	ki.ta{+tu₄	PROPN	GN	Case=Gen	4	dep	_	SpaceAfter=No
160	4	DU{+ik	du{+ik	VERB	DET	Gender=Com|Mood=Ind|Number=Sing|Person=1|Tense=Past|Ventive=Yes|VerbForm=Fin|VerbStem=G	0	ROOT	_	SpaceAfter=No
161	6	u	u	CCONJ	CNJ	_	7	cc	_	_
162	7	SAGŠU	sagšu	NOUN	N	Case=Gen|Gender=Masc|Number=Sing	5	conj	_	_
163	8	UGU	ugu	ADP	PRP	_	9	case	_	_
164	9	SA{+ti	sa{+ti	PROPN	SN	Case=Gen|Gender=Masc|Number=Sing	15	obl	_	SpaceAfter=No
165	11	U₅	u₅	NOUN	N	Case=Nom|Gender=Fem|NounStem=Bound|Number=Sing	9	nmod	_	_
166	12	KUR₂-ka	kur₂-ka	NOUN	VERB	Case=Gen|Gender=Fem|Number=Sing|PossSuffGen=Masc|PossSuffNum=Sing|PossSuffPer=2	9	conj	_	_
167	13	ana	ana	ADP	ADP	_	14	case	_	_
168	14	SIG₅-MEŠ	sig₅-meš	ADJ	NOUN	Case=Gen|Gender=Masc|Number=Plur	15	obl	_	_
169	15	KIN-ka	kin-ka	VERB	VERB	Gender=Com|Mood=Ind|Number=Sing|Person=1|Tense=Perf|Ventive=Yes|VerbForm=Fin|VerbStem=G	4	nsubj	_	_
170	1	ina	ina	ADP	PRP	_	2	case	_	_
171	3	giš}TUKUL	giš}tukul	PROPN	RN	Gender=Masc	2	conj	_	_
172	4	DINGIR-MEŠ	dingir-meš	NOUN	N	Gender=Masc|Number=Plur	_	_	_	_
173	5	A₂	a₂	NOUN	N	Gender=Masc|NounBase=Bound|Number=Sing	4	nmod:poss	_	_
174	6	EREN₂-ia₅	eren₂-ia₅	NOUN	N	Gender=Masc|NounBase=Bound|Number=Sing	4	appos	_	_
175	7	DU-MEŠ	du-meš	ADJ	AJ	Gender=Fem|Number=Plur	6	nmod:poss	_	_
176	8	x	x	X	u	_	_	_	_	_
177	1	BE	be	SCONJ	SCONJ	_	4	mark	_	_
178	2	KI.TA{+tu₄	ki.ta{+tu₄	PROPN	GN	Case=Gen	4	dep	_	SpaceAfter=No
179	4	DU{+ik	du{+ik	VERB	V	Gender=Com|Mood=Ind|Number=Sing|Person=1|Tense=Past|Ventive=Yes|VerbForm=Fin|VerbStem=G	0	ROOT	_	SpaceAfter=No
180	6	u	u	CCONJ	CNJ	_	7	cc	_	_
181	7	ŠU.SI	šu.si	NOUN	N	Gender=Masc|Number=Plur	5	conj	_	_
182	8	MUR	mur	NOUN	N	Case=Gen|Gender=Masc|NounBase=Free|Number=Sing	7	appos	_	_
183	9	MURU₂	muru₂	NOUN	N	Case=Gen|Gender=Masc|Number=Sing|PossSuffNum=Sing|PossSuffPer=1	7	nmod:poss	_	_
184	10	SUHUŠ-sa₃	suhuš-sa₃	NOUN	DN	Gender=Fem|NounBase=Bound|Number=Plur	5	conj	_	_
185	11	KEŠ₂{+is	keš₂{+is	PROPN	GN	_	10	nmod:poss	_	SpaceAfter=No
186	14	giš}MA₂	giš}ma₂	NOUN	NOUN	Case=Nom|Gender=Fem|Number=Sing	11	appos	_	_
187	15	la₃	lā	ADP	ADP	_	11	dep	_	_
188	17	giš}ZI.GAN	giš}zi.gan	NOUN	NOUN	Case=Gen|Gender=Masc|NounBase=Free|Number=Sing	19	obl	_	_
189	18	TU₁₅	tu₁₅	SCONJ	SCONJ	_	19	nsubj	_	_
190	19	uš-qa-la-pa-šim-ma	ušqallapâšimma	VERB	VERB	Gender=Com|Mood=Ind|Number=Sing|Person=1|Tense=Perf|Ventive=Yes|VerbForm=Fin|VerbStem=Š	4	conj	_	_
191	2	d}UTU	d}utu	PROPN	DN	Gender=Masc	1	dep	_	_
192	3	u	u	CCONJ	CNJ	_	4	cc	_	_
193	5	d}AMAR.UTU	d}amar.utu	PROPN	PROPN	Case=Nom|Gender=Masc|Number=Sing	2	conj	_	_
194	6	ina	ina	ADP	ADP	_	7	case	_	_
195	7	ma-kal-la-a	makallâ	NOUN	NOUN	Case=Gen|Gender=Masc|NounBase=Free|Number=Sing	2	conj	_	_
196	8	GI.NA	gi.na	NOUN	NOUN	Case=Gen|Gender=Masc|NounStem=Bound|Number=Plur	1	conj	_	_
197	9	KIN.KIN-MEŠ-šu₂	kin.kin-meš-šu₂	NOUN	GN	Gender=Fem|Number=Plur|PossSuffGen=Masc|PossSuffNum=Sing|PossSuffPer=3	8	nmod	_	_
198	10	ina	ina	ADP	PRP	_	11	case	_	_
199	11	SILIM{+ti₃	silim{+ti₃	NOUN	NOUN	Gender=Masc|NounBase=Bound|Number=Sing	8	conj	_	SpaceAfter=No
200	13	u	u	CCONJ	CNJ	_	14	cc	_	_
201	14	la₃	lā	ADP	PRP	_	11	conj	_	_
202	15	SILIM{+ti₃	silim{+ti₃	NOUN	DN	Gender=Masc|NounBase=Bound|Number=Sing	11	nmod	_	SpaceAfter=No
203	17	SILIM{+at₂	silim{+at₂	NOUN	NOUN	Case=Gen|Gender=Fem|Number=Plur	11	conj	_	SpaceAfter=No
204	1	BE	be	SCONJ	SCONJ	_	4	mark	_	_
205	2	KI.TA{+tu₄	ki.ta{+tu₄	PROPN	GN	Case=Gen	4	dep	_	SpaceAfter=No
206	4	DU{+ik	du{+ik	VERB	V	Gender=Com|Mood=Ind|Number=Sing|Person=1|Tense=Past|Ventive=Yes|VerbForm=Fin|VerbStem=G	0	ROOT	_	SpaceAfter=No
207	6	u	u	CONJ	CNJ	_	7	cc	_	_
208	7	let	lēt	ADP	PRP	_	5	conj	_	_
209	8	2.30	šumēl	NUM	NU	_	9	nummod	_	_
210	9	GAR{+at₂	gar{+at₂	NOUN	V	Gender=Fem|NounBase=Free|Number=Plur	4	dep	_	SpaceAfter=No
211	11	suh-hur-ti	suhhurti	NOUN	N	Case=Gen|Gender=Fem|NounBase=Free|Number=Sing	10	nmod:poss	_	_
212	12	EREN₂	eren₂	NOUN	NOUN	Gender=Masc|Number=Sing	9	dep	_	_
213	13	za-mar	zamar	SCONJ	SCONJ	_	_	_	_	_
214	14	li-it-tan-x	li-it-tan-x	VERB	VERB	Gender=Masc|Mood=Prec|Number=Plur|Person=3|VerbStem=G	13	conj	_	_
215	1	BE	be	SCONJ	SCONJ	_	4	mark	_	_
216	2	KI.TA{+tu₄	ki.ta{+tu₄	PROPN	GN	Case=Gen	4	dep	_	SpaceAfter=No
217	4	DU{+ik	du{+ik	VERB	V	Gender=Com|Mood=Ind|Number=Sing|Person=1|Tense=Past|Ventive=Yes|VerbForm=Fin|VerbStem=G	0	ROOT	_	SpaceAfter=No
218	6	u	u	CCONJ	CNJ	_	7	cc	_	_
219	7	qe₂-reb	qereb	NOUN	N	Case=Gen|Gender=Masc|NounBase=Bound|Number=Sing	5	conj	_	_
220	8	MUR	mur	NOUN	N	Case=Gen|Gender=Masc|NounBase=Free|Number=Sing	7	appos	_	_
221	9	2.30	šumēl	DET	PRP	_	10	nummod	_	_
222	10	SIG₃{+iṣ	sig₃{+iṣ	NOUN	N	Gender=Fem|NounBase=Bound|Number=Sing	12	obl	_	SpaceAfter=No
223	12	GABA.RI	gaba.ri	VERB	N	Gender=Masc|Number=Sing|Person=3|Subordinative=Yes|VerbForm=Stat|VerbStem=G	4	nsubj	_	_
224	1	BE	be	SCONJ	SCONJ	_	4	mark	_	_
225	2	KI.TA{+tu₄	ki.ta{+tu₄	PROPN	GN	Case=Gen	4	dep	_	SpaceAfter=No
226	4	DU{+ik	du{+ik	VERB	V	Gender=Com|Mood=Ind|Number=Sing|Person=1|Tense=Past|Ventive=Yes|VerbForm=Fin|VerbStem=G	0	ROOT	_	SpaceAfter=No
227	6	u	u	CONJ	CNJ	_	7	cc	_	_
228	7	10	10	NUM	NUM	_	8	nummod	_	_
229	8	ŠA₃.NIGIN	ša₃.nigin	NOUN	N	Case=Acc|Gender=Masc|NounBase=Free|Number=Sing	4	conj	_	_
230	9	IZI.GAR	izi.gar	NOUN	N	Case=Acc|Gender=Masc|Number=Sing	8	conj	_	_
231	10	KAR{+tu₄	kar{+tu₄	ADP	N	_	8	conj	_	SpaceAfter=No
232	12	SA₅{+ti	sa₅{+ti	NOUN	NOUN	Case=Nom|Gender=Masc|Number=Sing	8	conj	_	SpaceAfter=No
233	14	GU₃{+mu	gu₃{+mu	NOUN	NOUN	Case=Gen|Gender=Masc|Number=Sing	12	conj	_	SpaceAfter=No
234	16	ina	ina	ADP	ADP	_	17	case	_	_
235	17	E₂	e₂	NOUN	N	Case=Gen|Gender=Masc|Number=Sing	19	obl	_	_
236	18	LU₂	lu₂	NOUN	NOUN	Case=Gen|Gender=Masc|Number=Sing	17	nmod	_	_
237	19	GAL₂{+ši	gal₂{+ši	VERB	V	Gender=Masc|Mood=Ind|Number=Plur|Person=3|Tense=Past|VerbForm=Fin|VerbStem=G	12	acl	_	SpaceAfter=No
238	1	BE	be	SCONJ	SCONJ	_	4	mark	_	_
239	2	KI.TA{+tu₄	ki.ta{+tu₄	PROPN	GN	Case=Gen	4	dep	_	SpaceAfter=No
240	4	DU{+ik	du{+ik	VERB	V	Gender=Com|Mood=Ind|Number=Sing|Person=1|Tense=Past|Ventive=Yes|VerbForm=Fin|VerbStem=G	0	ROOT	_	SpaceAfter=No
241	6	u	u	CCONJ	CNJ	_	7	cc	_	_
242	7	KIŠIB-MEŠ	kišib-meš	NOUN	N	Gender=Masc|Number=Plur	5	conj	_	_
243	8	LA₂-MEŠ	la₂-meš	NOUN	N	Gender=Masc|Number=Plur	7	conj	_	_
244	9	ŠA₃.HUL	ša₃.hul	NOUN	N	Gender=Fem|NounBase=Bound|Number=Sing	7	conj	_	_
245	10	ŠA₃.HUL	ša₃.hul	NOUN	N	Gender=Fem|Number=Sing|PossSuffNum=Sing|PossSuffPer=1	11	obj	_	_
246	11	i-dir-ti	idirti	NOUN	V	Gender=Fem|NounBase=Bound|Number=Sing	4	conj	_	_
247	12	si-pit-ti	sipitti	NOUN	N	Case=Gen|Gender=Fem|NounBase=Free|Number=Sing	13	obj	_	_
248	13	GAL₂{+ši	gal₂{+ši	VERB	N	Gender=Com|Mood=Ind|Number=Sing|Person=1|Tense=Past|Ventive=Yes|VerbForm=Fin|VerbStem=G	4	conj	_	SpaceAfter=No
249	1	BE	be	SCONJ	SCONJ	_	4	mark	_	_
250	2	KI.TA{+tu₄	ki.ta{+tu₄	PROPN	GN	Case=Gen	4	dep	_	SpaceAfter=No
251	4	DU{+ik	du{+ik	VERB	V	Gender=Com|Mood=Ind|Number=Sing|Person=1|Tense=Past|Ventive=Yes|VerbForm=Fin|VerbStem=G	0	ROOT	_	SpaceAfter=No
252	6	u	u	CONJ	CNJ	_	7	cc	_	_
253	7	10	10	NUM	NUM	_	8	nummod	_	_
254	8	ŠA₃.NIGIN	ša₃.nigin	NOUN	N	Case=Acc|Gender=Masc|NounBase=Free|Number=Sing	4	conj	_	_
255	9	u	u	CCONJ	CNJ	_	10	cc	_	_
256	10	KIŠIB-MEŠ	kišib-meš	NOUN	N	Gender=Masc|Number=Plur	8	conj	_	_
257	11	LA₂-MEŠ	la₂-meš	NOUN	N	Gender=Masc|Number=Plur	8	conj	_	_
258	12	GIR₃	gir₃	NOUN	N	Case=Nom|Gender=Masc|Number=Sing	8	conj	_	_
259	13	ša₂	ša	PRON	DET	_	14	case	_	_
260	14	ṣe-pe₃-ru	ṣebēru	NOUN	NOUN	_	12	nmod	_	_
261	15	ŠUB{+e	šub{+e	NOUN	NOUN	Case=Nom|Gender=Masc|Number=Sing	14	nmod:poss	_	SpaceAfter=No
262	17	KI.HUL	ki.hul	NOUN	NOUN	Case=Gen|Gender=Fem|Number=Sing	16	nmod:poss	_	_
263	18	nu-šur-ru-u₂	nušurrû	ADJ	NOUN	Case=Nom|Gender=Fem|Number=Plur	17	amod	_	_
264	19	ina	ina	ADP	PRP	_	20	case	_	_
265	20	KISLAH₃	kislah₃	NOUN	N	Case=Gen|Gender=Masc|Number=Sing|PossSuffGen=Fem|PossSuffNum=Sing|PossSuffPer=3	_	_	_	_
266	21	GAR{+an	gar{+an	NOUN	N	Case=Gen|Gender=Fem|Number=Sing|PossSuffGen=Masc|PossSuffNum=Sing|PossSuffPer=3	20	amod	_	SpaceAfter=No
267	1	x	x	X	u	_	0	ROOT	_	_
268	2	2.30	šumēl	ADJ	ADJ	Case=Gen|Gender=Masc|Number=Sing	3	amod	_	_
269	3	MUR	mur	NOUN	N	Case=Nom|Gender=Masc|NounBase=Free|Number=Sing	11	obl	_	_
270	4	GIR₃	gir₃	NOUN	N	Gender=Fem|NounBase=Bound|Number=Sing	5	obj	_	_
271	5	GAR{+at₂	gar{+at₂	ADJ	AJ	Case=Gen|Gender=Fem|Number=Sing	3	nmod	_	SpaceAfter=No
272	7	GIR₃	gir₃	NOUN	NOUN	Gender=Fem|NounBase=Bound|Number=Sing	11	obl	_	_
273	8	KUR₂	kur₂	NOUN	N	Case=Gen|Gender=Masc|Number=Sing	7	nmod:poss	_	_
274	9	ŠA₃.HUL	ša₃.hul	NOUN	NOUN	Case=Acc|Gender=Masc|NounBase=Bound|Number=Sing	11	obj	_	_
275	10	ŠA₃.HUL	ša₃.hul	NOUN	NOUN	Gender=Fem|Number=Sing|PossSuffGen=Masc|PossSuffNum=Sing|PossSuffPer=3	9	nmod:poss	_	_
276	11	KUR₂	kur₂	VERB	V	Gender=Com|Mood=Ind|Number=Sing|Person=1|Tense=Past|VerbForm=Fin|VerbStem=G	_	_	_	_
277	12	ṣi-rim-ti	ṣirimti	NOUN	N	Case=Gen|Gender=Fem|NounBase=Free|Number=Sing	13	obj	_	_
278	13	TUK-ma	tuk-ma	ADJ	GN	Case=Gen|Gender=Masc|Number=Plur	_	_	_	_
279	1	x-ta-lil	x-ta-lil	X	u	_	0	ROOT	_	_
280	2	u	u	CCONJ	CNJ	_	3	cc	_	_
281	3	SAGŠU	sagšu	NOUN	N	Case=Gen|Gender=Masc|Number=Sing	1	conj	_	_
282	4	UGU	ugu	ADP	PRP	_	5	case	_	_
283	5	SA{+ti	sa{+ti	PROPN	SN	Case=Gen|Gender=Masc|Number=Sing	1	conj	_	SpaceAfter=No
284	7	U₅	u₅	NOUN	N	Case=Gen|Gender=Masc|NounBase=Free|Number=Sing	5	conj	_	_
285	8	BA₃{+ut	ba₃{+ut	VERB	u	Gender=Masc|NounBase=Bound|Number=Sing|VerbForm=Inf|VerbStem=G	5	conj	_	SpaceAfter=No
286	11	m}AN.ŠAR₂-DU₃-A	m}an.šar₂-du₃-a	PROPN	PN	Gender=Masc	10	conj	_	_
287	12	LUGAL	lugal	NOUN	N	Case=Nom|Gender=Masc|Number=Sing	_	_	_	_
288	13	dan-nu	dannu	ADJ	ADJ	Case=Nom|Gender=Masc|Number=Sing	12	amod	_	_
289	14	ša	ša	ADP	DET	_	12	appos	_	_
290	16	d}MAŠ	d}maš	PROPN	DN	Gender=Masc	12	nmod	_	_
291	17	u	u	CCONJ	CNJ	_	18	cc	_	_
292	19	d}15	d}15	PROPN	DN	Gender=Fem	12	appos	_	_
293	1	ana	ana	ADP	PRP	_	2	case	_	_
294	2	A₂	a₂	NOUN	N	Gender=Masc|NounBase=Bound|Number=Sing	5	obl	_	_
295	3	EREN₂-šu₂	eren₂-šu₂	NOUN	N	Case=Gen|Gender=Fem|Number=Sing|PossSuffGen=Masc|PossSuffNum=Sing|PossSuffPer=3	2	nmod:poss	_	_
296	4	DU-MEŠ{+ku}-ma	du-meš{+ku}-ma	VERB	V	Gender=Masc|Mood=Ind|Number=Sing|Person=3|Subordinative=Yes|Tense=Past|VerbForm=Fin|VerbStem=G	2	amod	_	_
297	5	ir-hi-ṣu	irhiṣū	VERB	VERB	Gender=Masc|Mood=Ind|Number=Sing|Person=3|Tense=Past|VerbForm=Fin|VerbStem=G	0	ROOT	_	_
298	6	DAGAL{+tu₄	dagal{+tu₄	SCONJ	SCONJ	_	_	_	_	SpaceAfter=No
299	9	kur}ELAM.MA{ki	kur}elam.ma{ki	PROPN	DN	Case=Gen|Gender=Masc|Number=Sing	7	nmod	_	SpaceAfter=No
300	1	x	x	X	u	_	6	obj	_	_
301	2	$	$	NOUN	V	Gender=Fem|NounBase=Bound|Number=Sing	6	obj	_	SpaceAfter=No
302	3	ZA	za	NOUN	N	Gender=Fem|Number=Plur|PossSuffNum=Sing|PossSuffPer=1	6	obj	_	_
303	4	qe₂-reb	qereb	NOUN	N	Case=Gen|Gender=Masc|NounBase=Bound|Number=Sing	3	appos	_	_
304	5	KUR-šu₂	kur-šu₂	NOUN	N	Case=Gen|Gender=Fem|Number=Sing|PossSuffGen=Masc|PossSuffNum=Sing|PossSuffPer=3	4	nmod:poss	_	_
305	6	KU₅{+su₂	ku₅{+su₂	NOUN	GN	Gender=Masc|Number=Plur|PossSuffNum=Sing|PossSuffPer=1	0	ROOT	_	SpaceAfter=No
306	8	SAG.DU-su	sag.du-su	NOUN	N	Gender=Fem|Number=Sing|PossSuffGen=Masc|PossSuffNum=Sing|PossSuffPer=3	7	conj	_	_
307	1	x.	x.	NOUN	X	Case=Gen|Gender=Masc|NounStem=Bound|Number=Plur	0	ROOT	_	SpaceAfter=No
308	2	AN-šu₂	an-šu₂	NOUN	NOUN	Gender=Masc|Number=Sing|PossSuffGen=Masc|PossSuffNum=Sing|PossSuffPer=3	1	conj	_	_
309	3	GAR{+in	gar{+in	VERB	NOUN	Gender=Masc|Mood=Imp|Number=Sing|Person=2|VerbForm=Fin|VerbStem=G	2	conj	_	SpaceAfter=No
310	5	BA₃{+ut	ba₃{+ut	NOUN	NOUN	Case=Gen|Gender=Masc|Number=Sing	4	conj	_	SpaceAfter=No
311	7	KI-{d}AMAR.UTU-TI.LA	ki-{d}amar.utu-ti.la	ADJ	PRON	Case=Gen|Gender=Masc|Number=Plur	4	conj	_	_
312	8	zi-ka-ru	zikaru	NOUN	NOUN	Case=Nom|Gender=Masc|Number=Sing	7	conj	_	_
313	9	dan-nu	dannu	ADJ	AJ	Case=Nom|Gender=Masc|Number=Sing	8	amod	_	_
314	1	x	x	X	X	_	0	ROOT	_	_
315	2	LUGAL	lugal	NOUN	NOUN	Case=Nom|Gender=Masc|Number=Sing	_	_	_	_
316	3	dan-nu	dannu	ADJ	ADJ	Case=Nom|Gender=Masc|Number=Sing	2	amod	_	_
317	4	ina	ina	ADP	PRP	_	5	case	_	_
318	5	KUR	kur	NOUN	N	Case=Gen|Gender=Fem|NounBase=Free|Number=Sing	2	nsubj	_	_
319	6	GAL₂{+ši	gal₂{+ši	VERB	V	Gender=Com|Mood=Ind|Number=Sing|Person=1|Tense=Past|Ventive=Yes|VerbForm=Fin|VerbStem=G	5	det	_	SpaceAfter=No
320	1	x	x	X	X	_	0	ROOT	_	_
321	2	x	x	X	X	_	_	_	_	_
322	3	GAR-ma	gar-ma	VERB	VERB	Gender=Com|Mood=Ind|Number=Plur|Person=1|Tense=Pres|VerbForm=Fin|VerbStem=D	4	dep	_	_
323	4	KI.TA	ki.ta	VERB	N	Gender=Com|Mood=Ind|Number=Sing|Person=1|Tense=Past|VerbForm=Fin|VerbStem=G	_	_	_	_
324	5	IGI	igi	ADP	PRP	_	6	case	_	_
325	6	BA₃{+ut	ba₃{+ut	NOUN	NOUN	Case=Gen|Gender=Masc|Number=Sing	4	nmod	_	SpaceAfter=No
326	9	m}AN.ŠAR₂-da-a-a-an-ina-KUR.KUR	m}an.šar₂-da-a-a-an-ina-kur.kur	PROPN	PN	Gender=Masc	_	_	_	_
327	10	x	x	X	u	_	_	_	_	_
328	1	x-li	x-li	X	X	_	4	nsubj	_	_
329	2	ina	ina	ADP	PRP	_	3	case	_	_
330	3	KUR-šu₂	kur-šu₂	NOUN	N	Case=Gen|Gender=Fem|Number=Sing|PossSuffGen=Masc|PossSuffNum=Sing|PossSuffPer=3	4	obl	_	_
331	4	it-tak-KUD	it-tak-kud	VERB	VERB	Gender=Masc|Mood=Prec|Number=Plur|Person=3|VerbForm=Fin|VerbStem=D	0	ROOT	_	_
332	5	a-a-bi	ayyābi	VERB	VERB	Gender=Com|Mood=Ind|Number=Sing|Person=1|Tense=Past|VerbForm=Fin|VerbStem=G	_	_	_	_
333	6	x	x	X	X	_	_	_	_	_
334	1	x-un-man-da	x-un-man-da	X	X	_	0	ROOT	_	_
335	2	DAGAL{+tu₄	dagal{+tu₄	SCONJ	ADP	_	_	_	_	SpaceAfter=No
336	4	i-x	i-x	ADP	SBJ	_	_	_	_	_
337	1	x	x	X	X	_	0	ROOT	_	_
338	2	ina	ina	ADP	PRP	_	3	case	_	_
339	3	U₄	u₄	NOUN	N	Gender=Masc|Number=Plur|PossSuffGen=Masc|PossSuffNum=Plur|PossSuffPer=3	_	_	_	_
340	4	SU₃	su₃	ADP	N	_	3	nmod	_	_
341	6	munus}PEŠ₄	munus}peš₄	PROPN	N	Gender=Masc	5	appos	_	_
342	7	ša₃	ša	PRON	N	_	5	dep	_	_
343	8	ŠA₃-ša₃	ša₃-ša₃	NOUN	N	Gender=Masc|Number=Plur	7	nmod:poss	_	_
344	9	ŠUB{+a	šub{+a	NOUN	N	Case=Gen|Gender=Masc|NounBase=Free|Number=Sing	7	conj	_	SpaceAfter=No
345	11	x	x	X	X	_	_	_	_	_
346	1	x	x	X	X	_	0	ROOT	_	_
347	2	ina	ina	ADP	PRP	_	3	case	_	_
348	3	IGI	igi	NOUN	N	Case=Gen|Gender=Masc|NounStem=Bound|Number=Sing	_	_	_	_
349	4	x	x	X	X	_	_	_	_	_
350	1	"	"	NOUN	N	Gender=Masc|NounBase=Bound|Number=Sing	2	nsubj	_	SpaceAfter=No	
351	2	"	"	NOUN	N	Case=Gen|Gender=Masc|Number=Sing|PossSuffNum=Sing|PossSuffPer=1	0	ROOT	_	_	
352	1	"	"	NOUN	N	Gender=Masc|NounBase=Bound|Number=Sing	2	nsubj	_	SpaceAfter=No	
353	2	"	"	NOUN	N	Case=Gen|Gender=Masc|Number=Sing|PossSuffNum=Sing|PossSuffPer=1	0	ROOT	_	_	
354	1	 	 	X	NUM	_	0	ROOT	_	SpaceAfter=No
