tlemma,slemma,rlemma,tidx,sidx,ridx,tword,sword,rword,pcom,sennum,tnum,Translation,Speaker,Addressee,Sender,Recipient,Document_type,Verb_metaphor_status,Verb_metonymy_status,PP_type,PP_metaphor_status,PP_metonymy_status,Bad_analysis,Notes
šapāru,muhhu,ina,https://github.com/megamattc/Akkadian-language-models/tree/main/ak_norm_model/assets/UD_Akkadian/train#s101_28,https://github.com/megamattc/Akkadian-language-models/tree/main/ak_norm_model/assets/UD_Akkadian/train#s101_24,https://github.com/megamattc/Akkadian-language-models/tree/main/ak_norm_model/assets/UD_Akkadian/train#s101_23,issapranni,muhhi,,http://oracc.org/saao/saa13/P334327,101,101,he sent me to the Inner City for the sacrifices.,,,,,,Literal,,EA,Basic,,,
kamsu,muhhu,ina,https://github.com/megamattc/Akkadian-language-models/tree/main/ak_norm_model/assets/UD_Akkadian/train#s102_143,https://github.com/megamattc/Akkadian-language-models/tree/main/ak_norm_model/assets/UD_Akkadian/train#s102_137,https://github.com/megamattc/Akkadian-language-models/tree/main/ak_norm_model/assets/UD_Akkadian/train#s102_136,kammūsu,muhhi,,http://oracc.org/saao/saa13/P334566,102,102,"Šep-Aššur-aṣbat, the goldsmith, a servant of the king attending to the (offering) pipes of Aššur and of the king",,,,,,,M,EA,Basic,,,Uncertain
alāku,libbu,ina,https://github.com/megamattc/Akkadian-language-models/tree/main/ak_norm_model/assets/UD_Akkadian/train#s111_72,https://github.com/megamattc/Akkadian-language-models/tree/main/ak_norm_model/assets/UD_Akkadian/train#s111_70,https://github.com/megamattc/Akkadian-language-models/tree/main/ak_norm_model/assets/UD_Akkadian/train#s111_69,illak,libbi,,http://oracc.org/saao/saa13/P334293,111,111,Adad-of-Plenty will go to the park.,,,,,,Literal,,EA,Basic,,,ina muhhi can be used to mean 'gathered at' as well as' sent to'?
epēšu,pānu,ina,https://github.com/megamattc/Akkadian-language-models/tree/main/ak_norm_model/assets/UD_Akkadian/train#s117_72,https://github.com/megamattc/Akkadian-language-models/tree/main/ak_norm_model/assets/UD_Akkadian/train#s117_69,https://github.com/megamattc/Akkadian-language-models/tree/main/ak_norm_model/assets/UD_Akkadian/train#s117_68,ētapaš,pān,,http://oracc.org/saao/saa13/P334061,117,117,[I performed] the sacrificial offerings before Nab[û and Tašmetu],,,,,,Literal,,AJ,Basic,,,
šaṭāru,muhhu,ina,https://github.com/megamattc/Akkadian-language-models/tree/main/ak_norm_model/assets/UD_Akkadian/train#s118_174,https://github.com/megamattc/Akkadian-language-models/tree/main/ak_norm_model/assets/UD_Akkadian/train#s118_173,https://github.com/megamattc/Akkadian-language-models/tree/main/ak_norm_model/assets/UD_Akkadian/train#s118_172,assaṭar,muhhi,,http://oracc.org/saao/saa13/P314330,118,118,I in[scribed the name of the mother of the king] on as many [statues of the mother of the king] as they had made.,,,,,,Literal,,EA,Basic,,,
alāku,muhhu,ina,https://github.com/megamattc/Akkadian-language-models/tree/main/ak_norm_model/assets/UD_Akkadian/train#s133_57,https://github.com/megamattc/Akkadian-language-models/tree/main/ak_norm_model/assets/UD_Akkadian/train#s133_56,https://github.com/megamattc/Akkadian-language-models/tree/main/ak_norm_model/assets/UD_Akkadian/train#s133_55,ussālik,muhhīya,,http://oracc.org/saao/saa13/P334287,133,133,and let my garments go back to me.,,,,,,Basic+,,EA,Basic+,,,
bakû,pānu,ina,https://github.com/megamattc/Akkadian-language-models/tree/main/ak_norm_model/assets/UD_Akkadian/train#s138_165,https://github.com/megamattc/Akkadian-language-models/tree/main/ak_norm_model/assets/UD_Akkadian/train#s138_164,https://github.com/megamattc/Akkadian-language-models/tree/main/ak_norm_model/assets/UD_Akkadian/train#s138_163,abtiki,pānīka,,http://oracc.org/saao/saa13/P334756,138,138,It is before you that I have wept.,,,,,,Literal,,AJ,Basic,,,
zabālu,muhhu,ina,https://github.com/megamattc/Akkadian-language-models/tree/main/ak_norm_model/assets/UD_Akkadian/train#s147_48,https://github.com/megamattc/Akkadian-language-models/tree/main/ak_norm_model/assets/UD_Akkadian/train#s147_43,https://github.com/megamattc/Akkadian-language-models/tree/main/ak_norm_model/assets/UD_Akkadian/train#s147_42,izzibil,muhhi,,http://oracc.org/saao/saa13/P334720,147,147,"Ilu-šezibanni the major domo transp[orted] all the [go]ld,",,,,,,Literal,,EA,Basic,,,
ašābu,muhhu,ina,https://github.com/megamattc/Akkadian-language-models/tree/main/ak_norm_model/assets/UD_Akkadian/train#s16_112,https://github.com/megamattc/Akkadian-language-models/tree/main/ak_norm_model/assets/UD_Akkadian/train#s16_110,https://github.com/megamattc/Akkadian-language-models/tree/main/ak_norm_model/assets/UD_Akkadian/train#s16_109,tuššab,muhhi,,http://oracc.org/saao/saa13/P314374,16,16,Ištar will proceed to the temple of Gula in the countryside and si[t] on a brick.,,,,,,Literal,,EA,Basic,,,
alāku,libbu,ina,https://github.com/megamattc/Akkadian-language-models/tree/main/ak_norm_model/assets/UD_Akkadian/train#s16_40,https://github.com/megamattc/Akkadian-language-models/tree/main/ak_norm_model/assets/UD_Akkadian/train#s16_37,https://github.com/megamattc/Akkadian-language-models/tree/main/ak_norm_model/assets/UD_Akkadian/train#s16_36,tallak,libbi,,http://oracc.org/saao/saa13/P314374,16,16,Ištar] will g[o] through the great gate,,,,,,Literal,,EA,Basic,,,
našû,qātu,ina,https://github.com/megamattc/Akkadian-language-models/tree/main/ak_norm_model/assets/UD_Akkadian/train#s32_44,https://github.com/megamattc/Akkadian-language-models/tree/main/ak_norm_model/assets/UD_Akkadian/train#s32_43,https://github.com/megamattc/Akkadian-language-models/tree/main/ak_norm_model/assets/UD_Akkadian/train#s32_42,liššû,qātēšunu,,http://oracc.org/saao/saa13/P334871,32,32,they should raise the ...[GIŠ...] in their hands.,,,,,,Literal,,EA,Literal,,,Uncertain if EA/AJ
bâšu,pānu,ina,https://github.com/megamattc/Akkadian-language-models/tree/main/ak_norm_model/assets/UD_Akkadian/train#s32_87,https://github.com/megamattc/Akkadian-language-models/tree/main/ak_norm_model/assets/UD_Akkadian/train#s32_85,https://github.com/megamattc/Akkadian-language-models/tree/main/ak_norm_model/assets/UD_Akkadian/train#s32_84,ubaʾʾašū,pān,,http://oracc.org/saao/saa13/P334871,32,32,"and they are filing complaints against me before the king (        
di-ib-bi-ia ina pa-an LUGAL ú-ba-ʾa-a-šú-ú)",,,,,,Literal,,AJ,Basic,,,
šaknu,pānu,ina,https://github.com/megamattc/Akkadian-language-models/tree/main/ak_norm_model/assets/UD_Akkadian/train#s34_28,https://github.com/megamattc/Akkadian-language-models/tree/main/ak_norm_model/assets/UD_Akkadian/train#s34_26,https://github.com/megamattc/Akkadian-language-models/tree/main/ak_norm_model/assets/UD_Akkadian/train#s34_25,šakinūni,pān,,http://oracc.org/saao/saa13/P334653,34,34,The regular sheep offering which was set before Nabû,,,,,,Literal,,EA,Basic,,,
epēšu,pānu,ina,https://github.com/megamattc/Akkadian-language-models/tree/main/ak_norm_model/assets/UD_Akkadian/train#s35_51,https://github.com/megamattc/Akkadian-language-models/tree/main/ak_norm_model/assets/UD_Akkadian/train#s35_49,https://github.com/megamattc/Akkadian-language-models/tree/main/ak_norm_model/assets/UD_Akkadian/train#s35_48,lēpušu,pān,,http://oracc.org/saao/saa13/P334419,35,35,They should perform them before Tašmetu.,,,,,,Literal,,AJ,Basic,,,
ramû,pānu,ina,https://github.com/megamattc/Akkadian-language-models/tree/main/ak_norm_model/assets/UD_Akkadian/train#s39_27,https://github.com/megamattc/Akkadian-language-models/tree/main/ak_norm_model/assets/UD_Akkadian/train#s39_25,https://github.com/megamattc/Akkadian-language-models/tree/main/ak_norm_model/assets/UD_Akkadian/train#s39_24,urtamme,pān,,http://oracc.org/saao/saa13/P334764,39,39,that which NN] brought he left before the gate.,,,,,,Literal,M,AJ,Basic,,,
mahāru,pānu,ina,https://github.com/megamattc/Akkadian-language-models/tree/main/ak_norm_model/assets/UD_Akkadian/train#s41_39,https://github.com/megamattc/Akkadian-language-models/tree/main/ak_norm_model/assets/UD_Akkadian/train#s41_38,https://github.com/megamattc/Akkadian-language-models/tree/main/ak_norm_model/assets/UD_Akkadian/train#s41_37,lihhura,pānikunu,,http://oracc.org/saao/saa13/P334130,41,41,he should then receive the shearings in your presence.,,,,,,Basic,,AJ,Basic,,,
izuzzu,muhhu,ina,https://github.com/megamattc/Akkadian-language-models/tree/main/ak_norm_model/assets/UD_Akkadian/train#s42_139,https://github.com/megamattc/Akkadian-language-models/tree/main/ak_norm_model/assets/UD_Akkadian/train#s42_135,https://github.com/megamattc/Akkadian-language-models/tree/main/ak_norm_model/assets/UD_Akkadian/train#s42_134,ussazziz,muhhi,,http://oracc.org/saao/saa13/P334641,42,42,the king's father set up golden bottles of ...-liter capacity (with) royal images on them,,,,,,,,,,,x,
paqādu,libbu,ina,https://github.com/megamattc/Akkadian-language-models/tree/main/ak_norm_model/assets/UD_Akkadian/train#s42_125,https://github.com/megamattc/Akkadian-language-models/tree/main/ak_norm_model/assets/UD_Akkadian/train#s42_123,https://github.com/megamattc/Akkadian-language-models/tree/main/ak_norm_model/assets/UD_Akkadian/train#s42_122,uptaqqid,libbi,,http://oracc.org/saao/saa13/P334641,42,42,He has appointed officials of his own choosing in the temple.,,,,,,Literal,,AJ,Basic,,,uncertain
malû,pānu,ina,https://github.com/megamattc/Akkadian-language-models/tree/main/ak_norm_model/assets/UD_Akkadian/train#s42_149,https://github.com/megamattc/Akkadian-language-models/tree/main/ak_norm_model/assets/UD_Akkadian/train#s42_146,https://github.com/megamattc/Akkadian-language-models/tree/main/ak_norm_model/assets/UD_Akkadian/train#s42_145,umallû,pān,,http://oracc.org/saao/saa13/P334641,42,42,They would fill with wine the one in front of Bel and the one in front of Nabû.,,,,,,,,,,,x,
paṭāru,libbu,ina,https://github.com/megamattc/Akkadian-language-models/tree/main/ak_norm_model/assets/UD_Akkadian/train#s42_233,https://github.com/megamattc/Akkadian-language-models/tree/main/ak_norm_model/assets/UD_Akkadian/train#s42_228,https://github.com/megamattc/Akkadian-language-models/tree/main/ak_norm_model/assets/UD_Akkadian/train#s42_227,ippaṭṭāra,libbi,,http://oracc.org/saao/saa13/P334641,42,42,(There) twice a year the loins of Marduk are ungirded.,,,,,,Literal,,AJ,Basic,,,
petû,pānu,ina,https://github.com/megamattc/Akkadian-language-models/tree/main/ak_norm_model/assets/UD_Akkadian/train#s42_217,https://github.com/megamattc/Akkadian-language-models/tree/main/ak_norm_model/assets/UD_Akkadian/train#s42_215,https://github.com/megamattc/Akkadian-language-models/tree/main/ak_norm_model/assets/UD_Akkadian/train#s42_214,ipatte,pānīšu,,http://oracc.org/saao/saa13/P334641,42,42,he is the one to open and seal them/ina IGI-⸢šú*⸣ šu-ú ⸢i⸣-pat-te i-⸢kan*⸣-nak,,,,,,Literal,,AJ,Basic,,,
izuzzu,muhhu,ina,https://github.com/megamattc/Akkadian-language-models/tree/main/ak_norm_model/assets/UD_Akkadian/train#s42_99,https://github.com/megamattc/Akkadian-language-models/tree/main/ak_norm_model/assets/UD_Akkadian/train#s42_98,https://github.com/megamattc/Akkadian-language-models/tree/main/ak_norm_model/assets/UD_Akkadian/train#s42_97,izzazūni,muhhi,,http://oracc.org/saao/saa13/P334641,42,42,the dragons upon which Nabû stands,,,,,,Literal,,EA,Basic,,,
nehelṣû,libbu,ina,https://github.com/megamattc/Akkadian-language-models/tree/main/ak_norm_model/assets/UD_Akkadian/train#s48_12,https://github.com/megamattc/Akkadian-language-models/tree/main/ak_norm_model/assets/UD_Akkadian/train#s48_11,https://github.com/megamattc/Akkadian-language-models/tree/main/ak_norm_model/assets/UD_Akkadian/train#s48_10,ittahalṣi,libbišunu,,http://oracc.org/saao/saa13/P334796,48,48,one of them slipped/01-en ina ŠÀ-bi-šú-nu,,,,,,,,,,,x,
hiāṭu,libbu,ina,https://github.com/megamattc/Akkadian-language-models/tree/main/ak_norm_model/assets/UD_Akkadian/train#s58_61,https://github.com/megamattc/Akkadian-language-models/tree/main/ak_norm_model/assets/UD_Akkadian/train#s58_60,https://github.com/megamattc/Akkadian-language-models/tree/main/ak_norm_model/assets/UD_Akkadian/train#s58_59,lihīṭi,libbi,,http://oracc.org/saao/saa13/P334362,58,58,and we[igh out] the gold [for the statue] with it.,,,,,,Literal,M,AJ,Basic+,,,
ṣabātu,pānu,ina,https://github.com/megamattc/Akkadian-language-models/tree/main/ak_norm_model/assets/UD_Akkadian/train#s59_76,https://github.com/megamattc/Akkadian-language-models/tree/main/ak_norm_model/assets/UD_Akkadian/train#s59_74,https://github.com/megamattc/Akkadian-language-models/tree/main/ak_norm_model/assets/UD_Akkadian/train#s59_73,uṣṣabbit,pānīya,,http://oracc.org/saao/saa13/P334096,59,59,"(But) Nabû-ahhe-šallim captured temple thieves before me/        
ina pa-ni-ia mdPA—PAB-MEŠ—DI ú-ṣab-bit",,,,,,Literal,,AJ,Basic,,,
sahāru,muhhu,ina,https://github.com/megamattc/Akkadian-language-models/tree/main/ak_norm_model/assets/UD_Akkadian/train#s5_75,https://github.com/megamattc/Akkadian-language-models/tree/main/ak_norm_model/assets/UD_Akkadian/train#s5_73,https://github.com/megamattc/Akkadian-language-models/tree/main/ak_norm_model/assets/UD_Akkadian/train#s5_72,ishurūni,muhhi,,http://oracc.org/saao/saa13/P334870,5,5,and the cupbearer returned from Calah for the rations,,,,,,Literal,,AJ,Basic,,,ina muhhi can mean 'for purpose of'
alāku,libbu,ina,https://github.com/megamattc/Akkadian-language-models/tree/main/ak_norm_model/assets/UD_Akkadian/train#s82_42,https://github.com/megamattc/Akkadian-language-models/tree/main/ak_norm_model/assets/UD_Akkadian/train#s82_40,https://github.com/megamattc/Akkadian-language-models/tree/main/ak_norm_model/assets/UD_Akkadian/train#s82_39,illak,libbi,,http://oracc.org/saao/saa13/P334244,82,82,"What is going into the ritual?"" /  mi-i-nu ina ŠÀ dul-li il-lak",,,,,,Basic+,,EA,Basic+,,,
amāru,muhhu,ina,https://github.com/megamattc/Akkadian-language-models/tree/main/ak_norm_model/assets/UD_Akkadian/train#s84_34,https://github.com/megamattc/Akkadian-language-models/tree/main/ak_norm_model/assets/UD_Akkadian/train#s84_29,https://github.com/megamattc/Akkadian-language-models/tree/main/ak_norm_model/assets/UD_Akkadian/train#s84_28,ittammar,muhhi,,http://oracc.org/saao/saa13/P334243,84,84,a katarru-fungus on the walls of the central storehouse (has appeared),,,,,,Literal,,EA,Basic,,,
elû,muhhu,ina,https://github.com/megamattc/Akkadian-language-models/tree/main/ak_norm_model/assets/UD_Akkadian/train#s89_18,https://github.com/megamattc/Akkadian-language-models/tree/main/ak_norm_model/assets/UD_Akkadian/train#s89_16,https://github.com/megamattc/Akkadian-language-models/tree/main/ak_norm_model/assets/UD_Akkadian/train#s89_15,tēlûni,muhhi,,http://oracc.org/saao/saa13/P334738,89,89,The day when Ištar went up (in procession) on the w[all],,,,,,Literal,,EA,Basic,,,
alāku,libbu,ištu,https://github.com/megamattc/Akkadian-language-models/tree/main/ak_norm_model/assets/UD_Akkadian/train#s143_61,https://github.com/megamattc/Akkadian-language-models/tree/main/ak_norm_model/assets/UD_Akkadian/train#s143_56,https://github.com/megamattc/Akkadian-language-models/tree/main/ak_norm_model/assets/UD_Akkadian/train#s143_55,illaka,libbi,,http://oracc.org/saao/saa13/P334016,143,143,From the threshing floor of the palace he will come to the garden.,,,,,,Literal,,EA,Basic,,,ištu libbi = from within
nasāhu,libbu,ištu,https://github.com/megamattc/Akkadian-language-models/tree/main/ak_norm_model/assets/UD_Akkadian/train#s75_131,https://github.com/megamattc/Akkadian-language-models/tree/main/ak_norm_model/assets/UD_Akkadian/train#s75_129,https://github.com/megamattc/Akkadian-language-models/tree/main/ak_norm_model/assets/UD_Akkadian/train#s75_128,uttassihu,libbi,,http://oracc.org/saao/saa13/P334340,75,75,they removed 8 silver bands from the walls.,,,,,,Literal,,EA,Basic,,,
šapāru,pānu,ana,https://github.com/megamattc/Akkadian-language-models/tree/main/ak_norm_model/assets/UD_Akkadian/train#s127_155,https://github.com/megamattc/Akkadian-language-models/tree/main/ak_norm_model/assets/UD_Akkadian/train#s127_153,https://github.com/megamattc/Akkadian-language-models/tree/main/ak_norm_model/assets/UD_Akkadian/train#s127_152,altapraššunūti,pān,,http://oracc.org/saao/saa13/P336737,127,127,I sent them to the king/a-na pa-an LUGAL al-tap-raš-šú-nu-ti,,,,,,Literal,,EA,Basic,,,ana pan = to before the king
hiāṭu,libbu,ina,https://github.com/megamattc/Akkadian-language-models/tree/main/ak_norm_model/assets/UD_Akkadian/train#s58_41,https://github.com/megamattc/Akkadian-language-models/tree/main/ak_norm_model/assets/UD_Akkadian/train#s58_40,https://github.com/megamattc/Akkadian-language-models/tree/main/ak_norm_model/assets/UD_Akkadian/train#s58_39,ihīṭūni,libbi,,http://oracc.org/saao/saa13/P334362,58,58,"The ... with which they weigh(ed)(i-ḫi-ṭu-u-ni) the gold are in the treasury, a sealed building.",,,,,,Literal,M,AJ,Basic+,,,ina libbi = by means of
hiāṭu,libbu,ina,https://github.com/megamattc/Akkadian-language-models/tree/main/ak_norm_model/assets/UD_Akkadian/train#s79_35,https://github.com/megamattc/Akkadian-language-models/tree/main/ak_norm_model/assets/UD_Akkadian/train#s79_26,https://github.com/megamattc/Akkadian-language-models/tree/main/ak_norm_model/assets/UD_Akkadian/train#s79_25,nihtīaṭ,libbi,,http://oracc.org/saao/saa13/P334669,79,79,we have now weighed out the gold and silver which are the property of Sin (ina libbi NIG2.GA),,,,,,,,,,,x,
qerēbu,pānu,ina,https://github.com/megamattc/Akkadian-language-models/tree/main/ak_norm_model/assets/UD_Akkadian/train#s41_35,https://github.com/megamattc/Akkadian-language-models/tree/main/ak_norm_model/assets/UD_Akkadian/train#s41_34,https://github.com/megamattc/Akkadian-language-models/tree/main/ak_norm_model/assets/UD_Akkadian/train#s41_33,luqarribu,pānikunu,,http://oracc.org/saao/saa13/P334130,41,41,They should make the delivery to you,,,,,,Literal,,EA,Basic,,,
qatû,pānu,ina,https://github.com/megamattc/Akkadian-language-models/tree/main/ak_norm_model/assets/UD_Akkadian/train#s127_39,https://github.com/megamattc/Akkadian-language-models/tree/main/ak_norm_model/assets/UD_Akkadian/train#s127_38,https://github.com/megamattc/Akkadian-language-models/tree/main/ak_norm_model/assets/UD_Akkadian/train#s127_37,uqattû,pānīya,,http://oracc.org/saao/saa13/P336737,127,127,As soon as he has finished with me here/a-di ina pa-ni-ía ú-qat-tu-ú?,,,,,,Literal,,AJ,Basic,,,
bakû,pānu,ina,https://github.com/megamattc/Akkadian-language-models/tree/main/ak_norm_model/assets/UD_Akkadian/train#s138_151,https://github.com/megamattc/Akkadian-language-models/tree/main/ak_norm_model/assets/UD_Akkadian/train#s138_148,https://github.com/megamattc/Akkadian-language-models/tree/main/ak_norm_model/assets/UD_Akkadian/train#s138_147,labki,pān,,http://oracc.org/saao/saa13/P334756,138,138,"I may weep before all the lands,",,,,,,Literal,,AJ,Basic+,,,Literary tone
wadû,libbu,ina,https://github.com/megamattc/Akkadian-language-models/tree/main/ak_norm_model/assets/UD_Akkadian/train#s33_49,https://github.com/megamattc/Akkadian-language-models/tree/main/ak_norm_model/assets/UD_Akkadian/train#s33_47,https://github.com/megamattc/Akkadian-language-models/tree/main/ak_norm_model/assets/UD_Akkadian/train#s33_46,ūdašû,libbi,,http://oracc.org/saao/saa13/P334654,33,33,"How do I know it?/        
⸢ina* ŠÀ*⸣ mì-nim? ú-⸢da⸣-šú-u",,,,,,Literal,,AJ,Basic+,,,
ašābu,muhhu,ina,https://github.com/megamattc/Akkadian-language-models/tree/main/ak_norm_model/assets/UD_Akkadian/train#s42_87,https://github.com/megamattc/Akkadian-language-models/tree/main/ak_norm_model/assets/UD_Akkadian/train#s42_86,https://github.com/megamattc/Akkadian-language-models/tree/main/ak_norm_model/assets/UD_Akkadian/train#s42_85,ussēšib,muhhi,,http://oracc.org/saao/saa13/P334641,42,42,"As for the golden table of [Mar]duk, which Sargon had made, he assigned a goldsmith to it/        
LÚ.SIMUG.KUG.GI ina UGU-ḫi us-se*-ši-ib",,,,,,Basic+,,EA,Basic+,,,Why use wašābu for assignment instead of paqādu?
tadānu,libbu,ina,https://github.com/megamattc/Akkadian-language-models/tree/main/ak_norm_model/assets/UD_Akkadian/train#s63_60,https://github.com/megamattc/Akkadian-language-models/tree/main/ak_norm_model/assets/UD_Akkadian/train#s63_58,https://github.com/megamattc/Akkadian-language-models/tree/main/ak_norm_model/assets/UD_Akkadian/train#s63_57,addan,libbi,,http://oracc.org/saao/saa13/P334515,63,63,therefore I [cannot] give them./ ina ŠÀ-bi [la] a-danan,,,,,,Literal,,AJ,Basic+,,,ina libbi = for that reason
alāku,pānu,ina,https://github.com/megamattc/Akkadian-language-models/tree/main/ak_norm_model/assets/UD_Akkadian/train#s67_33,https://github.com/megamattc/Akkadian-language-models/tree/main/ak_norm_model/assets/UD_Akkadian/train#s67_29,https://github.com/megamattc/Akkadian-language-models/tree/main/ak_norm_model/assets/UD_Akkadian/train#s67_28,tallikanni,pān,,http://oracc.org/saao/saa13/P334364,67,67,"When the sealed order of the king, my lord, came before the servants of Ištar/        
UD-mu ša un-qu  
ša LUGAL EN-ia     
ina IGI LÚv.ARAD-MEŠ-ni    
ša d15 ta-lik-an-ni",,,,,,Literal,,EA,Basic,,,ina pan = come before
târu,pānu,ina,https://github.com/megamattc/Akkadian-language-models/tree/main/ak_norm_model/assets/UD_Akkadian/train#s75_63,https://github.com/megamattc/Akkadian-language-models/tree/main/ak_norm_model/assets/UD_Akkadian/train#s75_58,https://github.com/megamattc/Akkadian-language-models/tree/main/ak_norm_model/assets/UD_Akkadian/train#s75_57,uttīr,pān,,http://oracc.org/saao/saa13/P334340,75,75,"I turned in a report to the father of the king, my lord./        
ṭè-e-mu ina IGI AD-šú  
ša LUGAL EN-ia ú-tir",,,,,,Literal,,EA,Basic,,,
kašādu,libbu,ina,https://github.com/megamattc/Akkadian-language-models/tree/main/ak_norm_model/assets/UD_Akkadian/train#s99_70,https://github.com/megamattc/Akkadian-language-models/tree/main/ak_norm_model/assets/UD_Akkadian/train#s99_69,https://github.com/megamattc/Akkadian-language-models/tree/main/ak_norm_model/assets/UD_Akkadian/train#s99_68,akaššad,libbi,,http://oracc.org/saao/saa13/P334095,99,99,"[L]et the [t]hrone go! I shall overcome my king's enemies with it.""/LÚ.KÚR-MEŠ    
ša LUGAL-ia ina ŠÀ-bi a-ka-šad",,,,,,Literal,M,AJ,Basic+,,,
šemû,pānu,ištu,https://github.com/megamattc/Akkadian-language-models/tree/main/ak_norm_model/assets/UD_Akkadian/train#s149_46,https://github.com/megamattc/Akkadian-language-models/tree/main/ak_norm_model/assets/UD_Akkadian/train#s149_43,https://github.com/megamattc/Akkadian-language-models/tree/main/ak_norm_model/assets/UD_Akkadian/train#s149_42,lišme,pāni,,http://oracc.org/saao/saa13/P334121,149,149,"let the king hear [everything] about it/        
TAv pa-ni LUGAL [gab-bu?] liš!-me ",,,,,,,,,,,,unclear
izuzzu,pānu,ina,https://github.com/megamattc/Akkadian-language-models/tree/main/ak_norm_model/assets/UD_Akkadian/train#s42_172,https://github.com/megamattc/Akkadian-language-models/tree/main/ak_norm_model/assets/UD_Akkadian/train#s42_169,https://github.com/megamattc/Akkadian-language-models/tree/main/ak_norm_model/assets/UD_Akkadian/train#s42_168,izzizūni,pān,,http://oracc.org/saao/saa13/P334641,42,42,when my father supervised the house of eunuchs,,,,,,Basic+,M,EA,Basic+,,,
maqātu,libbu,ina,https://github.com/megamattc/Akkadian-language-models/tree/main/ak_norm_model/assets/UD_Akkadian/train#s128_50,https://github.com/megamattc/Akkadian-language-models/tree/main/ak_norm_model/assets/UD_Akkadian/train#s128_46,https://github.com/megamattc/Akkadian-language-models/tree/main/ak_norm_model/assets/UD_Akkadian/train#s128_45,imaqqut,libbi,,http://oracc.org/saao/saa13/P334766,128,128,"How will the king, my lord, fall under the gaze ('within the eyes') of Ištar?/ ina ŠÀ IGI.2 ša dINNIN i-ma-qut ",,,,,,Basic+,,EA,Basic+,,,Note the opposite expression: 'his gaze/eyes fell upon him'. Literary?
petû,muhhu,ina,https://github.com/megamattc/Akkadian-language-models/tree/main/ak_norm_model/assets/UD_Akkadian/train#s133_50,https://github.com/megamattc/Akkadian-language-models/tree/main/ak_norm_model/assets/UD_Akkadian/train#s133_46,https://github.com/megamattc/Akkadian-language-models/tree/main/ak_norm_model/assets/UD_Akkadian/train#s133_45,aptûni,muhhi,,http://oracc.org/saao/saa13/P334287,133,133,"When I opened negotiations with them/ina UGU ša pi-i 
is-si-šú-nu ap-tu-u-ni",,,,,,,,,,,x,
maqātu,muhhu,ina,https://github.com/megamattc/Akkadian-language-models/tree/main/ak_norm_model/assets/UD_Akkadian/train#s133_63,https://github.com/megamattc/Akkadian-language-models/tree/main/ak_norm_model/assets/UD_Akkadian/train#s133_61,https://github.com/megamattc/Akkadian-language-models/tree/main/ak_norm_model/assets/UD_Akkadian/train#s133_60,amaqqut,muhhišunu,,http://oracc.org/saao/saa13/P334287,133,133,I am not strong enough to fall upon them,,,,,,Basic+,,EA,Basic+,,,
dagālu,pānu,ina,https://github.com/megamattc/Akkadian-language-models/tree/main/ak_norm_model/assets/UD_Akkadian/train#s135_116,https://github.com/megamattc/Akkadian-language-models/tree/main/ak_norm_model/assets/UD_Akkadian/train#s135_114,https://github.com/megamattc/Akkadian-language-models/tree/main/ak_norm_model/assets/UD_Akkadian/train#s135_113,nidaggal,pān,,http://oracc.org/saao/saa13/P334067,135,135,We are awaiting the rites(?).,,,,,,Basic+,,EA,Basic+,,,
ašāru,qātu,ina,https://github.com/megamattc/Akkadian-language-models/tree/main/ak_norm_model/assets/UD_Akkadian/train#s32_142,https://github.com/megamattc/Akkadian-language-models/tree/main/ak_norm_model/assets/UD_Akkadian/train#s32_140,https://github.com/megamattc/Akkadian-language-models/tree/main/ak_norm_model/assets/UD_Akkadian/train#s32_139,umaššaranni,qātēšunu,,http://oracc.org/saao/saa13/P334871,32,32,The king must not deliver ('release') me into their hands,,,,,,Basic+,,EA,Basic+,,,
laššu,pānu,ina,https://github.com/megamattc/Akkadian-language-models/tree/main/ak_norm_model/assets/UD_Akkadian/train#s55_139,https://github.com/megamattc/Akkadian-language-models/tree/main/ak_norm_model/assets/UD_Akkadian/train#s55_138,https://github.com/megamattc/Akkadian-language-models/tree/main/ak_norm_model/assets/UD_Akkadian/train#s55_137,lāšu,pānīšu,,http://oracc.org/saao/saa13/P334784,55,55,"But he has no work allotment yet at his disposal/        
ÉŠ.QAR me-me-ni ina pa-ni-šú la-a-šú ",,,,,,Basic+,,EA,Basic+,,,
mahāru,muhhu,ina,https://github.com/megamattc/Akkadian-language-models/tree/main/ak_norm_model/assets/UD_Akkadian/train#s5_68,https://github.com/megamattc/Akkadian-language-models/tree/main/ak_norm_model/assets/UD_Akkadian/train#s5_66,https://github.com/megamattc/Akkadian-language-models/tree/main/ak_norm_model/assets/UD_Akkadian/train#s5_65,ihharūni,muhhi,,http://oracc.org/saao/saa13/P334870,5,5,"when the deportees petitioned for barley rations/        
ù LÚv*.šag-lu-te ina UGU ŠE.PAD-MEŠ         
iḫ-ḫa-ru-u-ni",,,,,,Literal,,AJ,Basic+,M,,
ṣabātu,qātu,ina,https://github.com/megamattc/Akkadian-language-models/tree/main/ak_norm_model/assets/UD_Akkadian/train#s98_45,https://github.com/megamattc/Akkadian-language-models/tree/main/ak_norm_model/assets/UD_Akkadian/train#s98_44,https://github.com/megamattc/Akkadian-language-models/tree/main/ak_norm_model/assets/UD_Akkadian/train#s98_43,iṣṣabat,qātīšu,,http://oracc.org/saao/saa13/P334880,98,98,"Nabû-nadin-apli, the temple guard, caught him red-handed (or 'caught him with his own hands'?) (ina ŠU.2-šú iṣ-ṣa-bat)",,,,,,Literal,,AJ,Literal,,,Is the oracc reading more likely?
elû,qātu,ištu,https://github.com/megamattc/Akkadian-language-models/tree/main/ak_norm_model/assets/UD_Akkadian/train#s125_67,https://github.com/megamattc/Akkadian-language-models/tree/main/ak_norm_model/assets/UD_Akkadian/train#s125_64,https://github.com/megamattc/Akkadian-language-models/tree/main/ak_norm_model/assets/UD_Akkadian/train#s125_63,ussēlûni,qātē,,http://oracc.org/saao/saa13/P334603,125,125,"They have made me slip from the grasp of the king, my lord/⸢TAv⸣ ŠU.2 LUGAL EN-ia [ú]-⸢se⸣-lu-ú-ni",,,,,,Basic+,,EA,Basic+,,,Literary? Does this expression occur only with the king?
nakāru,muhhu,ištu,https://github.com/megamattc/Akkadian-language-models/tree/main/ak_norm_model/assets/UD_Akkadian/train#s142_36,https://github.com/megamattc/Akkadian-language-models/tree/main/ak_norm_model/assets/UD_Akkadian/train#s142_34,https://github.com/megamattc/Akkadian-language-models/tree/main/ak_norm_model/assets/UD_Akkadian/train#s142_33,ninakkāra,muhhi,,http://oracc.org/saao/saa13/P334732,142,142,"and [rem]ove Ištar from the lion/        
d15 ⸢TAv⸣ UGU UR.MAḪ [ni-na]-⸢ka⸣-ra",,,,,,Basic,,EA,Basic,,,Unsure of derivationo f verb's meaning
elû,qātu,ištu,https://github.com/megamattc/Akkadian-language-models/tree/main/ak_norm_model/assets/UD_Akkadian/train#s3_175,https://github.com/megamattc/Akkadian-language-models/tree/main/ak_norm_model/assets/UD_Akkadian/train#s3_171,https://github.com/megamattc/Akkadian-language-models/tree/main/ak_norm_model/assets/UD_Akkadian/train#s3_170,elli,qātē,,http://oracc.org/saao/saa13/P334746,3,3,Now let me not be lost to my lord.,,,,,,Basic+,,EA,Basic+,,,
maqātu,pû,ina,https://github.com/megamattc/Akkadian-language-models/tree/main/ak_norm_model/assets/UD_Akkadian/train#s1_60,https://github.com/megamattc/Akkadian-language-models/tree/main/ak_norm_model/assets/UD_Akkadian/train#s1_57,https://github.com/megamattc/Akkadian-language-models/tree/main/ak_norm_model/assets/UD_Akkadian/train#s1_56,linquta,pî,,http://oracc.org/saao/saa13/P334147,1,1,"Let the word come forth from the king/        
ina pi-i ša LUGAL li-in-qu-ta",,,,,,Basic+,,EA,Basic+,,,Note: it is not 'come from' but 'fall from mouth'. What is the importance of saying 'fall' instead of 'come out'?
aṣû,pû,ištu,https://github.com/megamattc/Akkadian-language-models/tree/main/ak_norm_model/assets/UD_Akkadian/train#s122_24,https://github.com/megamattc/Akkadian-language-models/tree/main/ak_norm_model/assets/UD_Akkadian/train#s122_20,https://github.com/megamattc/Akkadian-language-models/tree/main/ak_norm_model/assets/UD_Akkadian/train#s122_19,ittūṣi,pî,,http://oracc.org/saao/saa13/P334593,122,122,"The order came straight from the king, my lord's mouth",,,,,,Basic+,,EA,Basic+,,,Note here it is 'come out from'
maqātu,muhhu,ina,https://github.com/megamattc/Akkadian-language-models/tree/main/ak_norm_model/assets/UD_Akkadian/train#s80_71,https://github.com/megamattc/Akkadian-language-models/tree/main/ak_norm_model/assets/UD_Akkadian/train#s80_69,https://github.com/megamattc/Akkadian-language-models/tree/main/ak_norm_model/assets/UD_Akkadian/train#s80_68,intuqūtu,muhhi,,http://oracc.org/saao/saa13/P334423,80,80,"I damaged the rim of the table and the front side of the image. The house truly fell to the ground!""         
É* ke-e-tú ina UGU kaq-qi-ri ⸢in⸣-<$qu$>-tú-qu-tu",,,,,,,,,,,,Uncertain if this is literally saying the 'house' (an object on the table?) fell on the ground or if it is a literary metaphor
alāku,šulmu,ana,https://github.com/megamattc/Akkadian-language-models/tree/main/ak_norm_model/assets/UD_Akkadian/train#s72_22,https://github.com/megamattc/Akkadian-language-models/tree/main/ak_norm_model/assets/UD_Akkadian/train#s72_18,https://github.com/megamattc/Akkadian-language-models/tree/main/ak_norm_model/assets/UD_Akkadian/train#s72_17,attalka,šulmu,,http://oracc.org/saao/saa13/P334376,72,72,"I came to greet the king, my lord./        
a-na DI-mu ša LUGAL be-lí-ia a-tal-ka",,,,,,Literal,,AJ,Basic,M,,"Is the fact that it is 'ana šulmi' reflect an older grammar, i.e. instead of 'ina muhhi šulmi'?"
paqādu,muhhu,ina,https://github.com/megamattc/Akkadian-language-models/tree/main/ak_norm_model/assets/UD_Akkadian/train#s101_48,https://github.com/megamattc/Akkadian-language-models/tree/main/ak_norm_model/assets/UD_Akkadian/train#s101_38,https://github.com/megamattc/Akkadian-language-models/tree/main/ak_norm_model/assets/UD_Akkadian/train#s101_37,aptiqīdi,muhhīni,,http://oracc.org/saao/saa13/P334327,101,101,I have appointed here two servants of the king who are acceptable to me.,,,,,,,,,,,x,
etēqu,pānu,ina,https://github.com/megamattc/Akkadian-language-models/tree/main/ak_norm_model/assets/UD_Akkadian/train#s107_27,https://github.com/megamattc/Akkadian-language-models/tree/main/ak_norm_model/assets/UD_Akkadian/train#s107_26,https://github.com/megamattc/Akkadian-language-models/tree/main/ak_norm_model/assets/UD_Akkadian/train#s107_25,ušettāqa,pānīya,,http://oracc.org/saao/saa13/P334427,107,107,"NN, the [...] of the governor of [...] (normally) brings it and makes it pass before [me], and they (then) seal it and bring it to the Inner City.",,,,,,Literal,,AJ,Basic,,,
etēqu,pānu,ina,https://github.com/megamattc/Akkadian-language-models/tree/main/ak_norm_model/assets/UD_Akkadian/train#s107_59,https://github.com/megamattc/Akkadian-language-models/tree/main/ak_norm_model/assets/UD_Akkadian/train#s107_55,https://github.com/megamattc/Akkadian-language-models/tree/main/ak_norm_model/assets/UD_Akkadian/train#s107_54,ušētiqu,pān,,http://oracc.org/saao/saa13/P334427,107,107,,,,,,,,,,,,x,
šapāru,libbu,ina,https://github.com/megamattc/Akkadian-language-models/tree/main/ak_norm_model/assets/UD_Akkadian/train#s110_137,https://github.com/megamattc/Akkadian-language-models/tree/main/ak_norm_model/assets/UD_Akkadian/train#s110_131,https://github.com/megamattc/Akkadian-language-models/tree/main/ak_norm_model/assets/UD_Akkadian/train#s110_130,ašpurūni,libbi,,http://oracc.org/saao/saa13/P334678,110,110,,,,,,,,,,,,,
epēšu,pānu,ina,https://github.com/megamattc/Akkadian-language-models/tree/main/ak_norm_model/assets/UD_Akkadian/train#s117_116,https://github.com/megamattc/Akkadian-language-models/tree/main/ak_norm_model/assets/UD_Akkadian/train#s117_110,https://github.com/megamattc/Akkadian-language-models/tree/main/ak_norm_model/assets/UD_Akkadian/train#s117_109,eppaš,pān,,http://oracc.org/saao/saa13/P334061,117,117,,,,,,,,,,,,x,
šaṭāru,libbu,ina,https://github.com/megamattc/Akkadian-language-models/tree/main/ak_norm_model/assets/UD_Akkadian/train#s118_184,https://github.com/megamattc/Akkadian-language-models/tree/main/ak_norm_model/assets/UD_Akkadian/train#s118_183,https://github.com/megamattc/Akkadian-language-models/tree/main/ak_norm_model/assets/UD_Akkadian/train#s118_182,assaṭar,libbi,,http://oracc.org/saao/saa13/P314330,118,118,,,,,,,,,,,,,
alāku,libbu,ina,https://github.com/megamattc/Akkadian-language-models/tree/main/ak_norm_model/assets/UD_Akkadian/train#s118_99,https://github.com/megamattc/Akkadian-language-models/tree/main/ak_norm_model/assets/UD_Akkadian/train#s118_97,https://github.com/megamattc/Akkadian-language-models/tree/main/ak_norm_model/assets/UD_Akkadian/train#s118_96,ittalka,libbi,,http://oracc.org/saao/saa13/P314330,118,118,,,,,,,,,,,,,
epēšu,pānu,ina,https://github.com/megamattc/Akkadian-language-models/tree/main/ak_norm_model/assets/UD_Akkadian/train#s119_55,https://github.com/megamattc/Akkadian-language-models/tree/main/ak_norm_model/assets/UD_Akkadian/train#s119_52,https://github.com/megamattc/Akkadian-language-models/tree/main/ak_norm_model/assets/UD_Akkadian/train#s119_51,lēpušu,pān,,http://oracc.org/saao/saa13/P334449,119,119,,,,,,,,,,,,,
epēšu,pānu,ina,https://github.com/megamattc/Akkadian-language-models/tree/main/ak_norm_model/assets/UD_Akkadian/train#s119_45,https://github.com/megamattc/Akkadian-language-models/tree/main/ak_norm_model/assets/UD_Akkadian/train#s119_25,https://github.com/megamattc/Akkadian-language-models/tree/main/ak_norm_model/assets/UD_Akkadian/train#s119_24,lēpušu,pān,,http://oracc.org/saao/saa13/P334449,119,119,,,,,,,,,,,,,
epēšu,pānu,ina,https://github.com/megamattc/Akkadian-language-models/tree/main/ak_norm_model/assets/UD_Akkadian/train#s119_45,https://github.com/megamattc/Akkadian-language-models/tree/main/ak_norm_model/assets/UD_Akkadian/train#s119_41,https://github.com/megamattc/Akkadian-language-models/tree/main/ak_norm_model/assets/UD_Akkadian/train#s119_40,lēpušu,pān,,http://oracc.org/saao/saa13/P334449,119,119,,,,,,,,,,,,,
epēšu,pānu,ina,https://github.com/megamattc/Akkadian-language-models/tree/main/ak_norm_model/assets/UD_Akkadian/train#s124_93,https://github.com/megamattc/Akkadian-language-models/tree/main/ak_norm_model/assets/UD_Akkadian/train#s124_91,https://github.com/megamattc/Akkadian-language-models/tree/main/ak_norm_model/assets/UD_Akkadian/train#s124_90,nēpuš,pān,,http://oracc.org/saao/saa13/P334651,124,124,,,,,,,,,,,,,
tadānu,muhhu,ina,https://github.com/megamattc/Akkadian-language-models/tree/main/ak_norm_model/assets/UD_Akkadian/train#s125_57,https://github.com/megamattc/Akkadian-language-models/tree/main/ak_norm_model/assets/UD_Akkadian/train#s125_55,https://github.com/megamattc/Akkadian-language-models/tree/main/ak_norm_model/assets/UD_Akkadian/train#s125_54,liddinūni,muhhi,,http://oracc.org/saao/saa13/P334603,125,125,,,,,,,,,,,,,
našû,muhhu,ina,https://github.com/megamattc/Akkadian-language-models/tree/main/ak_norm_model/assets/UD_Akkadian/train#s125_52,https://github.com/megamattc/Akkadian-language-models/tree/main/ak_norm_model/assets/UD_Akkadian/train#s125_47,https://github.com/megamattc/Akkadian-language-models/tree/main/ak_norm_model/assets/UD_Akkadian/train#s125_46,liššiu,muhhi,,http://oracc.org/saao/saa13/P334603,125,125,,,,,,,,,,,,,
izuzzu,muhhu,ina,https://github.com/megamattc/Akkadian-language-models/tree/main/ak_norm_model/assets/UD_Akkadian/train#s127_105,https://github.com/megamattc/Akkadian-language-models/tree/main/ak_norm_model/assets/UD_Akkadian/train#s127_101,https://github.com/megamattc/Akkadian-language-models/tree/main/ak_norm_model/assets/UD_Akkadian/train#s127_100,ušazzizū,muhhi,,http://oracc.org/saao/saa13/P336737,127,127,,,,,,,,,,,,,
qatû,pānu,ina,https://github.com/megamattc/Akkadian-language-models/tree/main/ak_norm_model/assets/UD_Akkadian/train#s127_39,https://github.com/megamattc/Akkadian-language-models/tree/main/ak_norm_model/assets/UD_Akkadian/train#s127_34,https://github.com/megamattc/Akkadian-language-models/tree/main/ak_norm_model/assets/UD_Akkadian/train#s127_33,uqattû,pānīšu,,http://oracc.org/saao/saa13/P336737,127,127,,,,,,,,,,,,x,
qerēbu,pānu,ina,https://github.com/megamattc/Akkadian-language-models/tree/main/ak_norm_model/assets/UD_Akkadian/train#s130_77,https://github.com/megamattc/Akkadian-language-models/tree/main/ak_norm_model/assets/UD_Akkadian/train#s130_75,https://github.com/megamattc/Akkadian-language-models/tree/main/ak_norm_model/assets/UD_Akkadian/train#s130_74,iqṭirib,pān,,http://oracc.org/saao/saa13/P334611,130,130,"the meal was offered to the god/        
nap-tu-nu ina IGI* d*[x] iq-ṭi-ri-ib",,,,,,,,,,,,
epēšu,pānu,ina,https://github.com/megamattc/Akkadian-language-models/tree/main/ak_norm_model/assets/UD_Akkadian/train#s139_36,https://github.com/megamattc/Akkadian-language-models/tree/main/ak_norm_model/assets/UD_Akkadian/train#s139_34,https://github.com/megamattc/Akkadian-language-models/tree/main/ak_norm_model/assets/UD_Akkadian/train#s139_33,eppašû,pān,,http://oracc.org/saao/saa13/P334803,139,139,"are they to come and perform them before Aššur,",,,,,,,,,,,,
epēšu,libbu,ina,https://github.com/megamattc/Akkadian-language-models/tree/main/ak_norm_model/assets/UD_Akkadian/train#s143_65,https://github.com/megamattc/Akkadian-language-models/tree/main/ak_norm_model/assets/UD_Akkadian/train#s143_51,https://github.com/megamattc/Akkadian-language-models/tree/main/ak_norm_model/assets/UD_Akkadian/train#s143_50,inneppaš,libbi,,http://oracc.org/saao/saa13/P334016,143,143,,,,,,,,,,,,,
epēšu,libbu,ina,https://github.com/megamattc/Akkadian-language-models/tree/main/ak_norm_model/assets/UD_Akkadian/train#s143_65,https://github.com/megamattc/Akkadian-language-models/tree/main/ak_norm_model/assets/UD_Akkadian/train#s143_64,https://github.com/megamattc/Akkadian-language-models/tree/main/ak_norm_model/assets/UD_Akkadian/train#s143_63,inneppaš,libbi,,http://oracc.org/saao/saa13/P334016,143,143,,,,,,,,,,,,,
šapāru,muhhu,ina,https://github.com/megamattc/Akkadian-language-models/tree/main/ak_norm_model/assets/UD_Akkadian/train#s14_37,https://github.com/megamattc/Akkadian-language-models/tree/main/ak_norm_model/assets/UD_Akkadian/train#s14_32,https://github.com/megamattc/Akkadian-language-models/tree/main/ak_norm_model/assets/UD_Akkadian/train#s14_31,issapra,muhhi,,http://oracc.org/saao/saa13/P334383,14,14,,,,,,,,,,,,,
epēšu,pānu,ina,https://github.com/megamattc/Akkadian-language-models/tree/main/ak_norm_model/assets/UD_Akkadian/train#s20_27,https://github.com/megamattc/Akkadian-language-models/tree/main/ak_norm_model/assets/UD_Akkadian/train#s20_25,https://github.com/megamattc/Akkadian-language-models/tree/main/ak_norm_model/assets/UD_Akkadian/train#s20_24,eppušu,pān,,http://oracc.org/saao/saa13/P334391,20,20,,,,,,,,,,,,,
epēšu,pānu,ina,https://github.com/megamattc/Akkadian-language-models/tree/main/ak_norm_model/assets/UD_Akkadian/train#s20_32,https://github.com/megamattc/Akkadian-language-models/tree/main/ak_norm_model/assets/UD_Akkadian/train#s20_30,https://github.com/megamattc/Akkadian-language-models/tree/main/ak_norm_model/assets/UD_Akkadian/train#s20_29,inneppaš,pān,,http://oracc.org/saao/saa13/P334391,20,20,,,,,,,,,,,,,
šapāru,muhhu,ina,https://github.com/megamattc/Akkadian-language-models/tree/main/ak_norm_model/assets/UD_Akkadian/train#s27_112,https://github.com/megamattc/Akkadian-language-models/tree/main/ak_norm_model/assets/UD_Akkadian/train#s27_90,https://github.com/megamattc/Akkadian-language-models/tree/main/ak_norm_model/assets/UD_Akkadian/train#s27_89,lišpuru,muhhi,,http://oracc.org/saao/saa13/P334319,27,27,,,,,,,,,,,,,
qabû,muhhu,ina,https://github.com/megamattc/Akkadian-language-models/tree/main/ak_norm_model/assets/UD_Akkadian/train#s27_56,https://github.com/megamattc/Akkadian-language-models/tree/main/ak_norm_model/assets/UD_Akkadian/train#s27_50,https://github.com/megamattc/Akkadian-language-models/tree/main/ak_norm_model/assets/UD_Akkadian/train#s27_49,aqbûni,muhhi,,http://oracc.org/saao/saa13/P334319,27,27,,,,,,,,,,,,,
ṭerû,libbu,ina,https://github.com/megamattc/Akkadian-language-models/tree/main/ak_norm_model/assets/UD_Akkadian/train#s32_147,https://github.com/megamattc/Akkadian-language-models/tree/main/ak_norm_model/assets/UD_Akkadian/train#s32_149,https://github.com/megamattc/Akkadian-language-models/tree/main/ak_norm_model/assets/UD_Akkadian/train#s32_148,iṭerrûʾinnīma,libbi,,http://oracc.org/saao/saa13/P334871,32,32,,,,,,,,,,,,x,
erēbu,libbu,ana,https://github.com/megamattc/Akkadian-language-models/tree/main/ak_norm_model/assets/UD_Akkadian/train#s32_124,https://github.com/megamattc/Akkadian-language-models/tree/main/ak_norm_model/assets/UD_Akkadian/train#s32_121,https://github.com/megamattc/Akkadian-language-models/tree/main/ak_norm_model/assets/UD_Akkadian/train#s32_120,errub,libbi,,http://oracc.org/saao/saa13/P334871,32,32,,,,,,,,,,,,,
tamû,pānu,ina,https://github.com/megamattc/Akkadian-language-models/tree/main/ak_norm_model/assets/UD_Akkadian/train#s32_69,https://github.com/megamattc/Akkadian-language-models/tree/main/ak_norm_model/assets/UD_Akkadian/train#s32_57,https://github.com/megamattc/Akkadian-language-models/tree/main/ak_norm_model/assets/UD_Akkadian/train#s32_56,ittenimmûni,pān,,http://oracc.org/saao/saa13/P334871,32,32,,,,,,,,,,,,,
kânu,pānu,ina,https://github.com/megamattc/Akkadian-language-models/tree/main/ak_norm_model/assets/UD_Akkadian/train#s32_67,https://github.com/megamattc/Akkadian-language-models/tree/main/ak_norm_model/assets/UD_Akkadian/train#s32_65,https://github.com/megamattc/Akkadian-language-models/tree/main/ak_norm_model/assets/UD_Akkadian/train#s32_64,ukīnnuššunūti,pān,,http://oracc.org/saao/saa13/P334871,32,32,,,,,,,,,,,,,
šakānu,muhhu,ina,https://github.com/megamattc/Akkadian-language-models/tree/main/ak_norm_model/assets/UD_Akkadian/train#s33_26,https://github.com/megamattc/Akkadian-language-models/tree/main/ak_norm_model/assets/UD_Akkadian/train#s33_24,https://github.com/megamattc/Akkadian-language-models/tree/main/ak_norm_model/assets/UD_Akkadian/train#s33_23,liškunu,muhhi,,http://oracc.org/saao/saa13/P334654,33,33,,,,,,,,,,,,,
epēšu,pānu,ina,https://github.com/megamattc/Akkadian-language-models/tree/main/ak_norm_model/assets/UD_Akkadian/train#s37_32,https://github.com/megamattc/Akkadian-language-models/tree/main/ak_norm_model/assets/UD_Akkadian/train#s37_31,https://github.com/megamattc/Akkadian-language-models/tree/main/ak_norm_model/assets/UD_Akkadian/train#s37_30,inneppaša,pānīša,,http://oracc.org/saao/saa13/P334591,37,37,,,,,,,,,,,,,
ašābu,libbu,ina,https://github.com/megamattc/Akkadian-language-models/tree/main/ak_norm_model/assets/UD_Akkadian/train#s37_28,https://github.com/megamattc/Akkadian-language-models/tree/main/ak_norm_model/assets/UD_Akkadian/train#s37_26,https://github.com/megamattc/Akkadian-language-models/tree/main/ak_norm_model/assets/UD_Akkadian/train#s37_25,tūšab,libbi,,http://oracc.org/saao/saa13/P334591,37,37,,,,,,,,,,,,,
epēšu,pānu,ina,https://github.com/megamattc/Akkadian-language-models/tree/main/ak_norm_model/assets/UD_Akkadian/train#s39_66,https://github.com/megamattc/Akkadian-language-models/tree/main/ak_norm_model/assets/UD_Akkadian/train#s39_60,https://github.com/megamattc/Akkadian-language-models/tree/main/ak_norm_model/assets/UD_Akkadian/train#s39_59,ētapaš,pān,,http://oracc.org/saao/saa13/P334764,39,39,,,,,,,,,,,,,
šakānu,libbu,ina,https://github.com/megamattc/Akkadian-language-models/tree/main/ak_norm_model/assets/UD_Akkadian/train#s42_281,https://github.com/megamattc/Akkadian-language-models/tree/main/ak_norm_model/assets/UD_Akkadian/train#s42_273,https://github.com/megamattc/Akkadian-language-models/tree/main/ak_norm_model/assets/UD_Akkadian/train#s42_272,iššakkan,libbi,,http://oracc.org/saao/saa13/P334641,42,42,,,,,,,,,,,,,
epēšu,pānu,ina,https://github.com/megamattc/Akkadian-language-models/tree/main/ak_norm_model/assets/UD_Akkadian/train#s42_321,https://github.com/megamattc/Akkadian-language-models/tree/main/ak_norm_model/assets/UD_Akkadian/train#s42_319,https://github.com/megamattc/Akkadian-language-models/tree/main/ak_norm_model/assets/UD_Akkadian/train#s42_318,inneppašūni,pān,,http://oracc.org/saao/saa13/P334641,42,42,,,,,,,,,,,,,
šakānu,pānu,ina,https://github.com/megamattc/Akkadian-language-models/tree/main/ak_norm_model/assets/UD_Akkadian/train#s42_281,https://github.com/megamattc/Akkadian-language-models/tree/main/ak_norm_model/assets/UD_Akkadian/train#s42_279,https://github.com/megamattc/Akkadian-language-models/tree/main/ak_norm_model/assets/UD_Akkadian/train#s42_278,iššakkan,pān,,http://oracc.org/saao/saa13/P334641,42,42,,,,,,,,,,,,,
šakānu,pānu,ina,https://github.com/megamattc/Akkadian-language-models/tree/main/ak_norm_model/assets/UD_Akkadian/train#s42_281,https://github.com/megamattc/Akkadian-language-models/tree/main/ak_norm_model/assets/UD_Akkadian/train#s42_276,https://github.com/megamattc/Akkadian-language-models/tree/main/ak_norm_model/assets/UD_Akkadian/train#s42_275,iššakkan,pān,,http://oracc.org/saao/saa13/P334641,42,42,,,,,,,,,,,,,
epēšu,pānu,ina,https://github.com/megamattc/Akkadian-language-models/tree/main/ak_norm_model/assets/UD_Akkadian/train#s42_328,https://github.com/megamattc/Akkadian-language-models/tree/main/ak_norm_model/assets/UD_Akkadian/train#s42_326,https://github.com/megamattc/Akkadian-language-models/tree/main/ak_norm_model/assets/UD_Akkadian/train#s42_325,eppušu,pān,,http://oracc.org/saao/saa13/P334641,42,42,,,,,,,,,,,,,
šâlu,muhhu,ina,https://github.com/megamattc/Akkadian-language-models/tree/main/ak_norm_model/assets/UD_Akkadian/train#s58_65,https://github.com/megamattc/Akkadian-language-models/tree/main/ak_norm_model/assets/UD_Akkadian/train#s58_63,https://github.com/megamattc/Akkadian-language-models/tree/main/ak_norm_model/assets/UD_Akkadian/train#s58_62,išʾallūni,muhhi,,http://oracc.org/saao/saa13/P334362,58,58,,,,,,,,,,,,,
erēbu,pānu,ina,https://github.com/megamattc/Akkadian-language-models/tree/main/ak_norm_model/assets/UD_Akkadian/train#s5_102,https://github.com/megamattc/Akkadian-language-models/tree/main/ak_norm_model/assets/UD_Akkadian/train#s5_100,https://github.com/megamattc/Akkadian-language-models/tree/main/ak_norm_model/assets/UD_Akkadian/train#s5_99,ētarab,pān,,http://oracc.org/saao/saa13/P334870,5,5,,,,,,,,,,,,,
epēšu,pānu,ina,https://github.com/megamattc/Akkadian-language-models/tree/main/ak_norm_model/assets/UD_Akkadian/train#s60_137,https://github.com/megamattc/Akkadian-language-models/tree/main/ak_norm_model/assets/UD_Akkadian/train#s60_135,https://github.com/megamattc/Akkadian-language-models/tree/main/ak_norm_model/assets/UD_Akkadian/train#s60_134,eppaš,pān,,http://oracc.org/saao/saa13/P334354,60,60,,,,,,,,,,,,,
epēšu,pānu,ina,https://github.com/megamattc/Akkadian-language-models/tree/main/ak_norm_model/assets/UD_Akkadian/train#s62_68,https://github.com/megamattc/Akkadian-language-models/tree/main/ak_norm_model/assets/UD_Akkadian/train#s62_61,https://github.com/megamattc/Akkadian-language-models/tree/main/ak_norm_model/assets/UD_Akkadian/train#s62_60,ētapaš,pān,,http://oracc.org/saao/saa13/P334682,62,62,,,,,,,,,,,,,
šakānu,muhhu,ina,https://github.com/megamattc/Akkadian-language-models/tree/main/ak_norm_model/assets/UD_Akkadian/train#s66_52,https://github.com/megamattc/Akkadian-language-models/tree/main/ak_norm_model/assets/UD_Akkadian/train#s66_50,https://github.com/megamattc/Akkadian-language-models/tree/main/ak_norm_model/assets/UD_Akkadian/train#s66_49,išakkanūni,muhhi,,http://oracc.org/saao/saa13/P334363,66,66,,,,,,,,,,,,,
pahāru,muhhu,ina,https://github.com/megamattc/Akkadian-language-models/tree/main/ak_norm_model/assets/UD_Akkadian/train#s67_47,https://github.com/megamattc/Akkadian-language-models/tree/main/ak_norm_model/assets/UD_Akkadian/train#s67_46,https://github.com/megamattc/Akkadian-language-models/tree/main/ak_norm_model/assets/UD_Akkadian/train#s67_45,iptuhur,muhhišunu,,http://oracc.org/saao/saa13/P334364,67,67,,,,,,,,,,,,x,
erēbu,pānu,ina,https://github.com/megamattc/Akkadian-language-models/tree/main/ak_norm_model/assets/UD_Akkadian/train#s69_73,https://github.com/megamattc/Akkadian-language-models/tree/main/ak_norm_model/assets/UD_Akkadian/train#s69_71,https://github.com/megamattc/Akkadian-language-models/tree/main/ak_norm_model/assets/UD_Akkadian/train#s69_70,lušēribūni,pān,,http://oracc.org/saao/saa13/P334253,69,69,,,,,,,,,,,,,
šakānu,muhhu,ina,https://github.com/megamattc/Akkadian-language-models/tree/main/ak_norm_model/assets/UD_Akkadian/train#s71_168,https://github.com/megamattc/Akkadian-language-models/tree/main/ak_norm_model/assets/UD_Akkadian/train#s71_153,https://github.com/megamattc/Akkadian-language-models/tree/main/ak_norm_model/assets/UD_Akkadian/train#s71_152,liškun,muhhi,,http://oracc.org/saao/saa13/P334324,71,71,,,,,,,,,,,,,
karāru,muhhu,ina,https://github.com/megamattc/Akkadian-language-models/tree/main/ak_norm_model/assets/UD_Akkadian/train#s71_151,https://github.com/megamattc/Akkadian-language-models/tree/main/ak_norm_model/assets/UD_Akkadian/train#s71_123,https://github.com/megamattc/Akkadian-language-models/tree/main/ak_norm_model/assets/UD_Akkadian/train#s71_122,nikarrar,muhhi,,http://oracc.org/saao/saa13/P334324,71,71,ša la šá-a-šú la mu-qa-an-ni URU₄ la ni-kar-ra-ar,,,,,,,,,,,x,
šapāru,muhhu,ina,https://github.com/megamattc/Akkadian-language-models/tree/main/ak_norm_model/assets/UD_Akkadian/train#s74_82,https://github.com/megamattc/Akkadian-language-models/tree/main/ak_norm_model/assets/UD_Akkadian/train#s74_78,https://github.com/megamattc/Akkadian-language-models/tree/main/ak_norm_model/assets/UD_Akkadian/train#s74_77,assapra,muhhi,,http://oracc.org/saao/saa13/P334513,74,74,,,,,,,,,,,,,
izuzzu,pānu,ina,https://github.com/megamattc/Akkadian-language-models/tree/main/ak_norm_model/assets/UD_Akkadian/train#s76_40,https://github.com/megamattc/Akkadian-language-models/tree/main/ak_norm_model/assets/UD_Akkadian/train#s76_37,https://github.com/megamattc/Akkadian-language-models/tree/main/ak_norm_model/assets/UD_Akkadian/train#s76_36,izzazūni,pān,,http://oracc.org/saao/saa13/P334514,76,76,,,,,,,,,,,,,
epēšu,pānu,ina,https://github.com/megamattc/Akkadian-language-models/tree/main/ak_norm_model/assets/UD_Akkadian/train#s77_10,https://github.com/megamattc/Akkadian-language-models/tree/main/ak_norm_model/assets/UD_Akkadian/train#s77_8,https://github.com/megamattc/Akkadian-language-models/tree/main/ak_norm_model/assets/UD_Akkadian/train#s77_7,tīpušūni,pān,,http://oracc.org/saao/saa13/P334868,77,77,,,,,,,,,,,,,
epēšu,libbu,ina,https://github.com/megamattc/Akkadian-language-models/tree/main/ak_norm_model/assets/UD_Akkadian/train#s77_10,https://github.com/megamattc/Akkadian-language-models/tree/main/ak_norm_model/assets/UD_Akkadian/train#s77_2,https://github.com/megamattc/Akkadian-language-models/tree/main/ak_norm_model/assets/UD_Akkadian/train#s77_1,tīpušūni,libbi,,http://oracc.org/saao/saa13/P334868,77,77,,,,,,,,,,,,,
izuzzu,pānu,ina,https://github.com/megamattc/Akkadian-language-models/tree/main/ak_norm_model/assets/UD_Akkadian/train#s77_24,https://github.com/megamattc/Akkadian-language-models/tree/main/ak_norm_model/assets/UD_Akkadian/train#s77_22,https://github.com/megamattc/Akkadian-language-models/tree/main/ak_norm_model/assets/UD_Akkadian/train#s77_21,izzazzu,pān,,http://oracc.org/saao/saa13/P334868,77,77,,,,,,,,,,,,,
šaṭāru,muhhu,ina,https://github.com/megamattc/Akkadian-language-models/tree/main/ak_norm_model/assets/UD_Akkadian/train#s78_176,https://github.com/megamattc/Akkadian-language-models/tree/main/ak_norm_model/assets/UD_Akkadian/train#s78_175,https://github.com/megamattc/Akkadian-language-models/tree/main/ak_norm_model/assets/UD_Akkadian/train#s78_174,nissaṭar,muhhi,,http://oracc.org/saao/saa13/P334068,78,78,,,,,,,,,,,,,
karāru,libbu,ina,https://github.com/megamattc/Akkadian-language-models/tree/main/ak_norm_model/assets/UD_Akkadian/train#s80_84,https://github.com/megamattc/Akkadian-language-models/tree/main/ak_norm_model/assets/UD_Akkadian/train#s80_73,https://github.com/megamattc/Akkadian-language-models/tree/main/ak_norm_model/assets/UD_Akkadian/train#s80_72,iktarru,libbi,,http://oracc.org/saao/saa13/P334423,80,80,,,,,,,,,,,,,
šapāru,muhhu,ina,https://github.com/megamattc/Akkadian-language-models/tree/main/ak_norm_model/assets/UD_Akkadian/train#s82_36,https://github.com/megamattc/Akkadian-language-models/tree/main/ak_norm_model/assets/UD_Akkadian/train#s82_32,https://github.com/megamattc/Akkadian-language-models/tree/main/ak_norm_model/assets/UD_Akkadian/train#s82_31,išpuranni,muhhi,,http://oracc.org/saao/saa13/P334244,82,82,,,,,,,,,,,,,
erēbu,muhhu,ina,https://github.com/megamattc/Akkadian-language-models/tree/main/ak_norm_model/assets/UD_Akkadian/train#s82_86,https://github.com/megamattc/Akkadian-language-models/tree/main/ak_norm_model/assets/UD_Akkadian/train#s82_81,https://github.com/megamattc/Akkadian-language-models/tree/main/ak_norm_model/assets/UD_Akkadian/train#s82_80,terrab,muhhi,,http://oracc.org/saao/saa13/P334244,82,82,,,,,,,,,,,,,
alāku,muhhu,ina,https://github.com/megamattc/Akkadian-language-models/tree/main/ak_norm_model/assets/UD_Akkadian/train#s83_32,https://github.com/megamattc/Akkadian-language-models/tree/main/ak_norm_model/assets/UD_Akkadian/train#s83_20,https://github.com/megamattc/Akkadian-language-models/tree/main/ak_norm_model/assets/UD_Akkadian/train#s83_19,lilliku,muhhi,,http://oracc.org/saao/saa13/P334399,83,83,,,,,,,,,,,,,
epēšu,muhhu,ina,https://github.com/megamattc/Akkadian-language-models/tree/main/ak_norm_model/assets/UD_Akkadian/train#s83_17,https://github.com/megamattc/Akkadian-language-models/tree/main/ak_norm_model/assets/UD_Akkadian/train#s83_11,https://github.com/megamattc/Akkadian-language-models/tree/main/ak_norm_model/assets/UD_Akkadian/train#s83_10,lēpušu,muhhi,,http://oracc.org/saao/saa13/P334399,83,83,,,,,,,,,,,,,
ašābu,libbu,ina,https://github.com/megamattc/Akkadian-language-models/tree/main/ak_norm_model/assets/UD_Akkadian/train#s85_20,https://github.com/megamattc/Akkadian-language-models/tree/main/ak_norm_model/assets/UD_Akkadian/train#s85_18,https://github.com/megamattc/Akkadian-language-models/tree/main/ak_norm_model/assets/UD_Akkadian/train#s85_17,uššab,libbi,,http://oracc.org/saao/saa13/P334787,85,85,,,,,,,,,,,,,
erēbu,pānu,ina,https://github.com/megamattc/Akkadian-language-models/tree/main/ak_norm_model/assets/UD_Akkadian/train#s88_51,https://github.com/megamattc/Akkadian-language-models/tree/main/ak_norm_model/assets/UD_Akkadian/train#s88_48,https://github.com/megamattc/Akkadian-language-models/tree/main/ak_norm_model/assets/UD_Akkadian/train#s88_47,errabūni,pān,,http://oracc.org/saao/saa13/P334251,88,88,,,,,,,,,,,,,
aṣû,libbu,ina,https://github.com/megamattc/Akkadian-language-models/tree/main/ak_norm_model/assets/UD_Akkadian/train#s88_58,https://github.com/megamattc/Akkadian-language-models/tree/main/ak_norm_model/assets/UD_Akkadian/train#s88_54,https://github.com/megamattc/Akkadian-language-models/tree/main/ak_norm_model/assets/UD_Akkadian/train#s88_53,uṣṣû,libbi,,http://oracc.org/saao/saa13/P334251,88,88,,,,,,,,,,,,,
izuzzu,libbu,ina,https://github.com/megamattc/Akkadian-language-models/tree/main/ak_norm_model/assets/UD_Akkadian/train#s89_39,https://github.com/megamattc/Akkadian-language-models/tree/main/ak_norm_model/assets/UD_Akkadian/train#s89_37,https://github.com/megamattc/Akkadian-language-models/tree/main/ak_norm_model/assets/UD_Akkadian/train#s89_36,izzizūni,libbi,,http://oracc.org/saao/saa13/P334738,89,89,,,,,,,,,,,,,
alāku,muhhu,ina,https://github.com/megamattc/Akkadian-language-models/tree/main/ak_norm_model/assets/UD_Akkadian/train#s90_61,https://github.com/megamattc/Akkadian-language-models/tree/main/ak_norm_model/assets/UD_Akkadian/train#s90_60,https://github.com/megamattc/Akkadian-language-models/tree/main/ak_norm_model/assets/UD_Akkadian/train#s90_59,illakni,muhhīni,,http://oracc.org/saao/saa13/P334516,90,90,,,,,,,,,,,,,
epēšu,pānu,ina,https://github.com/megamattc/Akkadian-language-models/tree/main/ak_norm_model/assets/UD_Akkadian/train#s95_71,https://github.com/megamattc/Akkadian-language-models/tree/main/ak_norm_model/assets/UD_Akkadian/train#s95_64,https://github.com/megamattc/Akkadian-language-models/tree/main/ak_norm_model/assets/UD_Akkadian/train#s95_63,ētapaš,pān,,http://oracc.org/saao/saa13/P334878,95,95,,,,,,,,,,,,,
qalāpu,pānu,ina,https://github.com/megamattc/Akkadian-language-models/tree/main/ak_norm_model/assets/UD_Akkadian/train#s98_38,https://github.com/megamattc/Akkadian-language-models/tree/main/ak_norm_model/assets/UD_Akkadian/train#s98_36,https://github.com/megamattc/Akkadian-language-models/tree/main/ak_norm_model/assets/UD_Akkadian/train#s98_35,iqṭalāpa,pān,,http://oracc.org/saao/saa13/P334880,98,98,,,,,,,,,,,,x,
šâlu,muhhu,ina,https://github.com/megamattc/Akkadian-language-models/tree/main/ak_norm_model/assets/UD_Akkadian/train#s98_61,https://github.com/megamattc/Akkadian-language-models/tree/main/ak_norm_model/assets/UD_Akkadian/train#s98_58,https://github.com/megamattc/Akkadian-language-models/tree/main/ak_norm_model/assets/UD_Akkadian/train#s98_57,lišʾalšu,muhhi,,http://oracc.org/saao/saa13/P334880,98,98,,,,,,,,,,,,,
epēšu,libbu,ina,https://github.com/megamattc/Akkadian-language-models/tree/main/ak_norm_model/assets/UD_Akkadian/train#s98_84,https://github.com/megamattc/Akkadian-language-models/tree/main/ak_norm_model/assets/UD_Akkadian/train#s98_82,https://github.com/megamattc/Akkadian-language-models/tree/main/ak_norm_model/assets/UD_Akkadian/train#s98_81,eppušu,libbi,,http://oracc.org/saao/saa13/P334880,98,98,,,,,,,,,,,,,
elû,qātu,ištu,https://github.com/megamattc/Akkadian-language-models/tree/main/ak_norm_model/assets/UD_Akkadian/train#s147_26,https://github.com/megamattc/Akkadian-language-models/tree/main/ak_norm_model/assets/UD_Akkadian/train#s147_23,https://github.com/megamattc/Akkadian-language-models/tree/main/ak_norm_model/assets/UD_Akkadian/train#s147_22,ēlûni,qātē,,http://oracc.org/saao/saa13/P334720,147,147,when [he slipped away] from the hands of the king/ É TAv ŠU.2 LUGAL be-lí-ía [e-lu-ni,,,,,,,,,,,,
alāku,muhhu,ištu,https://github.com/megamattc/Akkadian-language-models/tree/main/ak_norm_model/assets/UD_Akkadian/train#s16_55,https://github.com/megamattc/Akkadian-language-models/tree/main/ak_norm_model/assets/UD_Akkadian/train#s16_53,https://github.com/megamattc/Akkadian-language-models/tree/main/ak_norm_model/assets/UD_Akkadian/train#s16_52,tallaka,muhhi,,http://oracc.org/saao/saa13/P314374,16,16,,,,,,,,,,,,,
aṣû,libbu,ištu,https://github.com/megamattc/Akkadian-language-models/tree/main/ak_norm_model/assets/UD_Akkadian/train#s5_89,https://github.com/megamattc/Akkadian-language-models/tree/main/ak_norm_model/assets/UD_Akkadian/train#s5_88,https://github.com/megamattc/Akkadian-language-models/tree/main/ak_norm_model/assets/UD_Akkadian/train#s5_87,ussēṣia,libbi,,http://oracc.org/saao/saa13/P334870,5,5,,,,,,,,,,,,,
leqû,libbu,ištu,https://github.com/megamattc/Akkadian-language-models/tree/main/ak_norm_model/assets/UD_Akkadian/train#s63_35,https://github.com/megamattc/Akkadian-language-models/tree/main/ak_norm_model/assets/UD_Akkadian/train#s63_33,https://github.com/megamattc/Akkadian-language-models/tree/main/ak_norm_model/assets/UD_Akkadian/train#s63_32,alaqqi,libbi,,http://oracc.org/saao/saa13/P334515,63,63,I myself am buying sheep from the market (lit. 'The city gate')/ UDU-MEŠ TAv ŠÀ-bi KÁ.GAL a-la-qi,,,,,,,,,,,,