0	1	x	x	X	X	_	_	_	_	_
1	2	x	x	X	X	_	_	_	_	_
2	3	x	x	X	X	_	_	_	_	_
3	4	x	x	X	X	_	_	_	_	_
4	5	x	x	X	X	_	_	_	_	_
5	6	x	x	X	X	_	_	_	_	_
6	7	dannite	dannu	ADJ	AJ	Case=Gen|Gender=Fem|Number=Sing	_	_	_	_
7	8	x	x	X	X	_	_	_	_	_
8	9	x	x	X	X	_	_	_	_	_
9	10	x	x	X	X	_	_	_	_	_
10	11	x	x	X	X	_	_	_	_	_
11	12	x	x	X	X	_	_	_	_	_
12	13	rapšat	rapšu	VERB	V	Gender=Fem|Number=Sing|Person=3|VerbForm=Stat|Mood=Ind|VerbStem=G	_	_	_	_
13	14	x	x	X	X	_	_	_	_	_
14	15	x	x	X	X	_	_	_	_	_
15	16	x	x	X	X	_	_	_	_	_
16	17	x	x	X	X	_	_	_	_	_
17	18	KI	ki	X	X	_	_	_	_	_
18	19	dan	dan	NOUN	N	Case=Gen|Gender=Masc|NounBase=Bound|Number=Sing	_	_	_	_
19	20	ni	ni	X	X	_	_	_	_	_
20	21	Aššur-ahu-iddina	aššur-ahu-iddina	PROPN	PN	Case=Nom|Gender=Masc|Number=Sing	25	vocative	_	_
21	22	šar	šarru	NOUN	N	Case=Gen|Focus=No|Gender=Masc|NounBase=Bound|Number=Sing	21	appos	_	_
22	23	mātāti	mātu	NOUN	N	Gender=Fem|NounBase=Free|Number=Plur	22	nmod:poss	_	_
23	24	lā	lā	PART	NEG	_	25	advmod	_	_
24	25	tapallah	palāhu	VERB	V	Gender=Masc|Mood=Ind|Number=Sing|Person=2|Tense=Pres|VerbForm=Fin|VerbStem=G	20	ROOT	_	_
25	26	a'u	ayyu	PRON	XP	Gender=Masc|Number=Sing|Case=Nom	27	nsubj	_	_
26	27	šāru	šāru	NOUN	N	Case=Nom|Gender=Masc|Number=Sing	25	ROOT	_	_
27	28	ša	ša	PRON	REL	_	29	nsubj	_	_
28	29	idibakkāni	tebû	VERB	V	Gender=Masc|Mood=Ind|Number=Sing|Person=3|Tense=Past|VerbForm=Fin|VerbStem=G|Ventive=Yes|VerbSuffNum=Sing|VerbSuffPer=2|VerbSuffGen=Masc|SubSuff=Yes	27	acl	_	_
29	30	aqappušu	agappu	NOUN	N	Gender=Masc|Number=Sing|Case=Acc|PossSuffNum=Sing|PossSuffPer=3|PossSuffGen=Masc	32	obj	_	_
30	31	lā	lā	PART	NEG	_	32	advmod	_	_
31	32	aksupūni	kasāpu	VERB	V	Gender=Com|Mood=Ind|Number=Sing|Person=1|SubSuff=Yes|Subordinative=Yes|Tense=Past|VerbForm=Fin|VerbStem=G	29	conj	_	_
32	33	nakarūtēka	nakru	NOUN	N	Case=Nom|Gender=Masc|Number=Plur|PossSuffGen=Masc|PossSuffNum=Sing|PossSuffPer=2	41	nsubj	_	_
33	34	kî	kī	ADP	PRP	_	35	case	_	_
34	35	šahšūrī	hašhūru	NOUN	N	Case=Gen|Gender=Masc|Number=Plur	41	obl	_	_
35	36	ša	ša	ADP	PRP	_	37	case	_	_
36	37	Simani	simani	PROPN	MN	Case=Gen|Gender=Masc|Number=Sing	35	nmod	_	_
37	38	ina	ina	ADP	PRP	_	39	case	_	_
38	39	pān	pānu	NOUN	N	Gender=Masc|NounBase=Bound|Number=Sing	41	obl	_	_
39	40	šēpēka	šēpu	NOUN	N	Case=Gen|Gender=Masc|Number=Dual|PossSuffGen=Masc|PossSuffNum=Sing|PossSuffPer=2	39	nmod	_	_
40	41	ittangarāru	qarāru	VERB	V	Gender=Masc|Number=Plur|Person=3|Tense=Pres|Mood=Ind|VerbForm=Fin|VerbStem=Ntn	32	ROOT	_	_
41	42	Belet	belet	PROPN	DN	Case=Nom|Gender=Fem|Number=Sing	41	ROOT	_	_
42	43	rabîtu	rabû	ADJ	AJ	Case=Nom|Focus=No|Gender=Fem|NounBase=Free|Number=Sing	42	amod	_	_
43	44	anāku	anāku	PRON	IP	Case=Nom|Gender=Com|Number=Sing|Person=1	42	cop	_	_
44	45	anāku	anāku	PRON	IP	Case=Nom|Gender=Com|Number=Sing|Person=1	46	nsubj	_	_
45	46	Issar	issar	PROPN	DN	Case=Nom|Gender=Fem|Number=Sing	44	ROOT	_	_
46	47	ša	ša	ADP	PRP	_	48	case	_	_
47	48	Arbail	arbail	PROPN	SN	Case=Gen|Gender=Masc|Number=Sing	46	nmod	_	_
48	49	ša	ša	PRON	REL	_	54	nsubj	_	_
49	50	nakarūtēka	nakru	NOUN	N	Case=Acc|Gender=Masc|Number=Plur|PossSuffNum=Sing|PossSuffPer=2|PossSuffNum=Sing	54	obj	_	_
50	51	ina	ina	ADP	PRP	_	52	case	_	_
51	52	pān	pānu	NOUN	N	Gender=Masc|NounBase=Bound|Number=Sing	54	obl	_	_
52	53	šēpēka	šēpu	NOUN	N	Case=Gen|Gender=Masc|Number=Dual|PossSuffGen=Masc|PossSuffNum=Sing|PossSuffPer=2	52	nmod:poss	_	_
53	54	akkarrūni	karāru	VERB	V	Gender=Com|Mood=Ind|Number=Sing|Person=1|SubSuff=Yes|Subordinative=Yes|Tense=Past|VerbForm=Fin|VerbStem=G	46	acl	_	_
54	55	ayūte	ayyu	PRON	XP	Case=Acc|Gender=Masc|Number=Plur	56	nsubj	_	_
55	56	dibbīya	dibbu	NOUN	N	Gender=Masc|Number=Plur|PossSuffNum=Sing|PossSuffPer=1|PossSuffGen=Com	54	ROOT	_	_
56	57	ša	ša	PRON	REL	_	58	obj	_	_
57	58	aqqabakkanni	qabû	VERB	V	Gender=Com|Mood=Ind|Number=Sing|Person=1|SubSuff=Yes|Tense=Past|Ventive=Yes|VerbForm=Fin|VerbStem=G|VerbSuffGen=Masc|VerbSuffNum=Sing|VerbSuffPer=2	56	acl	_	_
58	59	ina	ina	ADP	PRP	_	60	case	_	_
59	60	muhhi	muhhu	NOUN	N	Case=Gen|Gender=Masc|Number=Sing	62	obl	_	_
60	61	lā	lā	PART	NEG	_	62	advmod	_	_
61	62	tazzizūni	izuzzu	VERB	V	Gender=Masc|Mood=Ind|Number=Sing|Person=2|SubSuff=Yes|Tense=Past|VerbForm=Fin|VerbStem=G|VerbSuffGen=Masc|Subordinative=Yes	58	conj	_	_
62	63	anāku	anāku	PRON	IP	Case=Nom|Gender=Com|Number=Sing|Person=1	64	nsubj	_	_
63	64	Issar	issar	PROPN	DN	Case=Nom|Gender=Fem|Number=Sing	62	ROOT	_	_
64	65	ša	ša	ADP	PRP	_	66	case	_	_
65	66	Arbail	arbail	PROPN	SN	Case=Gen|Gender=Masc|Number=Sing	64	nmod	_	_
66	67	nakarūtēka	nakru	NOUN	N	Case=Acc|Gender=Masc|Number=Plur|PossSuffNum=Sing|PossSuffPer=2|PossSuffGen=Masc	68	obj	_	_
67	68	ukâṣa	kâṣu	VERB	V	Gender=Com|Mood=Ind|Number=Sing|Person=1|Tense=Pres|VerbForm=Fin|VerbStem=D|Ventive=Yes	66	ROOT	_	_
68	69	addanakka	tadānu	VERB	V	Gender=Com|Mood=Ind|Number=Sing|Person=1|Tense=Pres|Ventive=Yes|VerbForm=Fin|VerbStem=G|VerbSuffGen=Masc|VerbSuffNum=Sing|VerbSuffPer=2	68	conj	_	_
69	70	x	x	X	X	_	_	_	_	_
70	71	anāku	anāku	PRON	IP	Case=Nom|Gender=Com|Number=Sing|Person=1	72	nsubj	_	_
71	72	Issar	issar	PROPN	DN	Case=Nom|Gender=Fem|Number=Sing	_	_	_	_
72	73	ša	ša	ADP	PRP	_	74	case	_	_
73	74	Arbail	arbail	PROPN	SN	Case=Gen|Gender=Masc|Number=Sing	72	nmod	_	_
74	75	ina	ina	ADP	PRP	_	76	case	_	_
75	76	pānātūka	pānātu	NOUN	N	Case=Gen|Gender=Fem|Number=Sing|PossSuffGen=Masc|PossSuffNum=Sing|PossSuffPer=2	79	obl	_	_
76	77	ina	ina	ADP	PRP	_	78	case	_	_
77	78	kutallīka	kutallu	NOUN	N	Case=Gen|Gender=Masc|Number=Sing|PossSuffGen=Masc|PossSuffNum=Sing|PossSuffPer=2	79	obl	_	_
78	79	allāka	alāku	VERB	V	Gender=Com|Mood=Ind|Number=Sing|Person=1|Tense=Pres|Ventive=Yes|VerbForm=Fin|VerbStem=G	74	ROOT	_	_
79	80	lā	lā	PART	NEG	_	81	advmod	_	_
80	81	tapallah	palāhu	VERB	V	Gender=Masc|Mood=Ind|Number=Sing|Person=2|Tense=Pres|VerbForm=Fin|VerbStem=G	79	ROOT	_	_
81	82	atta	atta	PRON	IP	Case=Nom|Gender=Masc|Number=Sing|Person=2	81	ROOT	_	_
82	83	ina	ina	ADP	PRP	_	84	case	_	_
83	84	libbi	libbu	NOUN	N	NounBase=Bound|Case=Gen|Gender=Masc|Number=Sing	82	nmod	_	_
84	85	muggi	mungu	NOUN	N	Case=Gen|Gender=Masc|Number=Sing	84	nmod	_	_
85	86	anāku	anāku	PRON	IP	Case=Nom|Gender=Com|Number=Sing|Person=1	90	nsubj	_	_
86	87	ina	ina	ADP	PRP	_	88	case	_	_
87	88	libbi	libbu	NOUN	N	Case=Gen|Gender=Masc|NounBase=Bound|Number=Sing	90	obl	_	_
88	89	ū'a	ū'a	NOUN	N	Gender=Masc|Number=Sing|Case=Gen	_	_	_	_
89	90	atabbi	tebû	VERB	V	Gender=Com|Mood=Ind|Number=Sing|Person=1|Tense=Pres|VerbForm=Fin|VerbStem=G	85	ROOT	_	_
90	91	uššab	ašābu	VERB	V	Gender=Masc|Mood=Ind|Number=Sing|Person=3|Tense=Pres|VerbForm=Fin|VerbStem=G	90	conj	_	_
91	92	ša	ša	ADP	PRP	_	93	case	_	_
92	93	pî	pû	NOUN	N	Case=Gen|Gender=Masc|NounBase=Bound|Number=Sing	_	_	_	_
93	94	Issar-la-tašiyaṭ	issar-la-tašiyaṭ	PROPN	PN	Case=Gen|Gender=Masc|Number=Sing	93	nmod:poss	_	_
94	95	mār	māru	NOUN	N	Case=Gen|Gender=Masc|NounBase=Bound|Number=Sing	94	appos	_	_
95	96	Arbail	arbail	PROPN	SN	Case=Gen|Gender=Masc|Number=Sing	95	nmod:poss	_	_
96	97	šar	šarru	NOUN	N	Case=Nom|Gender=Masc|NounBase=Bound|Number=Sing	100	vocative	_	_
97	98	Mat-Aššur	mat-aššur	PROPN	GN	Case=Gen|Gender=Fem|Number=Sing	97	nmod:poss	_	_
98	99	lā	lā	PART	NEG	_	100	advmod	_	_
99	100	tapallah	palāhu	VERB	V	Gender=Masc|Mood=Ind|Number=Sing|Person=2|Tense=Pres|VerbForm=Fin|VerbStem=G	96	ROOT	_	_
100	101	nakru	nakru	NOUN	N	Case=Acc|Gender=Masc|NounBase=Free|Number=Sing	107	obj	_	_
101	102	ša	ša	ADP	PRP	_	103	case	_	_
102	103	šar	šarru	NOUN	N	Case=Gen|Gender=Masc|NounBase=Bound|Number=Sing	101	nmod	_	_
103	104	Mat-Aššur	mat-aššur	PROPN	GN	Case=Gen|Gender=Fem|Number=Sing	103	nmod:poss	_	_
104	105	ana	ana	ADP	PRP	_	106	case	_	_
105	106	ṭabahhi	ṭabāhu	VERB	V	Gender=Masc|Number=Sing|Case=Gen|VerbForm=Inf|VerbStem=G	107	iobj	_	_
106	107	addana	tadānu	VERB	V	Gender=Com|Mood=Ind|Number=Sing|Person=1|Tense=Pres|Ventive=Yes|VerbForm=Fin|VerbStem=G	100	ROOT	_	_
107	108	ina	ina	ADP	PRP	_	109	case	_	_
108	109	bēt	bīt	NOUN	N	Case=Gen|Gender=Masc|NounBase=Bound|Number=Sing	111	obl	_	_
109	110	rēdûtēka	ridûtu	NOUN	N	Case=Gen|Gender=Fem|Number=Sing|PossSuffGen=Masc|PossSuffNum=Sing|PossSuffPer=2	109	nmod	_	_
110	111	utaqqanka	taqānu	VERB	V	Gender=Com|Mood=Ind|Number=Sing|Person=1|Tense=Pres|VerbForm=Fin|VerbStem=D|VerbSuffNum=Sing|VerbSuffPer=2|VerbSuffGen=Masc	107	conj	_	_
111	112	urabbakka	rabû	VERB	V	Gender=Com|Mood=Ind|Number=Sing|Person=1|Tense=Pres|VerbForm=Fin|Ventive=Yes|VerbStem=D|VerbSuffNum=Sing|VerbSuffPer=2|VerbSuffGen=Masc	107	conj	_	_
112	113	x	x	X	X	_	_	_	_	_
113	114	x	x	X	X	_	_	_	_	_
114	115	x	x	X	X	_	_	_	_	_
115	116	rabîtu	rabû	ADJ	AJ	Case=Nom|Gender=Fem|Number=Sing	_	_	_	_
116	117	anāku	anāku	PRON	IP	Case=Nom|Gender=Com|Number=Sing|Person=1	_	_	_	_
117	118	anāku	anāku	PRON	IP	Case=Nom|Gender=Com|Number=Sing|Person=1	119	nsubj	_	_
118	119	Issar	issar	PROPN	DN	Case=Nom|Gender=Fem|Number=Sing	117	ROOT	_	_
119	120	ša	ša	ADP	PRP	_	121	case	_	_
120	121	Arbail	arbail	PROPN	SN	Case=Gen|Gender=Masc|Number=Sing	119	nmod	_	_
121	122	x	x	X	X	_	_	_	_	_
122	123	x	x	X	X	_	_	_	_	_
123	124	x	x	X	X	_	_	_	_	_
124	125	x	x	X	X	_	_	_	_	_
125	126	x	x	X	X	_	_	_	_	_
126	127	issu	ištu	ADP	PRP	_	128	case	_	_
127	128	libbīšu	libbu	NOUN	N	Case=Gen|Gender=Masc|Number=Sing|PossSuffGen=Masc|PossSuffNum=Sing|PossSuffPer=3	_	_	_	_
128	129	x	x	X	X	_	_	_	_	_
129	130	x	x	X	X	_	_	_	_	_
130	131	x	x	X	X	_	_	_	_	_
131	132	x	x	X	X	_	_	_	_	_
132	133	x	x	X	X	_	_	_	_	_
133	134	x	x	X	X	_	_	_	_	_
134	135	x+x-šu₂	x+x-šu₂	X	X	_	_	_	_	_
135	136	x	x	X	X	_	_	_	_	_
136	137	x	x	X	X	_	_	_	_	_
137	138	x+x	x+x	X	X	_	_	_	_	_
138	139	x	x	X	X	_	_	_	_	_
139	140	x	x	X	X	_	_	_	_	_
140	141	x	x	X	X	_	_	_	_	_
141	142	x	x	X	X	_	_	_	_	_
142	143	x	x	X	X	_	_	_	_	_
143	144	x	x	X	X	_	_	_	_	_
144	145	aʾu	ayyu	PRON	QP	_	_	_	_	_
145	146	x+x	x+x	X	X	_	_	_	_	_
146	147	x	x	X	X	_	_	_	_	_
147	148	x	x	X	X	_	_	_	_	_
148	149	x	x	X	X	_	_	_	_	_
149	150	x	x	X	X	_	_	_	_	_
150	151	x	x	X	X	_	_	_	_	_
151	152	lā	lā	PART	NEG	_	153	advmod	_	_
152	153	ašmēka	šemû	VERB	V	Gender=Masc|Number=Sing|Person=3|Tense=Past|Mood=Ind|VerbForm=Fin|VerbStem=G|VerbSuffNum=Sing|VerbSuffPer=2|VerbSuffGen=Masc	_	_	_	_
153	154	nakarūte	nakru	NOUN	N	Case=Gen|Gender=Masc|NounBase=Free|Number=Plur	156	nsubj	_	_
154	155	ina	ina	ADP	PRP	_	156	case	_	_
155	156	sigarrāte	šigāru	NOUN	N	Gender=Fem|NounBase=Free|Number=Plur	153	ROOT	_	_
156	157	salmūti	salmu	ADJ	AJ	Case=Gen|Gender=Fem|NounBase=Free|Number=Plur	159	nsubj	_	_
157	158	ina	ina	ADP	PRP	_	159	case	_	_
158	159	maddanāti	maddattu	NOUN	N	Case=Gen|Focus=No|Gender=Fem|NounBase=Free|Number=Plur	156	conj	_	_
159	160	x	x	X	X	_	_	_	_	_
160	161	x	x	X	X	_	_	_	_	_
161	162	nakarka	nakru	NOUN	N	Gender=Masc|Number=Sing|Case=Acc|PossSuffNum=Sing|PossSuffPer=2|PossSuffGen=Masc	167	obj	_	_
162	163	ina	ina	ADP	PRP	_	164	case	_	_
163	164	libbi	libbu	NOUN	N	Case=Gen|Gender=Masc|NounBase=Bound|Number=Sing	167	obl	_	_
164	165	qarābi	qarābu	NOUN	N	Case=Gen|Gender=Masc|Number=Sing	164	nmod	_	_
165	166	ēdānīʾe	ēdēnû	ADJ	AJ	Gender=Masc|Case=Gen|Number=Sing	165	amod	_	_
166	167	aktašad	kašādu	VERB	V	Gender=Com|Mood=Ind|Number=Sing|Person=1|Tense=Perf|VerbForm=Fin|VerbStem=G	159	ROOT	_	_
167	168	uttakkilka	takālu	VERB	V	Gender=Com|Mood=Ind|Number=Sing|Person=1|Tense=Perf|VerbForm=Fin|VerbStem=D|VerbSuffNum=Sing|VerbSuffPer=2|VerbSuffGen=Masc	167	conj	_	_
168	169	lā	lā	PART	NEG	_	170	advmod	_	_
169	170	ušbāku	ašbu	VERB	V	Gender=Com|Number=Sing|Person=1|VerbForm=Stat	168	ROOT	_	_
170	171	ša	ša	ADP	PRP	_	172	case	_	_
171	172	pî	pû	NOUN	N	Case=Gen|Gender=Masc|NounBase=Bound|Number=Sing	_	_	_	_
172	173	Sinqiša-amur	sinqiša-amur	PROPN	PN	Gender=Fem|Number=Sing|Case=Gen	172	nmod:poss	_	_
173	174	marʾat	mārtu	NOUN	N	Case=Gen|Focus=No|Gender=Fem|NounBase=Bound|Number=Sing	173	appos	_	_
174	175	Arbail	arbail	PROPN	SN	Case=Gen|Gender=Masc|Number=Sing	174	nmod:poss	_	_
175	176	rīšāk	rīšu	VERB	V	Gender=Masc|Number=Sing|Person=2|VerbForm=Stat|Mood=Ind|VerbStem=G	175	ROOT	_	_
176	177	issi	išti	ADP	PRP	_	178	case	_	_
177	178	Aššur-ahu-iddina	aššur-ahu-iddina	PROPN	PN	Case=Gen|Gender=Masc|Number=Sing	176	obl	_	_
178	179	šarrīya	šarru	NOUN	N	Case=Gen|Gender=Masc|Number=Sing|PossSuffGen=Com|PossSuffNum=Sing|PossSuffPer=1	178	appos	_	_
179	180	rīši	rīšu	VERB	V	Gender=Masc|Number=Sing|Person=3|VerbForm=Stat|Mood=Ind|VerbStem=G	179	ROOT	_	_
180	181	Arbail	arbail	PROPN	SN	Case=Nom|Gender=Masc|Number=Sing	180	nsubj	_	_
181	182	ša	ša	ADP	PRP	_	183	case	_	_
182	183	pî	pû	NOUN	N	NounBase=Bound|Case=Gen|Gender=Masc|Number=Sing	_	_	_	_
183	184	Remute-Allate	remute-allate	PROPN	SN	Case=Gen|Gender=Masc|Number=Sing	183	nmod	_	_
184	185	ša	ša	ADP	PRP	_	186	case	_	_
185	186	Dara-ahuya	dara-ahuya	PROPN	SN	Case=Gen|Gender=Masc|Number=Sing	184	nmod	_	_
186	187	ša	ša	PRON	REL	_	189	nsubj	_	_
187	188	birti	birti	ADP	PRP	_	189	case	_	_
188	189	šadâni	šadû	NOUN	N	Gender=Masc|Number=Plur|Case=Gen	186	acl	_	_
189	190	lā	lā	PART	NEG	_	191	advmod	_	_
190	191	tapallah	palāhu	VERB	V	Gender=Masc|Mood=Ind|Number=Sing|Person=2|Tense=Pres|VerbForm=Fin|VerbStem=G	189	ROOT	_	_
191	192	Aššur-ahu-iddina	aššur-ahu-iddina	PROPN	PN	Case=Nom|Gender=Masc|Number=Sing	191	vocative	_	_
192	193	anāku	anāku	PRON	IP	Case=Nom|Gender=Com|Number=Sing|Person=1	196	nsubj	_	_
193	194	Bel	bel	PROPN	PN	Case=Nom|Gender=Masc|Number=Sing	193	appos	_	_
194	195	issīka	išti	ADP	PRP	PrepSuffGen=Masc|PrepSuffNum=Sing|PresSuffPer=2	196	obl	_	_
195	196	adabbūbu	dabābu	VERB	V	Gender=Com|Mood=Ind|Number=Sing|Person=1|Tense=Pres|VerbForm=Fin|VerbStem=G|Ventive=Yes	192	ROOT	_	_
196	197	gušūrī	gušūru	NOUN	N	Case=Acc|Gender=Masc|Number=Plur	200	obj	_	_
197	198	ša	ša	ADP	PRP	_	199	case	_	_
198	199	libbīka	libbu	NOUN	N	Case=Gen|Gender=Masc|Number=Sing|PossSuffGen=Masc|PossSuffNum=Sing|PossSuffPer=2	197	nmod	_	_
199	200	aharrīdi	harādu	VERB	V	Gender=Com|Mood=Ind|Number=Sing|Person=1|Tense=Pres|VerbForm=Fin|VerbStem=G	196	conj	_	_
200	201	kî	kī	SCONJ	SBJ	_	203	mark	_	_
201	202	ummaka	ummu	NOUN	N	Case=Nom|Gender=Fem|Number=Sing|PossSuffGen=Masc|PossSuffNum=Sing|PossSuffPer=2	203	nsubj	_	_
202	203	tušabšûkanni	bašû	VERB	V	Subordinative=Yes|SubSuff=Yes|Gender=Fem|Number=Sing|Person=3|Tense=Past|Mood=Ind|VerbForm=Fin|VerbStem=Š|VerbSuffNum=Sing|VerbSuffPer=2|VerbSuffGen=Masc	208	advcl	_	_
203	204	60	60	NUM	DN	_	205	nummod	_	_
204	205	ilāni	ilu	NOUN	N	Gender=Masc|Number=Plur|Case=Nom	208	nsubj	_	_
205	206	rabiūti	rabû	ADJ	AJ	Gender=Masc|Number=Plur|Case=Nom	205	amod	_	_
206	207	issīya	išti	ADP	PRP	PrepSuffGen=Com|PrepSuffNum=Sing|PresSuffPer=1	208	obl	_	_
207	208	ittitissu	izuzzu	VERB	V	Gender=Masc|Mood=Ind|Number=Plur|Person=3|Tense=Perf|VerbForm=Fin|VerbStem=G	200	ROOT	_	_
208	209	ittaṣarūka	naṣāru	VERB	V	Gender=Masc|Mood=Ind|Number=Plur|Person=3|Tense=Perf|VerbForm=Fin|VerbStem=G|VerbSuffNum=Sing|VerbSuffPer=2|VerbSuffGen=Masc	208	conj	_	_
209	210	Sin	sin	PROPN	DN	Case=Nom|Gender=Masc|Number=Sing	212	nsubj	_	_
210	211	ina	ina	ADP	PRP	_	212	case	_	_
211	212	imittīka	imittu	NOUN	N	Case=Gen|Gender=Masc|Number=Sing|PossSuffGen=Masc|PossSuffNum=Sing|PossSuffPer=2	209	ROOT	_	_
212	213	Šamaš	šamaš	PROPN	DN	Case=Nom|Gender=Masc|Number=Sing	215	nsubj	_	_
213	214	ina	ina	ADP	PRP	_	215	case	_	_
214	215	šumēlīka	šumēlu	NOUN	N	Case=Gen|Gender=Masc|Number=Sing|PossSuffGen=Masc|PossSuffNum=Sing|PossSuffPer=2	212	conj	_	_
215	216	60	60	NUM	NUM	_	217	nummod	_	_
216	217	ilāni	ilu	NOUN	N	Gender=Masc|Number=Plur|Case=Nom	221	nsubj	_	_
217	218	rabiūti	rabû	ADJ	AJ	Case=Nom|Gender=Masc|Number=Plur	217	amod	_	_
218	219	ina	ina	ADP	PRP	_	220	case	_	_
219	220	battibattīka	battubattu	NOUN	N	Case=Gen|Gender=Masc|Number=Sing|PossSuffGen=Masc|PossSuffNum=Sing|PossSuffPer=2	221	obl	_	_
220	221	izzazzu	izuzzu	VERB	V	Gender=Masc|Mood=Ind|Number=Plur|Person=3|Tense=Pres|VerbForm=Fin|VerbStem=G	215	ROOT	_	_
221	222	qabalka	qablu	NOUN	N	Case=Acc|Gender=Masc|Number=Sing|PossSuffGen=Masc|PossSuffNum=Sing|PossSuffPer=2	223	obj	_	_
222	223	irtaksu	rakāsu	VERB	V	Case=Acc|Gender=Masc|Number=Sing	221	conj	_	_
223	224	ina	ina	ADP	PRP	_	225	case	_	_
224	225	muhhi	muhhu	NOUN	N	Case=Gen|Gender=Masc|NounBase=Bound|Number=Sing	228	obl	_	_
225	226	amēlūti	awīlūtu	NOUN	N	Case=Gen|Gender=Fem|Number=Sing	225	nmod	_	_
226	227	lā	lā	PART	NEG	_	228	advmod	_	_
227	228	tatakkil	takālu	VERB	V	Gender=Masc|Number=Sing|Person=2|Tense=Pres|Mood=Ind|VerbForm=Fin|VerbStem=G	223	ROOT	_	_
228	229	mutuh	matāhu	VERB	V	Gender=Masc|Number=Sing|Person=2|Mood=Imp|VerbStem=G	228	ROOT	_	_
229	230	ēnātīka	īnu	NOUN	N	Gender=Fem|Number=Plur|Case=Acc|PossSuffNum=Sing|PossSuffPer=2|PossSuffGen=Masc	229	obj	_	_
230	231	ana	ana	ADP	PRP	_	232	case	_	_
231	232	ayāši	yâšim	PRON	IP	Case=Gen|Gender=Com|Number=Sing|Person=1	233	obl	_	_
232	233	dugulanni	dagālu	VERB	V	Gender=Masc|Number=Sing|Person=2|Mood=Imp|VerbStem=G|VerbSuffNum=Sing|VerbSuffPer=1|VerbSuffGen=Com	229	conj	_	_
233	234	anāku	anāku	PRON	IP	Case=Nom|Gender=Com|Number=Sing|Person=1	235	nsubj	_	_
234	235	Issar	issar	PROPN	DN	Case=Nom|Gender=Fem|Number=Sing	233	ROOT	_	_
235	236	ša	ša	ADP	PRP	_	237	case	_	_
236	237	Arbail	arbail	PROPN	SN	Case=Gen|Gender=Masc|Number=Sing	235	nmod	_	_
237	238	Aššur	aššur	PROPN	DN	Case=Acc|Gender=Masc|Number=Sing	240	obj	_	_
238	239	issīka	išti	ADP	PRP	PrepSuffGen=Masc|PrepSuffNum=Sing|PresSuffPer=2	240	obl	_	_
239	240	ussallim	salāmu	VERB	V	Gender=Com|Mood=Ind|Number=Sing|Person=1|Tense=Perf|VerbForm=Fin|VerbStem=D	237	ROOT	_	_
240	241	ṣeherāka	ṣehru	VERB	V	Gender=Masc|Number=Sing|Person=2|VerbForm=Stat|Mood=Ind|VerbStem=G	242	advcl	_	_
241	242	attaṣakka	našû	VERB	V	Gender=Com|Number=Sing|Person=1|Tense=Perf|Mood=Ind|VerbForm=Fin|VerbStem=G|Ventive=Yes|VerbSuffNum=Sing|VerbSuffPer=2|VerbSuffGen=Masc	240	ROOT	_	_
242	243	lā	lā	PART	NEG	_	244	advmod	_	_
243	244	tapallah	palāhu	VERB	V	Gender=Masc|Mood=Ind|Number=Sing|Person=2|Tense=Pres|VerbForm=Fin|VerbStem=G	242	ROOT	_	_
244	245	naʾʾidāni	nâdu	VERB	V	Gender=Masc|Number=Sing|Person=2|Mood=Imp|VerbStem=D|VerbSuffNum=Sing|VerbSuffPer=1|VerbSuffGen=Com	244	ROOT	_	_
245	246	aʾu	ayyu	PRON	XP	Gender=Masc|Number=Sing|Case=Nom	248	nsubj	_	_
246	247	šû	šū	PRON	IP	Case=Nom|Gender=Masc|Number=Sing|Person=3	248	cop	_	_
247	248	nakru	nakru	NOUN	N	Case=Nom|Gender=Masc|Number=Sing	245	ROOT	_	_
248	249	ša	ša	PRON	REL	_	250	nsubj	_	_
249	250	idibakkanni	tebû	VERB	V	Gender=Masc|Mood=Ind|Number=Sing|Person=3|Tense=Past|VerbForm=Fin|VerbStem=G|Ventive=Yes|VerbSuffNum=Sing|VerbSuffPer=2|VerbSuffGen=Masc|SubSuff=Yes	248	acl	_	_
250	251	anāku	anāku	PRON	IP	Case=Nom|Gender=Com|Number=Sing|Person=1	252	nsubj	_	_
251	252	qālākūni	qālu	VERB	V	Gender=Com|Number=Sing|Person=1|VerbForm=Stat|Mood=Ind|VerbStem=G|SubSuff=Yes	250	conj	_	_
252	253	urkiūte	arkû	ADJ	AJ	Case=Nom|Gender=Masc|NounBase=Free|Number=Plur	256	nsubj	_	_
253	254	lū	lū	PART	PART	_	256	advmod	_	_
254	255	kî	kī	ADP	PRP	_	256	case	_	_
255	256	pāniūte	pānû	ADJ	AJ	Case=Gen|Gender=Masc|Number=Plur	252	ROOT	_	_
256	257	anāku	anāku	PRON	IP	Case=Nom|Gender=Com|Number=Sing|Person=1	258	nsubj	_	_
257	258	Nabu	nabu	PROPN	DN	Case=Nom|Gender=Masc|Number=Sing	256	ROOT	_	_
258	259	bēl	bēlu	NOUN	N	Case=Nom|Gender=Masc|NounBase=Bound|Number=Sing	258	appos	_	_
259	260	qar-ṭuppi	qan-ṭuppi	NOUN	N	Case=Gen|Gender=Masc|Number=Sing	259	nmod:poss	_	_
260	261	naʾʾidāni	nâdu	VERB	V	Gender=Masc|Number=Sing|Person=2|Mood=Imp|VerbStem=D|VerbSuffNum=Sing|VerbSuffPer=1|VerbSuffGen=Com	260	ROOT	_	_
261	262	ša	ša	ADP	PRP	_	263	case	_	_
262	263	pî	pû	NOUN	N	Case=Gen|Gender=Masc|NounBase=Bound|Number=Sing	261	ROOT	_	_
263	264	Baya	baya	PROPN	PN	Case=Gen|Gender=Masc|Number=Sing	263	nmod:poss	_	_
264	265	mār	māru	NOUN	N	Case=Gen|Gender=Masc|NounBase=Bound|NounBase=Bound|Number=Sing	264	appos	_	_
265	266	Arbail	arbail	PROPN	PN	Case=Gen|Gender=Masc|Number=Sing	265	nmod:poss	_	_
266	267	ku-x	ku-x	X	X	_	_	_	_	_
267	268	x	x	X	X	_	_	_	_	_
268	269	x	x	X	X	_	_	_	_	_
269	270	x	x	X	X	_	_	_	_	_
270	271	x	x	X	X	_	_	_	_	_
271	272	x	x	X	X	_	_	_	_	_
272	273	x	x	X	X	_	_	_	_	_
273	274	x	x	X	X	_	_	_	_	_
274	275	x	x	X	X	_	_	_	_	_
275	276	anāku	anāku	PRON	IP	Case=Nom|Gender=Com|Number=Sing|Person=1	_	_	_	_
276	277	a-x	a-x	X	X	_	_	_	_	_
277	278	x	x	X	X	_	_	_	_	_
278	279	x	x	X	X	_	_	_	_	_
279	280	x	x	X	X	_	_	_	_	_
280	281	atta	atta	PRON	IP	Case=Nom|Gender=Masc|Number=Sing|Person=2	_	_	_	_
281	282	tal-x	tal-x	X	X	_	_	_	_	_
282	283	x	x	X	X	_	_	_	_	_
283	284	x	x	X	X	_	_	_	_	_
284	285	x	x	X	X	_	_	_	_	_
285	286	anāku	anāku	PRON	IP	Case=Nom|Gender=Com|Number=Sing|Person=1	287	nsubj	_	_
286	287	Mullissu	mullissu	PROPN	DN	Case=Nom|Gender=Fem|Number=Sing	285	ROOT	_	_
287	288	x	x	X	X	_	_	_	_	_
288	289	ša	ša	ADP	PRP	_	290	case	_	_
289	290	pî	pû	NOUN	N	Case=Gen|Gender=Masc|NounBase=Bound|Number=Sing	288	ROOT	_	_
290	291	Ilussa-amur	ilussa-amur	PROPN	PN	Gender=Fem|Number=Sing|Case=Gen	290	nmod:poss	_	_
291	292	Libbalaya	libbalaya	PROPN	EN	Case=Gen|Gender=Masc|Number=Sing	291	amod	_	_
292	293	anāku	anāku	PRON	IP	Case=Nom|Gender=Com|Number=Sing|Person=1	294	nsubj	_	_
293	294	Issar	issar	PROPN	DN	Case=Nom|Gender=Fem|Number=Sing	292	ROOT	_	_
294	295	ša	ša	ADP	PRP	_	296	case	_	_
295	296	Arbail	arbail	PROPN	SN	Case=Gen|Gender=Masc|Number=Sing	294	nmod	_	_
296	297	Aššur-ahu-iddina	aššur-ahu-iddina	PROPN	PN	Case=Nom|Gender=Masc|Number=Sing	_	_	_	_
297	298	šar	šarru	NOUN	N	Case=Nom|Gender=Masc|NounBase=Bound|Number=Sing	297	appos	_	_
298	299	Mat-Aššur	mat-aššur	PROPN	GN	Case=Gen|Gender=Fem|Number=Sing	298	nmod:poss	_	_
299	300	ina	ina	ADP	PRP	_	301	case	_	_
300	301	Libbi-ali	libbi-ali	PROPN	SN	Case=Gen|Gender=Masc|Number=Sing	312	obl	_	_
301	302	Ninua	ninua	PROPN	SN	Case=Gen|Gender=Masc|Number=Sing	301	conj	_	_
302	303	Kalha	kalha	PROPN	SN	Case=Gen|Gender=Masc|Number=Sing	301	conj	_	_
303	304	Arbail	arbail	PROPN	SN	Case=Gen|Gender=Masc|Number=Sing	301	conj	_	_
304	305	ūmāti	ūmu	NOUN	N	Case=Acc|Gender=Fem|Number=Plur	312	obj	_	_
305	306	arkūte	arku	ADJ	AJ	Case=Acc|Gender=Masc|Number=Plur	305	conj	_	_
306	307	šanāti	šattu	NOUN	N	Case=Acc|Gender=Fem|Number=Plur	305	conj	_	_
307	308	dārāte	dārû	ADJ	AJ	Case=Acc|Gender=Fem|Number=Plur	307	nmod:poss	_	_
308	309	ana	ana	ADP	PRP	_	310	case	_	_
309	310	Aššur-ahu-iddina	aššur-ahu-iddina	PROPN	PN	Case=Gen|Gender=Masc|Number=Sing	312	iobj	_	_
310	311	šarrīya	šarru	NOUN	N	Case=Gen|Gender=Masc|Number=Sing|PossSuffGen=Com|PossSuffNum=Sing|PossSuffPer=1	310	appos	_	_
311	312	addanna	tadānu	VERB	V	Gender=Com|Mood=Ind|Number=Sing|Person=1|Tense=Pres|Ventive=Yes|VerbForm=Fin|VerbStem=G	299	ROOT	_	_
312	313	o	o	X	X	_	_	_	_	_
313	314	sabsūbtaka	šabsūtu	NOUN	N	Case=Nom|Gender=Fem|Number=Sing|PossSuffGen=Masc|PossSuffNum=Sing|PossSuffPer=2	312	ROOT	_	_
314	315	rabîtu	rabû	ADJ	AJ	Case=Nom|Gender=Fem|Number=Sing	314	amod	_	_
315	316	anāku	anāku	PRON	IP	Case=Nom|Gender=Com|Number=Sing|Person=1	314	cop	_	_
316	317	mušēniqtaka	mušēniqtu	NOUN	N	Case=Nom|Gender=Fem|Number=Sing|PossSuffGen=Masc|PossSuffNum=Sing|PossSuffPer=2	316	ROOT	_	_
317	318	deʾiqtu	damqu	ADJ	AJ	Case=Nom|Gender=Fem|Number=Sing	317	amod	_	_
318	319	anāku	anāku	PRON	IP	Case=Nom|Gender=Com|Number=Sing|Person=1	317	cop	_	_
319	320	ša	ša	PRON	REL	_	330	nsubj	_	_
320	321	ūmē	ūmu	NOUN	N	Case=Acc|Gender=Masc|Number=Plur	330	obj	_	_
321	322	arkūte	arku	ADJ	AJ	Case=Acc|Gender=Masc|Number=Plur	321	amod	_	_
322	323	šanāti	šattu	NOUN	N	Case=Acc|Gender=Fem|Number=Plur	321	conj	_	_
323	324	dārāte	dārû	ADJ	AJ	Case=Acc|Gender=Fem|Number=Plur	323	amod	_	_
324	325	kussāka	kussû	NOUN	N	Case=Acc|Gender=Masc|Number=Sing|PossSuffNum=Sing|PossSuffPer=2|PossSuffGen=Masc	323	conj	_	_
325	326	ina	ina	ADP	PRP	_	327	case	_	_
326	327	šapal	šaplu	NOUN	N	Case=Gen|Gender=Masc|NounBase=Bound|Number=Sing	325	nmod	_	_
327	328	šamê	šamû	NOUN	N	Case=Gen|Gender=Masc|Number=Plur	327	nmod:poss	_	_
328	329	rabûte	rabû	ADJ	AJ	Gender=Masc|Number=Plur|Case=Gen	328	conj	_	_
329	330	uktīn	kânu	VERB	V	Gender=Com|Mood=Ind|Number=Sing|Person=1|Tense=Perf|VerbForm=Fin|VerbStem=D	317	acl	_	_
330	331	ina	ina	ADP	PRP	_	332	case	_	_
331	332	massiki	maštaku	NOUN	N	Case=Gen|Gender=Masc|Number=Sing	338	obl	_	_
332	333	ša	ša	ADP	PRP	_	334	case	_	_
333	334	hurāṣi	hurāṣu	NOUN	N	Case=Gen|Gender=Masc|NounBase=Free|Number=Sing	332	nmod	_	_
334	335	ina	ina	ADP	PRP	_	336	case	_	_
335	336	qabli	qablu	NOUN	N	Case=Gen|Gender=Masc|NounBase=Bound|Number=Sing	338	obl	_	_
336	337	šamê	šamû	NOUN	N	Gender=Masc|Number=Plur|Case=Gen	336	nmod:poss	_	_
337	338	aharrīdi	harādu	VERB	V	Gender=Com|Mood=Ind|Number=Sing|Person=1|Tense=Pres|VerbForm=Fin|VerbStem=G	330	ROOT	_	_
338	339	nūr	nūru	NOUN	N	Case=Acc|Gender=Masc|NounBase=Free|Number=Sing	347	obj	_	_
339	340	ša	ša	ADP	PRP	_	341	case	_	_
340	341	ilmēši	elmēšu	NOUN	N	Gender=Masc|Number=Sing|Case=Gen	339	nmod	_	_
341	342	ina	ina	ADP	PRP	_	343	case	_	_
342	343	pān	pānu	NOUN	N	Case=Gen|Focus=No|Gender=Masc|NounBase=Bound|Number=Sing	347	obl	_	_
343	344	Aššur-ahu-iddina	aššur-ahu-iddina	PROPN	PN	Case=Gen|Gender=Masc|Number=Sing	343	nmod	_	_
344	345	šar	šarru	NOUN	N	Case=Gen|Gender=Masc|NounBase=Bound|Number=Sing	344	appos	_	_
345	346	Mat-Aššur	mat-aššur	PROPN	GN	Case=Gen|Gender=Fem|Number=Sing	345	nmod:poss	_	_
346	347	ušanamāra	nawāru	VERB	V	Gender=Com|Mood=Ind|Number=Sing|Person=1|Tense=Pres|Ventive=Yes|VerbForm=Fin|VerbStem=Š	338	ROOT	_	_
347	348	kî	kī	ADP	PRP	_	349	case	_	_
348	349	agê	agû	NOUN	N	Gender=Masc|NounBase=Free|Number=Sing	352	obl	_	_
349	350	ša	ša	ADP	PRP	_	351	case	_	_
350	351	kaqqidīya	qaqqadu	NOUN	N	Gender=Masc|Number=Sing|PossSuffNum=Sing|PossSuffPer=1|PossSuffGen=Com	349	nmod	_	_
351	352	aharrissu	harādu	VERB	V	Gender=Com|Mood=Ind|Number=Sing|Person=1|Tense=Pres|VerbForm=Fin|VerbStem=G|VerbSuffNum=Sing|VerbSuffPer=3|VerbSuffGen=Masc	347	ROOT	_	_
352	353	lā	lā	PART	NEG	_	354	advmod	_	_
353	354	tapallah	palāhu	VERB	V	Gender=Masc|Mood=Ind|Number=Sing|Person=2|Tense=Pres|VerbForm=Fin|VerbStem=G	352	ROOT	_	_
354	355	šarru	šarru	NOUN	N	Case=Nom|Gender=Masc|NounBase=Free|Number=Sing	356	vocative	_	_
355	356	aqṭibak	qabû	VERB	V	Gender=Com|Mood=Ind|Number=Sing|Person=1|Tense=Perf|VerbForm=Fin|VerbStem=G|VerbSuffNum=Sing|VerbSuffPer=2|VerbSuffGen=Masc	354	ROOT	_	_
356	357	lā	lā	PART	NEG	_	358	advmod	_	_
357	358	aslika	salāʾu	VERB	V	Gender=Com|Mood=Ind|Number=Sing|Person=1|Tense=Perf|VerbForm=Fin|VerbStem=G|VerbSuffNum=Sing|VerbSuffPer=2|VerbSuffGen=Masc	356	ROOT	_	_
358	359	uttakkilka	takālu	VERB	V	Gender=Com|Mood=Ind|Number=Sing|Person=1|Tense=Pres|VerbForm=Fin|VerbStem=D|VerbSuffNum=Sing|VerbSuffPer=2|VerbSuffGen=Masc	358	ROOT	_	_
359	360	lā	lā	PART	NEG	_	361	advmod	_	_
360	361	ubâška	bâšu	VERB	V	Gender=Masc|Mood=Ind|Number=Sing|Person=3|Tense=Past|VerbForm=Fin|VerbStem=Š	359	conj	_	_
361	362	nāru	nāru	NOUN	N	Case=Acc|Gender=Masc|Number=Sing	365	obj	_	_
362	363	ina	ina	ADP	PRP	_	364	case	_	_
363	364	tuqunni	tuqnu	NOUN	N	Case=Gen|Gender=Masc|Number=Sing	365	obl	_	_
364	365	ušebbarka	ebēru	VERB	V	Gender=Com|Mood=Ind|Number=Plur|Person=1|Tense=Pres|Ventive=Yes|VerbForm=Fin|VerbStem=G|VerbSuffNum=Sing|VerbSuffPer=2|VerbSuffGen=Masc	361	ROOT	_	_
365	366	Aššur-ahu-iddina	aššur-ahu-iddina	PROPN	PN	Case=Nom|Gender=Masc|Number=Sing	376	vocative	_	_
366	367	aplu	aplu	NOUN	N	Case=Nom|Focus=No|Gender=Masc|NounBase=Free|Number=Sing	366	appos	_	_
367	368	kēnu	kīnu	ADJ	AJ	Case=Nom|Gender=Masc|Number=Sing	367	amod	_	_
368	369	mār	māru	NOUN	N	Gender=Masc|NounBase=Bound|NounBase=Bound|Number=Sing	367	appos	_	_
369	370	Mullissi	mullissi	PROPN	DN	Case=Gen|Gender=Fem|Number=Sing	369	nmod:poss	_	_
370	371	hangaru	hangāru	NOUN	N	Case=Gen|Gender=Masc|Number=Sing	376	obl	_	_
371	372	akku	aggu	ADJ	AJ	Case=Gen|Gender=Masc|Number=Sing	371	amod	_	_
372	373	ina	ina	ADP	PRP	_	374	case	_	_
373	374	qātēya	qātu	NOUN	N	Case=Gen|Gender=Masc|Number=Sing|PossSuffGen=Masc|PossSuffNum=Sing|PossSuffPer=2	371	nmod	_	_
374	375	nakrūtīka	nakru	NOUN	N	Case=Acc|Gender=Masc|Number=Plur|PossSuffGen=Masc|PossSuffNum=Sing|PossSuffPer=2	376	obj	_	_
375	376	uqatta	qatû	VERB	V	Gender=Com|Mood=Ind|Number=Sing|Person=1|Tense=Pres|VerbForm=Fin|VerbStem=D	365	ROOT	_	_
376	377	Aššur-ahu-iddina	aššur-ahu-iddina	PROPN	PN	Case=Nom|Gender=Masc|Number=Sing	376	ROOT	_	_
377	378	šar	šarru	NOUN	N	Case=Nom|Gender=Masc|NounBase=Bound|Number=Sing	377	appos	_	_
378	379	Mat-Aššur	mat-aššur	PROPN	GN	Case=Gen|Gender=Fem|Number=Sing	378	nmod:poss	_	_
379	380	kāsu	kāsu	NOUN	N	Case=Nom|Gender=Masc|Number=Sing	377	appos	_	_
380	381	ša	ša	PRON	REL	_	382	case	_	_
381	382	malû	malû	VERB	V	Gender=Masc|Number=Sing|Person=3|VerbForm=Stat|Mood=Ind|VerbStem=G|Subordinative=Yes	380	acl	_	_
382	383	qīlte	qiltu	NOUN	N	Case=Gen|Gender=Fem|Number=Sing	382	obl	_	_
383	384	kalappu	kalappu	NOUN	N	Case=Nom|Gender=Masc|Number=Sing	377	appos	_	_
384	385	ša	ša	ADP	PRP	_	387	case	_	_
385	386	02	02	NUM	NUM	_	387	nummod	_	_
386	387	šiqli	šiqlu	NOUN	N	Case=Gen|Gender=Masc|Number=Sing	384	nmod	_	_
387	388	Aššur-ahu-iddina	aššur-ahu-iddina	PROPN	PN	Case=Nom|Gender=Masc|Number=Sing	395	vocative	_	_
388	389	ina	ina	ADP	PRP	_	390	case	_	_
389	390	Libbi-ali	libbi-ali	PROPN	SN	Case=Gen|Gender=Masc|Number=Sing	395	obl	_	_
390	391	ūmāti	ūmu	NOUN	N	Case=Acc|Gender=Fem|Number=Plur	395	obj	_	_
391	392	arkūti	arku	ADJ	AJ	Case=Acc|Gender=Masc|Number=Plur	391	amod	_	_
392	393	šanāti	šattu	NOUN	N	Case=Acc|Gender=Fem|Number=Plur	391	conj	_	_
393	394	dārāti	dārû	ADJ	AJ	Case=Acc|Gender=Fem|Number=Plur	393	conj	_	_
394	395	addanakka	tadānu	VERB	V	Gender=Com|Mood=Ind|Number=Sing|Person=1|Tense=Pres|Ventive=Yes|VerbForm=Fin|VerbStem=G|VerbSuffGen=Masc|VerbSuffNum=Sing|VerbSuffPer=2	387	ROOT	_	_
395	396	Aššur-ahu-iddina	aššur-ahu-iddina	PROPN	PN	Case=Nom|Gender=Masc|Number=Sing	400	vocative	_	_
396	397	ina	ina	ADP	PRP	_	398	case	_	_
397	398	libbi	libbu	NOUN	N	Case=Gen|Gender=Masc|NounBase=Bound|Number=Sing	400	obl	_	_
398	399	Arbail	arbail	PROPN	SN	Case=Gen|Gender=Masc|Number=Sing	398	nmod	_	_
399	400	arītka	arītu	NOUN	N	Gender=Fem|Number=Sing|Case=Nom|PossSuffNum=Sing|PossSuffPer=2|PossSuffGen=Masc	395	ROOT	_	_
400	401	deʾiqtu	damqu	ADJ	AJ	Case=Nom|Gender=Fem|Number=Sing	400	amod	_	_
401	402	anāku	anāku	PRON	IP	Case=Nom|Gender=Com|Number=Sing|Person=1	400	cop	_	_
402	403	Aššur-ahu-iddina	aššur-ahu-iddina	PROPN	PN	Case=Nom|Gender=Masc|Number=Sing	408	dislocated	_	_
403	404	aplu	aplu	NOUN	N	Case=Nom|Focus=No|Gender=Masc|NounBase=Free|Number=Sing	403	appos	_	_
404	405	kēnu	kīnu	ADJ	AJ	Case=Nom|Gender=Masc|Number=Sing	404	amod	_	_
405	406	mār	māru	NOUN	N	Gender=Masc|NounBase=Bound|Number=Sing	403	appos	_	_
406	407	Mullissi	mullissi	PROPN	DN	Case=Gen|Gender=Fem|Number=Sing	406	nmod:poss	_	_
407	408	hissatka	hissatu	NOUN	N	Case=Acc|Gender=Fem|Number=Sing|PossSuffNum=Sing|PossSuffPer=2|PossSuffGen=Masc	409	obj	_	_
408	409	hassāku	hassu	VERB	V	Gender=Com|Number=Sing|Person=1|VerbForm=Stat|Mood=Ind|VerbStem=G	402	ROOT	_	_
409	410	artâmka	râmu	VERB	V	Gender=Com|Number=Sing|Person=1|Tense=Perf|Mood=Ind|VerbForm=Fin|VerbStem=G|VerbSuffNum=Sing|VerbSuffPer=2|VerbSuffGen=Masc	409	ROOT	_	_
410	411	adanniš	adanniš	ADV	AV	_	410	advmod	_	_
411	412	ina	ina	ADP	PRP	_	413	case	_	_
412	413	kizirtīka	kizirtu	NOUN	N	Case=Gen|Gender=Fem|Number=Plur|PossSuffGen=Masc|PossSuffNum=Sing|PossSuffPer=2	417	obl	_	_
413	414	ina	ina	ADP	PRP	_	415	case	_	_
414	415	šamê	šamû	NOUN	N	Case=Gen|Focus=No|Gender=Masc|NounBase=Free|Number=Plur	417	obl	_	_
415	416	rabiūti	rabû	ADJ	AJ	Case=Gen|Gender=Masc|Number=Plur	415	amod	_	_
416	417	ukâlka	kullu	VERB	V	Gender=Com|Mood=Ind|Number=Sing|Person=1|Tense=Pres|VerbForm=Fin|VerbStem=D|VerbSuffNum=Sing|VerbSuffPer=2|VerbSuffGen=Masc	411	ROOT	_	_
417	418	ina	ina	ADP	PRP	_	419	case	_	_
418	419	imittīka	imittu	NOUN	N	Case=Gen|Gender=Masc|Number=Sing|PossSuffGen=Masc|PossSuffNum=Sing|PossSuffPer=2	421	obl	_	_
419	420	qutru	qutru	NOUN	N	Case=Acc|Gender=Masc|Number=Sing	421	obj	_	_
420	421	uqattar	qatāru	VERB	V	Gender=Com|Mood=Ind|Number=Sing|Person=1|Tense=Pres|VerbForm=Fin|VerbStem=D	417	ROOT	_	_
421	422	ina	ina	ADP	PRP	_	423	case	_	_
422	423	šumēlīka	šumēlu	NOUN	N	Case=Gen|Gender=Masc|Number=Plur|PossSuffGen=Masc|PossSuffNum=Sing|PossSuffPer=2	425	obl	_	_
423	424	išātu	išātu	NOUN	N	Case=Acc|Gender=Fem|Number=Plur	425	obj	_	_
424	425	ušāhaz	ahāzu	VERB	V	Gender=Com|Mood=Ind|Number=Sing|Person=3|Tense=Pres|VerbForm=Fin|VerbStem=Š	421	conj	_	_
425	426	šarrūtu	šarrūtu	NOUN	N	Case=Acc|Focus=No|Gender=Fem|NounBase=Free|Number=Sing	_	_	_	_
426	427	ina	ina	ADP	PRP	_	428	case	_	_
427	428	muhhi	muhhu	NOUN	N	Case=Gen|Gender=Masc|Number=Sing	_	_	_	_
428	429	x	x	X	X	_	_	_	_	_
429	430	x	x	X	X	_	_	_	_	_
430	431	x	x	X	X	_	_	_	_	_
431	432	da-aʾ-x	da-aʾ-x	X	X	_	_	_	_	_
432	433	x	x	X	X	_	_	_	_	_
433	434	ina	ina	ADP	PRP	_	435	case	_	_
434	435	muhhi	muhhu	NOUN	N	Case=Gen|Gender=Masc|Number=Sing	_	_	_	_
435	436	da-x	da-x	X	X	_	_	_	_	_
436	437	x	x	X	X	_	_	_	_	_
437	438	x	x	X	X	_	_	_	_	_
438	439	issu	ištu	ADP	PRP	_	440	case	_	_
439	440	pānīšu	pānu	NOUN	N	Case=Gen|Gender=Masc|Number=Sing|PossSuffGen=Masc|PossSuffNum=Sing|PossSuffPer=3	442	obl	_	_
440	441	lā	lā	PART	NEG	_	442	advmod	_	_
441	442	imahhar	mahāru	VERB	V	Gender=Masc|Mood=Ind|Number=Sing|Person=3|Tense=Pres|VerbForm=Fin|VerbStem=G	_	_	_	_
442	443	kakkišāti	kakkišu	NOUN	N	Gender=Fem|Number=Plur|Case=Acc	450	obj	_	_
443	444	pušhāti	pušhu	NOUN	N	Gender=Fem|Number=Plur|Case=Acc	443	conj	_	_
444	445	ša	ša	PRON	REL	_	446	obj	_	_
445	446	idabbabūni	dabābu	VERB	V	Gender=Masc|Mood=Ind|Number=Plur|Person=3|SubSuff=Yes|Tense=Pres|VerbForm=Fin|VerbStem=G	443	acl	_	_
446	447	ina	ina	ADP	PRP	_	448	case	_	_
447	448	pān	pānu	NOUN	N	Case=Gen|Gender=Masc|NounBase=Bound|Number=Sing	450	obl	_	_
448	449	šēpēšu	šēpu	NOUN	N	Case=Gen|Gender=Masc|Number=Plur|PossSuffGen=Masc|PossSuffNum=Sing|PossSuffPer=3	448	nmod	_	_
449	450	ubattaqšunu	batāqu	VERB	V	Gender=Com|Mood=Ind|Number=Sing|Person=1|Tense=Pres|VerbForm=Fin|VerbStem=D|VerbSuffNum=Plur|VerbSuffPer=3|VerbSuffGen=Masc	442	ROOT	_	_
450	451	atti	atti	PRON	IP	Gender=Fem|Number=Sing|Person=2|Case=Nom	452	nsubj	_	_
451	452	attīma	atti	PRON	IP	Gender=Fem|Number=Sing|Person=2|Case=Nom|Focus=Yes	450	ROOT	_	_
452	453	šarru	šarru	NOUN	N	Case=Nom|Gender=Masc|Number=Sing	454	nsubj	_	_
453	454	šarrīma	šarru	NOUN	N	Case=Nom|Gender=Masc|Number=Sing|Focus=Yes	452	ROOT	_	_
454	455	ša	ša	ADP	PRP	_	456	case	_	_
455	456	pî	pû	NOUN	N	Case=Gen|Gender=Masc|NounBase=Bound|Number=Sing	454	ROOT	_	_
456	457	Issar-beli-da''ini	issar-beli-da''ini	PROPN	PN	Case=Gen|Gender=Masc|Number=Sing	456	nmod:poss	_	_
457	458	šēlūtu	šēlūʾutu	NOUN	N	Case=Nom|Gender=Fem|Number=Sing	457	appos	_	_
458	459	ša	ša	ADP	PRP	_	460	case	_	_
459	460	šarri	šarru	NOUN	N	Case=Gen|Gender=Masc|Number=Sing	458	nmod	_	_
460	461	anāku	anāku	PRON	IP	Case=Nom|Gender=Com|Number=Sing|Person=1	462	nsubj	_	_
461	462	Belet-Arbail	belet-arbail	PROPN	DN	Case=Nom|Gender=Fem|Number=Sing	460	ROOT	_	_
462	463	ana	ana	ADP	PRP	_	464	case	_	_
463	464	ummi	ummu	NOUN	N	Case=Gen|Gender=Fem|NounBase=Bound|Number=Sing	_	_	_	_
464	465	šarri	šarru	NOUN	N	Case=Gen|Gender=Masc|Number=Sing	464	nmod	_	_
465	466	kî	kī	SCONJ	SBJ	_	467	mark	_	_
466	467	tahhurīninni	mahāru	VERB	V	Gender=Fem|Mood=Ind|Number=Sing|Person=2|SubSuff=Yes|Tense=Past|Ventive=Yes|VerbForm=Fin|VerbStem=G	_	_	_	_
467	468	mā	mā	ADP	PRP	_	475	discourse	_	_
468	469	ša	ša	ADP	PRP	_	470	case	_	_
469	470	imitti	imittu	NOUN	N	Case=Gen|Gender=Fem|Number=Sing	475	obj	_	_
470	471	ša	ša	ADP	PRP	_	472	case	_	_
471	472	šumēli	šumēlu	NOUN	N	Case=Gen|Gender=Masc|Number=Sing	470	conj	_	_
472	473	ina	ina	ADP	PRP	_	474	case	_	_
473	474	sūnīki	sūnu	NOUN	N	Case=Gen|Gender=Masc|NounBase=Free|Number=Sing|PossSuffNum=Sing|PossSuffPer=2|PossSuffGen=Fem	475	obl	_	_
474	475	tassakni	šakānu	VERB	V	Gender=Fem|Number=Sing|Person=2|Tense=Past|Mood=Ind|VerbForm=Fin|VerbStem=G|SubSuff=Yes	467	ccomp	_	_
475	476	mā	mā	ADP	PRP	_	481	discourse	_	_
476	477	iyû	yāʾu	PRON	IP	Number=Sing|Person=1	478	det	_	_
477	478	ṣīt	ṣītu	NOUN	N	Case=Acc|Gender=Fem|NounBase=Bound|Number=Sing	481	obj	_	_
478	479	libbīya	libbu	NOUN	N	Case=Gen|Gender=Masc|Number=Sing|PossSuffGen=Com|PossSuffNum=Sing|PossSuffPer=1	478	nmod:poss	_	_
479	480	ṣēru	ṣēru	NOUN	N	Gender=Masc|Number=Sing|Case=Gen	481	obl	_	_
480	481	tussarpīdi	rapādu	VERB	V	Gender=Fem|Mood=Ind|Number=Sing|Person=2|Tense=Perf|VerbForm=Fin|VerbStem=Š	475	conj	_	_
481	482	ūmâ	ūma	ADV	AV	_	485	advmod	_	_
482	483	šarru	šarru	NOUN	N	Case=Nom|Gender=Masc|Number=Sing	485	vocative	_	_
483	484	lā	lā	PART	NEG	_	485	advmod	_	_
484	485	tapallah	palāhu	VERB	V	Gender=Masc|Mood=Ind|Number=Sing|Person=2|Tense=Pres|VerbForm=Fin|VerbStem=G	481	ROOT	_	_
485	486	šarrūtu	šarrūtu	NOUN	N	Case=Nom|Gender=Fem|NounBase=Free|Number=Sing	487	nsubj	_	_
486	487	ikkû	ikkû	PRON	IP	Number=Sing|Person=2|Focus=Yes	485	ROOT	_	_
487	488	danānu	danānu	VERB	V	Gender=Masc|Number=Sing|Case=Nom|VerbForm=Inf|VerbStem=G	489	nsubj	_	_
488	489	ikkûma	ikkû	PRON	IP	Gender=Masc|Mood=Ind|Number=Plur|Person=3|Tense=Past|VerbForm=Fin|VerbStem=G	487	ROOT	_	_
489	490	ša	ša	ADP	PRP	_	491	case	_	_
490	491	pî	pû	NOUN	N	Case=Gen|Gender=Masc|NounBase=Free|Number=Sing	489	ROOT	_	_
491	492	Ahat-abiša	ahat-abiša	PROPN	PN	Case=Gen|Focus=No|Gender=Fem|NounBase=Free|Number=Sing	491	nmod:poss	_	_
492	493	marʾat	mārtu	NOUN	N	Case=Gen|Gender=Fem|Number=Sing|NounBase=Bound	492	appos	_	_
493	494	Arbail	arbail	PROPN	SN	Case=Gen|Gender=Masc|Number=Sing	493	nmod:poss	_	_
494	495	šulmu	šulmu	NOUN	N	Case=Nom|Gender=Masc|Number=Sing	494	ROOT	_	_
495	496	ana	ana	ADP	PRP	_	497	case	_	_
496	497	Aššur-ahu-iddina	aššur-ahu-iddina	PROPN	PN	Case=Gen|Gender=Masc|Number=Sing	495	nsubj	_	_
497	498	šar	šarru	NOUN	N	Case=Gen|Gender=Masc|NounBase=Bound|Number=Sing	497	appos	_	_
498	499	Mat-Aššur	mat-aššur	PROPN	GN	Case=Gen|Gender=Fem|Number=Sing	498	nmod:poss	_	_
499	500	Issar	issar	PROPN	DN	Case=Nom|Gender=Fem|Number=Sing	505	nsubj	_	_
500	501	ša	ša	ADP	PRP	_	502	case	_	_
501	502	Arbail	arbail	PROPN	SN	Case=Gen|Gender=Masc|Number=Sing	500	nmod	_	_
502	503	ana	ana	ADP	PRP	_	504	case	_	_
503	504	ṣēri	ṣēru	NOUN	N	Case=Gen|Gender=Masc|NounBase=Free|Number=Sing	505	iobj	_	_
504	505	tattūṣi	aṣû	VERB	V	Gender=Fem|Mood=Ind|Number=Sing|Person=3|Tense=Perf|VerbForm=Fin|VerbStem=G	499	ROOT	_	_
505	506	šulmu	šulmu	NOUN	N	Case=Acc|Gender=Masc|Number=Sing	512	obj	_	_
506	507	ana	ana	ADP	PRP	_	508	case	_	_
507	508	mūrīša	mūru	NOUN	N	Case=Gen|Gender=Masc|Number=Sing|PossSuffGen=Fem|PossSuffNum=Sing|PossSuffPer=3	512	iobj	_	_
508	509	ana	ana	ADP	PRP	_	510	case	_	_
509	510	birit	birti	NOUN	N	Case=Gen|Gender=Fem|Number=Sing|NounBase=Bound	512	obl	_	_
510	511	āli	ālu	NOUN	N	Case=Gen|Gender=Masc|Number=Sing	510	nmod:poss	_	_
511	512	tassapra	šapāru	VERB	V	Gender=Fem|Mood=Ind|Number=Sing|Person=3|Tense=Perf|Ventive=Yes|VerbForm=Fin|VerbStem=G	505	ROOT	_	_
512	513	ana	ana	ADP	PRP	_	514	case	_	_
513	514	uṣēša	aṣû	VERB	V	Gender=Masc|Number=Sing|Case=Gen|VerbForm=Inf|VerbStem=G|VerbSuffNum=Sing|VerbSuffPer=3|VerbSuffGen=Fem	_	_	_	_
514	515	ša	ša	PRON	PRP	_	_	_	_	_
515	516	u₂-x	u₂-x	X	X	_	_	_	_	_
516	517	x	x	X	X	_	_	_	_	_
517	518	x	x	X	X	_	_	_	_	_
518	519	x	x	X	X	_	_	_	_	_
519	520	{LU₂}x	{lu₂}x	X	X	_	_	_	_	_
520	521	x	x	X	X	_	_	_	_	_
521	522	x	x	X	X	_	_	_	_	_
522	523	x	x	X	X	_	_	_	_	_
523	524	x	x	X	X	_	_	_	_	_
524	525	mu-x+x	mu-x+x	X	X	_	_	_	_	_
525	526	x	x	X	X	_	_	_	_	_
526	527	x	x	X	X	_	_	_	_	_
527	528	x	x	X	X	_	_	_	_	_
528	529	x	x	X	X	_	_	_	_	_
529	530	ki-i	ki-i	X	X	_	_	_	_	_
530	531	x	x	X	X	_	_	_	_	_
531	532	x	x	X	X	_	_	_	_	_
532	533	x	x	X	X	_	_	_	_	_
533	534	x	x	X	X	_	_	_	_	_
534	535	x	x	X	X	_	_	_	_	_
535	536	x	x	X	X	_	_	_	_	_
536	537	x+x	x+x	X	X	_	_	_	_	_
537	538	x	x	X	X	_	_	_	_	_
538	539	x	x	X	X	_	_	_	_	_
539	540	x	x	X	X	_	_	_	_	_
540	541	x	x	X	X	_	_	_	_	_
541	542	x	x	X	X	_	_	_	_	_
542	543	lā	lā	PART	NEG	_	544	advmod	_	_
543	544	tapallah	palāhu	VERB	V	Gender=Masc|Mood=Ind|Number=Sing|Person=2|Tense=Pres|VerbForm=Fin|VerbStem=G	542	ROOT	_	_
544	545	Aššur-ahu-iddina	aššur-ahu-iddina	PROPN	PN	Case=Nom|Gender=Masc|Number=Sing	544	vocative	_	_
545	546	anāku	anāku	PRON	IP	Case=Nom|Gender=Com|Number=Sing|Person=1	547	nsubj	_	_
546	547	Belet-Arbail	belet-arbail	PROPN	DN	Case=Nom|Gender=Fem|Number=Sing	545	ROOT	_	_
547	548	Aššur-ahu-iddina	aššur-ahu-iddina	PROPN	PN	Case=Nom|Gender=Masc|Number=Sing	564	vocative	_	_
548	549	ša	ša	PRON	REL	_	555	nmod	_	_
549	550	ina	ina	ADP	PRP	_	551	case	_	_
550	551	ṭāb	ṭābu	VERB	V	Gender=Masc|Number=Sing|Case=Gen|VerbForm=Inf|VerbStem=G	556	obl	_	_
551	552	Issar	issar	PROPN	DN	Case=Nom|Gender=Fem|Number=Sing	556	nsubj	_	_
552	553	ša	ša	ADP	PRP	_	554	case	_	_
553	554	Arbail	arbail	PROPN	SN	Case=Gen|Gender=Masc|Number=Sing	552	nmod	_	_
554	555	habūnšu	habūnu	NOUN	N	Case=Acc|Gender=Masc|Number=Sing|PossSuffNum=Sing|PossSuffPer=3|PossSuffGen=Masc	556	obj	_	_
555	556	tumallûni	malû	VERB	V	Gender=Fem|Mood=Ind|Number=Sing|Person=3|SubSuff=Yes|Subordinative=Yes|Tense=Pres|VerbForm=Fin|VerbStem=D	548	acl	_	_
556	557	dabābu	dabābu	VERB	V	Gender=Masc|Number=Sing|VerbForm=Inf|VerbStem=G	564	discourse	_	_
557	558	pāniu	pānû	ADJ	AJ	Case=Gen|Gender=Masc|Number=Sing	557	amod	_	_
558	559	ša	ša	PRON	REL	_	560	obj	_	_
559	560	aqabakkanni	qabû	VERB	V	Gender=Com|Mood=Ind|Number=Sing|Person=1|SubSuff=Yes|Tense=Past|Ventive=Yes|VerbForm=Fin|VerbStem=G|VerbSuffGen=Masc|VerbSuffNum=Sing|VerbSuffPer=2	557	acl	_	_
560	561	ina	ina	ADP	PRP	_	562	case	_	_
561	562	muhhi	muhhu	NOUN	N	Case=Gen|Gender=Masc|Number=Sing	564	obl	_	_
562	563	lā	lā	PART	NEG	_	564	advmod	_	_
563	564	tazzīzi	izuzzu	VERB	V	Gender=Masc|Mood=Ind|Number=Sing|Person=2|Tense=Past|VerbForm=Fin|VerbStem=G	547	ROOT	_	_
564	565	ūmâ	ūma	ADV	AV	_	569	advmod	_	_
565	566	ina	ina	ADP	PRP	_	567	case	_	_
566	567	muhhi	muhhu	NOUN	N	Case=Gen|Gender=Masc|Number=Sing	569	obl	_	_
567	568	urkî	arkû	ADJ	AJ	Gender=Masc|Number=Sing|Case=Gen	567	nmod	_	_
568	569	tazzazma	izuzzu	VERB	V	Gender=Masc|Mood=Ind|Number=Sing|Person=2|Tense=Pres|VerbForm=Fin|VerbStem=G|Focus=Yes	564	ROOT	_	_
569	570	naʾʾidanni	nâdu	VERB	V	Gender=Masc|Number=Sing|Person=2|Mood=Imp|VerbStem=D|VerbSuffNum=Sing|VerbSuffPer=1|VerbSuffGen=Com	569	conj	_	_
570	571	kî	kī	SCONJ	SBJ	_	573	mark	_	_
571	572	ūmu	ūmu	NOUN	N	Case=Nom|Gender=Masc|Number=Sing	573	nsubj	_	_
572	573	išîṣūni	šiāṣu	VERB	V	Gender=Masc|Mood=Ind|Number=Sing|Person=3|SubSuff=Yes|Subordinative=Yes|Tense=Past|VerbForm=Fin|VerbStem=G	575	advcl	_	_
573	574	zīqāti	zīqtu	NOUN	N	Case=Acc|Gender=Fem|Number=Plur	575	obj	_	_
574	575	lukillu	kullu	VERB	V	Gender=Masc|Number=Plur|Person=3|Mood=Prec|VerbStem=D	570	ROOT	_	_
575	576	ina	ina	ADP	PRP	_	577	case	_	_
576	577	pāni	pānu	NOUN	N	Case=Gen|Gender=Masc|NounBase=Free|Number=Sing	578	obl	_	_
577	578	naʾʾidanni	nâdu	VERB	V	Gender=Masc|Number=Sing|Person=2|Mood=Imp|VerbStem=D|VerbSuffNum=Sing|VerbSuffPer=1|VerbSuffGen=Com	575	ROOT	_	_
578	579	nirriṭu	nirriṭu	NOUN	N	Case=Acc|Gender=Masc|Number=Sing	583	obj	_	_
579	580	issu	ištu	ADP	PRP	_	581	case	_	_
580	581	libbi	libbu	NOUN	N	Case=Gen|Gender=Masc|Number=Sing|NounBase=Bound	583	obl	_	_
581	582	ēkallīya	ēkallu	NOUN	N	Case=Gen|Gender=Masc|Number=Sing|PossSuffGen=Com|PossSuffNum=Sing|PossSuffPer=1	581	nmod	_	_
582	583	ušēṣa	aṣû	VERB	V	Gender=Com|Mood=Ind|Number=Sing|Person=1|Tense=Past|Ventive=Yes|VerbForm=Fin|VerbStem=Š	578	ROOT	_	_
583	584	aklu	akalu	NOUN	N	Case=Acc|Gender=Masc|Number=Sing	586	obj	_	_
584	585	taqnu	taqnu	ADJ	AJ	Case=Acc|Gender=Masc|Number=Sing	584	amod	_	_
585	586	takkal	akālu	VERB	V	Gender=Masc|Mood=Ind|Number=Plur|Person=2|Tense=Pres|VerbForm=Fin|VerbStem=G	583	ROOT	_	_
586	587	mê	mû	NOUN	N	Gender=Masc|Number=Plur|Case=Acc	589	obj	_	_
587	588	taqnūti	taqnu	ADJ	AJ	Gender=Masc|Number=Plur|Case=Acc	587	amod	_	_
588	589	tašatti	šatû	VERB	V	Case=Acc|Gender=Fem|Number=Sing	586	conj	_	_
589	590	ina	ina	ADP	PRP	_	591	case	_	_
590	591	libbi	libbu	NOUN	N	Case=Gen|Gender=Masc|NounBase=Bound|Number=Sing	593	obl	_	_
591	592	ēkallīka	ēkallu	NOUN	N	Case=Gen|Gender=Masc|Number=Sing|PossSuffGen=Masc|PossSuffNum=Sing|PossSuffPer=2	591	nmod:poss	_	_
592	593	tataqqun	taqānu	VERB	V	Gender=Masc|Mood=Ind|Number=Sing|Person=2|Tense=Pres|VerbForm=Fin|VerbStem=G	589	ROOT	_	_
593	594	mārka	māru	NOUN	N	Case=Nom|Gender=Masc|Number=Sing|PossSuffGen=Masc|PossSuffNum=Sing|PossSuffPer=2	602	nsubj	_	_
594	595	mār	māru	NOUN	N	Case=Nom|Gender=Masc|NounBase=Bound|Number=Sing	594	conj	_	_
595	596	marʾīka	māru	NOUN	N	Case=Gen|Gender=Masc|Number=Sing|PossSuffGen=Masc|PossSuffNum=Sing|PossSuffPer=2	595	nmod:poss	_	_
596	597	šarrūtu	šarrūtu	NOUN	N	Case=Acc|Gender=Fem|NounBase=Free|Number=Sing	602	obj	_	_
597	598	ina	ina	ADP	PRP	_	599	case	_	_
598	599	burki	burku	NOUN	N	Case=Gen|Gender=Masc|Number=Sing	602	obl	_	_
599	600	ša	ša	ADP	PRP	_	601	case	_	_
600	601	Inurta	inurta	PROPN	DN	Case=Gen|Gender=Masc|Number=Sing	599	nmod	_	_
601	602	uppaš	epēšu	VERB	V	Gender=Masc|Mood=Ind|Number=Sing|Person=3|Tense=Pres|VerbForm=Fin|VerbStem=D	593	ROOT	_	_
602	603	ša	ša	ADP	PRP	_	604	case	_	_
603	604	pî	pû	NOUN	N	Case=Gen|Focus=No|Gender=Masc|NounBase=Bound|Number=Sing	602	ROOT	_	_
604	605	La-dagil-ili	la-dagil-ili	PROPN	PN	Case=Gen|Gender=Masc|Number=Sing	604	nmod:poss	_	_
605	606	mār	māru	NOUN	N	Case=Gen|Gender=Masc|NounBase=Bound|Number=Sing	605	appos	_	_
606	607	Arbail	arbail	PROPN	PN	Case=Gen|Gender=Masc|Number=Sing	606	nmod:poss	_	_
