0	1	a-de-e	adê	NOUN	N	Case=Nom|Gender=Masc|NounBase=Free|Number=Sing	0	ROOT	_	_
1	2	ša₂	ša	ADP	DET	_	3	case	_	_
2	3	{MI₂}za-ku-u-te	{mi₂}za-ku-u-te	NOUN	PN	Gender=Fem|NounBase=Bound|Number=Plur	1	nmod	_	_
3	4	{MI₂}KUR	{mi₂}kur	PROPN	N	_	3	nmod:poss	_	_
4	5	{MI₂}KUR	{mi₂}kur	NOUN	N	Case=Gen|Gender=Fem|NounBase=Free|Number=Sing	4	nmod:poss	_	_
5	6	ša₂	ša	ADP	DET	_	7	case	_	_
6	7	{1}30-PAB-MEŠ-SU	{1}30-pab-meš-su	PROPN	RN	Gender=Masc	1	nmod	_	_
7	8	MAN	man	NOUN	N	Case=Nom|Gender=Masc|NounBase=Free|Number=Sing	7	appos	_	_
8	9	KUR-aš	kur-aš	ADJ	ADJ	Case=Gen|Gender=Masc|Number=Sing	8	amod	_	_
9	10	AMA	ama	NOUN	N	Gender=Fem|NounBase=Bound|Number=Sing	_	_	_	_
10	11	{1}aš-šur-PAB-AŠ	{1}aš-šur-pab-aš	PROPN	EN	Gender=Masc	10	nmod:poss	_	_
11	12	MAN	man	NOUN	N	Gender=Masc|NounBase=Bound|Number=Sing	11	appos	_	_
12	13	KUR-aš-šur	kur-aš-šur	PROPN	GN	Case=Gen|Gender=Fem|Number=Sing	12	nmod:poss	_	_
13	14	TA@v	ta@v	ADP	ADP	_	15	case	_	_
14	15	{1}{d}GIŠ.NU₁₁-MU-GI.NA	{1}{d}giš.nu₁₁-mu-gi.na	PROPN	NOUN	Case=Gen|Gender=Masc|Number=Sing	_	_	_	_
15	16	PAB	pab	NOUN	NOUN	Case=Nom|Gender=Masc|Number=Sing	17	nsubj	_	_
16	17	ta-li-me-šu₂	ta-li-me-šu₂	NOUN	N	Case=Nom|Gender=Masc|Number=Sing|PossSuffGen=Masc|PossSuffNum=Sing|PossSuffPer=3	_	_	_	_
17	18	TA@v	ta@v	ADP	PRP	_	19	case	_	_
18	19	{1}{d}GIŠ.NU₁₁-UG₅.GA-TI.LA	{1}{d}giš.nu₁₁-ug₅.ga-ti.la	PROPN	PN	Case=Gen|Gender=Masc|Number=Sing	24	dep	_	_
19	20	u₃	u	CONJ	CNJ	_	21	cc	_	_
20	21	re-eh-te	rēhte	NOUN	N	Case=Nom|Gender=Fem|NounBase=Bound|Number=Sing	19	conj	_	_
21	22	PAB-MEŠ-šu₂	pab-meš-šu₂	NOUN	NOUN	Case=Gen|Gender=Masc|Number=Sing	21	nmod	_	_
22	23	TA@v	ta@v	ADP	ADP	_	24	case	_	_
23	24	NUMUN	numun	NOUN	NOUN	Case=Nom|Gender=Masc|NounBase=Bound|Number=Sing	_	_	_	_
24	25	LUGAL	lugal	NOUN	NOUN	Case=Gen|Gender=Masc|Number=Sing	24	nmod	_	_
25	26	TA@v	ta@v	ADP	ADP	_	27	case	_	_
26	27	{LU₂}GAL-MEŠ	{lu₂}gal-meš	NOUN	NOUN	Case=Gen|Gender=Masc|Number=Plur	24	nmod	_	_
27	28	{LU₂}NAM-MEŠ	{lu₂}nam-meš	NOUN	NOUN	Case=Acc|Gender=Masc|Number=Plur	27	nmod	_	_
28	29	{LU₂}ša₂-ziq-ni	{lu₂}ša₂-ziq-ni	NOUN	NOUN	Case=Nom|Gender=Masc|NounBase=Bound|Number=Sing	27	conj	_	_
29	30	{LU₂}SAG-MEŠ	{lu₂}sag-meš	NOUN	NOUN	Case=Nom|Gender=Masc|Number=Plur	_	_	_	_
30	31	{LU₂}GUB-IGI	{lu₂}gub-igi	NOUN	NOUN	Case=Nom|Gender=Masc|NounBase=Bound|Number=Sing	30	conj	_	_
31	32	{LU₂}GUB-IGI	{lu₂}gub-igi	PROPN	PROPN	Case=Gen|Gender=Masc|Number=Sing	30	conj	_	_
32	33	TA@v	ta@v	ADP	ADP	_	34	case	_	_
33	34	{LU₂}zak-ke-e	{lu₂}zak-ke-e	NOUN	N	Case=Gen|Gender=Masc|Number=Plur	30	conj	_	_
34	35	u₃	u	CCONJ	CNJ	_	36	cc	_	_
35	36	{LU₂}TU-KUR	{lu₂}tu-kur	PROPN	RN	Gender=Masc	30	conj	_	_
36	37	{LU₂}TU-KUR	{lu₂}tu-kur	NOUN	N	Case=Gen|Gender=Masc|NounBase=Free|Number=Sing	36	appos	_	_
37	38	gab-bu	gabbu	DET	DET	_	_	_	_	_
38	39	o	o	X	X	_	_	_	_	_
39	40	TA@v	ta@v	ADP	ADP	_	41	case	_	_
40	41	DUMU-MEŠ	dumu-meš	NOUN	NOUN	Case=Gen|Gender=Masc|Number=Plur	_	_	_	_
41	42	KUR-aš-šur	kur-aš-šur	PROPN	GN	Case=Gen|Gender=Masc|Number=Sing	41	nmod	_	_
42	43	{LU₂}qal₃-lu	{lu₂}qal₃-lu	PROPN	PN	Case=Nom|Gender=Masc|Number=Sing	45	nsubj	_	_
43	44	{LU₂}dan-nu	{lu₂}dan-nu	NOUN	N	Case=Nom|Gender=Masc|Number=Sing	43	appos	_	_
44	45	man-nu	mannu	PRON	QP	Case=Nom|Gender=Masc|Number=Sing	_	_	_	_
45	46	ša₂	ša	PRON	PRON	_	48	nsubj	_	_
46	47	ina	ina	ADP	PRP	_	48	case	_	_
47	48	ŠA₃	ša	NOUN	N	Case=Gen|Gender=Masc|NounBase=Free|Number=Sing	_	_	_	_
48	49	a-de-e	adê	NOUN	N	Case=Gen|Gender=Masc|NounBase=Free|Number=Sing	48	nmod:poss	_	_
49	50	an-nu-te	annūte	DET	DP	Case=Nom|Gender=Masc|Number=Plur	49	det	_	_
50	51	ša₂	ša	ADP	DET	_	52	case	_	_
51	52	{MI₂}za-ku-u-te	{mi₂}za-ku-u-te	NOUN	NOUN	Gender=Fem|NounBase=Bound|Number=Plur	50	nmod	_	_
52	53	{MI₂}KUR	{mi₂}kur	PROPN	N	_	48	nmod	_	_
53	54	{MI₂}KUR	{mi₂}kur	NOUN	N	Case=Gen|Gender=Fem|NounBase=Free|Number=Sing	53	nmod	_	_
54	55	ina	ina	ADP	PRP	_	56	case	_	_
55	56	UGU	ugu	NOUN	N	Case=Gen|Gender=Masc|NounBase=Bound|Number=Sing	80	dislocated	_	_
56	57	{1}aš-šur-DU₃-A	{1}aš-šur-du₃-a	PROPN	PN	_	56	nmod	_	_
57	58	DUMU	dumu	NOUN	N	Gender=Masc|NounBase=Bound|Number=Sing	57	appos	_	_
58	59	ŠA₃-ŠA₃-bi-ša₂	ša₃-ša₃-bi-ša₂	NOUN	GN	Case=Gen|Gender=Masc|Number=Sing|PossSuffNum=Sing|PossSuffPer=1	58	nmod:poss	_	_
59	60	HUL₂	hul₂	NOUN	N	Gender=Masc|NounBase=Bound|Number=Sing	57	appos	_	_
60	61	TA@v	ta@v	ADP	PRP	_	62	case	_	_
61	62	UN-MEŠ	un-meš	NOUN	N	Case=Gen|Gender=Masc|Number=Plur	56	nmod	_	_
62	63	KUR	kur	NOUN	N	Case=Gen|Gender=Fem|Number=Sing	62	nmod	_	_
63	64	gab-bu	gabbu	DET	DET	_	65	nsubj	_	_
64	65	taš-kun-u-ni	taš-kun-u-ni	VERB	V	Gender=Masc|Mood=Ind|Number=Sing|Person=2|Tense=Past|VerbForm=Fin|VerbStem=G	62	acl	_	_
65	66	man-nu	mannu	PRON	QP	Case=Nom|Gender=Masc|Number=Sing	72	nsubj	_	_
66	67	ša₂	ša	PRON	DET	_	70	nsubj	_	_
67	68	a-bu-tu₂	abutu	NOUN	NOUN	Case=Acc|Gender=Fem|Number=Sing	70	nsubj	_	_
68	69	la	lā	PART	NEG	_	70	advmod	_	_
69	70	de-iq-tu₂	de-iq-tu₂	NOUN	NOUN	Case=Acc|Gender=Fem|Number=Sing	66	acl	_	_
70	71	la	lā	PART	MOD	_	72	advmod	_	_
71	72	ṭa-ab-tu₂	ṭa-ab-tu₂	NOUN	NOUN	Case=Acc|Gender=Fem|NounBase=Free|Number=Sing	80	obj	_	_
72	73	u₃	u	CONJ	CNJ	_	74	cc	_	_
73	74	na-bal-kat₃-tu	na-bal-kat₃-tu	NOUN	NOUN	Gender=Fem|Number=Sing	72	conj	_	_
74	75	ina	ina	ADP	ADP	_	76	case	_	_
75	76	UGU	ugu	NOUN	N	Case=Gen|Gender=Masc|NounBase=Bound|Number=Sing	74	nmod	_	_
76	77	{1}aš-šur-DU₃-A	{1}aš-šur-du₃-a	PROPN	PN	_	76	nmod	_	_
77	78	MAN	man	NOUN	N	Gender=Masc|NounBase=Bound|Number=Sing	77	appos	_	_
78	79	KUR-aš-šur	kur-aš-šur	PROPN	GN	Gender=Fem|Number=Sing	78	nmod:poss	_	_
79	80	EN-ku-nu	en-ku-nu	NOUN	V	Case=Gen|Gender=Masc|Number=Sing|PossSuffGen=Masc|PossSuffNum=Plur|PossSuffPer=3	_	_	_	_
80	81	x	x	X	X	_	_	_	_	_
81	82	x	x	X	X	_	_	_	_	_
82	83	ta-sa-li-a-ni	ta-sa-li-a-ni	VERB	N	Gender=Masc|Mood=Ind|Number=Plur|Person=3|Tense=Pres|Ventive=Yes|VerbForm=Fin|VerbStem=G	_	_	_	_
83	84	te-ep-pa-ša₂-a-ni	te-ep-pa-ša₂-a-ni	NOUN	N	Gender=Masc|Number=Plur	83	conj	_	_
84	85	nik-lu	nik-lu	NOUN	N	Case=Acc|Gender=Masc|Number=Plur	87	nsubj	_	_
85	86	la	lā	PART	NEG	_	87	advmod	_	_
86	87	da-an-qu	danqu	ADJ	ADJ	Gender=Masc|Number=Sing	90	advcl	_	_
87	88	da-ba-a-bu	da-ba-a-bu	ADJ	ADJ	Case=Nom|Gender=Masc|Number=Sing	90	nsubj	_	_
88	89	la	lā	PART	PART	_	90	advmod	_	_
89	90	ṭa-a-bu	ṭa-a-bu	VERB	VERB	Gender=Masc|Mood=Ind|Person=3|Ventive=Yes|VerbForm=Stat|VerbStem=D	_	_	_	_
90	91	ina	ina	ADP	ADP	_	92	case	_	_
91	92	UGU	ugu	NOUN	N	Case=Gen|Gender=Masc|NounBase=Bound|Number=Sing	_	_	_	_
92	93	{1}aš-šur-DU₃-A	{1}aš-šur-du₃-a	PROPN	PN	_	92	nmod	_	_
93	94	MAN	man	NOUN	N	Case=Nom|Gender=Masc|NounBase=Free|Number=Sing	93	appos	_	_
94	95	KUR-aš	kur-aš	NOUN	ADJ	Gender=Fem|NounBase=Bound|Number=Sing	94	amod	_	_
95	96	EN-ku-nu	en-ku-nu	NOUN	IP	Case=Gen|Gender=Masc|Number=Sing|PossSuffGen=Masc|PossSuffNum=Plur|PossSuffPer=3	93	appos	_	_
96	97	ina	ina	ADP	PRP	_	98	case	_	_
97	98	ŠA₃	ša	NOUN	N	Case=Gen|Gender=Masc|NounBase=Free|Number=Sing	96	nmod	_	_
98	99	ŠA₃-bi-ku-nu	ša₃-bi-ku-nu	NOUN	NOUN	Case=Gen|Gender=Masc|Number=Sing|PossSuffGen=Masc|PossSuffNum=Plur|PossSuffPer=3	98	nmod	_	_
99	100	ta-nak-kil-a-nin-ni	ta-nak-kil-a-nin-ni	NOUN	NOUN	Case=Nom|Gender=Masc|Number=Plur	93	conj	_	_
100	101	ta-dab₂-bu-ba-a-ni	ta-dab₂-bu-ba-a-ni	NOUN	VERB	Case=Gen|Gender=Fem|NounBase=Free|Number=Plur	93	conj	_	_
101	102	us-su-uk-tu₂	us-su-uk-tu₂	NOUN	VERB	Case=Acc|Gender=Masc|Number=Plur|PossSuffGen=Masc|PossSuffNum=Plur|PossSuffPer=3	93	conj	_	_
102	103	la	lā	PART	PART	_	104	advmod	_	_
103	104	de-iq-tu₂	de-iq-tu₂	NOUN	NOUN	Case=Nom|Gender=Fem|Number=Sing	107	nsubj	_	_
104	105	mil-ku	mil-ku	PRON	NOUN	Case=Nom|Gender=Masc|Number=Sing	107	nsubj	_	_
105	106	la	lā	PART	PART	_	107	advmod	_	_
106	107	ṭa-a-bu	ṭa-a-bu	VERB	VERB	Gender=Masc|Number=Sing|Person=3|Subordinative=Yes|VerbForm=Stat|VerbStem=G	112	nsubj	_	_
107	108	ša₂	ša	ADP	DET	_	109	case	_	_
108	109	si-hi	si-hi	NOUN	N	Gender=Masc|Number=Plur	107	nmod	_	_
109	110	bar-te	bar-te	NOUN	N	Case=Gen|Gender=Fem|NounBase=Free|Number=Sing	109	amod	_	_
110	111	ina	ina	ADP	PRP	_	112	case	_	_
111	112	ŠA₃-bi-ku-nu	ša₃-bi-ku-nu	NOUN	NOUN	Case=Gen|Gender=Fem|Number=Sing|PossSuffGen=Masc|PossSuffNum=Plur|PossSuffPer=3	119	obl	_	_
112	113	ina	ina	ADP	PRP	_	114	case	_	_
113	114	UGU	ugu	NOUN	N	Case=Gen|Gender=Masc|NounBase=Free|Number=Sing	112	nmod	_	_
114	115	{1}aš-šur-DU₃-A	{1}aš-šur-du₃-a	PROPN	PN	_	114	nmod	_	_
115	116	MAN	man	NOUN	N	Case=Nom|Gender=Masc|NounBase=Free|Number=Sing	115	appos	_	_
116	117	KUR-aš	kur-aš	NOUN	AJ	Gender=Fem|NounBase=Bound|Number=Sing	116	amod	_	_
117	118	EN-ku-nu	en-ku-nu	NOUN	N	Case=Gen|Gender=Masc|Number=Sing|PossSuffGen=Masc|PossSuffNum=Plur|PossSuffPer=3	119	dep	_	_
118	119	ta-mal-lik-a-ni	ta-mal-lik-a-ni	VERB	VERB	Gender=Masc|Mood=Ind|Number=Sing|Person=2|SubSuffix=Yes|Subordinative=Yes|Tense=Pres|VerbForm=Fin|VerbStem=G	_	_	_	_
119	120	ta-dab₂-bu-ba-a-ni	ta-dab₂-bu-ba-a-ni	VERB	VERB	Gender=Masc|Mood=Ind|Number=Sing|Person=3|SubSuff=Yes|Tense=Past|Ventive=Yes|VerbForm=Fin|VerbStem=G	_	_	_	_
120	121	TA@v	ta@v	ADP	ADP	_	_	_	_	_
121	122	x	x	X	X	_	_	_	_	_
122	123	x	x	X	X	_	_	_	_	_
123	124	x+x	x+x	X	X	_	_	_	_	_
124	125	02-e	šanie	VERB	VERB	_	_	_	_	_
125	126	ina	ina	ADP	ADP	_	127	case	_	_
126	127	UGU	ugu	NOUN	NOUN	Case=Gen|Gender=Masc|NounBase=Bound|Number=Sing	134	dislocated	_	_
127	128	du-a-ki	duāki	VERB	VERB	Case=Gen|Gender=Masc|Number=Sing|VerbForm=Inf|VerbStem=G	127	nmod	_	_
128	129	ša₂	ša	ADP	DET	_	130	case	_	_
129	130	{1}aš-šur-DU₃-A	{1}aš-šur-du₃-a	PROPN	RN	_	134	nsubj	_	_
130	131	MAN	man	NOUN	N	Case=Nom|Gender=Masc|NounBase=Free|Number=Sing	130	appos	_	_
131	132	KUR-aš	kur-aš	NOUN	AJ	Gender=Fem|NounBase=Bound|Number=Sing	131	amod	_	_
132	133	EN-ku-nu	en-ku-nu	NOUN	N	Gender=Masc|Number=Plur|PossSuffGen=Masc|PossSuffNum=Plur|PossSuffPer=3	130	amod	_	_
133	134	ta-dab₂-bu-ba-a-ni	ta-dab₂-bu-ba-a-ni	NOUN	N	Gender=Masc|NounBase=Bound|Number=Plur	_	_	_	_
134	135	aš-šur	Aššur	PROPN	DN	Gender=Masc	134	nmod:poss	_	_
135	136	{d}30	Sin	PROPN	DN	Gender=Masc	135	conj	_	_
136	137	{d}UTU	{d}utu	PROPN	DN	Gender=Masc	135	conj	_	_
137	138	{d}SAG.ME.GAR	{d}sag.me.gar	NOUN	N	Gender=Masc|NounBase=Bound|Number=Sing	135	conj	_	_
138	139	{d}dil-bat	{d}dil-bat	NOUN	N	Gender=Masc|NounBase=Bound|Number=Sing	135	appos	_	_
139	140	{d}UDU.IDIM.SAG.UŠ	{d}udu.idim.sag.uš	PROPN	WN	_	139	amod	_	_
140	141	{d}UDU.IDIM.GUD.UD	{d}udu.idim.gud.ud	NOUN	GN	Gender=Masc|NounBase=Bound|Number=Sing	135	conj	_	_
141	142	{d}ṣal-bat-a-nu	{d}ṣal-bat-a-nu	PROPN	PN	_	135	conj	_	_
142	143	{d}GAG.SI.SA₂	{d}gag.si.sa₂	PROPN	SN	Case=Gen|Gender=Masc|Number=Sing	_	_	_	_
143	144	x	x	X	X	_	_	_	_	_
144	145	x	x	X	X	_	_	_	_	_
145	146	x	x	X	X	_	_	_	_	_
146	147	x	x	X	X	_	_	_	_	_
147	148	x	x	X	X	_	_	_	_	_
148	149	x	x	X	X	_	_	_	_	_
149	150	x	x	X	X	_	_	_	_	_
150	151	ZAG	zag	NOUN	NOUN	_	_	_	_	_
151	152	u₂	u₂	X	X	_	_	_	_	_
152	153	KAB	kab	NOUN	NOUN	Case=Gen|Gender=Masc|Number=Sing	_	_	_	_
153	154	x	x	X	X	_	_	_	_	_
154	155	x	x	X	X	_	_	_	_	_
155	156	u₃	u	CONJ	CONJ	_	_	_	_	_
156	157	šum-ma	šumma	SCONJ	SCONJ	_	158	case	_	_
157	158	at-tu-nu	attunu	PRON	PRON	Case=Nom|Gender=Masc|Number=Plur|Person=2	160	nmod	_	_
158	159	TA@v	ta@v	ADP	ADP	_	160	case	_	_
159	160	ŠA₃	ša	NOUN	NOUN	Case=Gen|Gender=Masc|NounBase=Bound|Number=Sing	_	_	_	_
160	161	UD-me	ud-me	NOUN	NOUN	Case=Gen|Gender=Masc|Number=Sing	160	nmod	_	_
161	162	an-ni-e	annīe	DET	DP	Case=Gen|Gender=Masc|Number=Sing	160	det	_	_
162	163	a-bu-tu₂	abutu	NOUN	NOUN	Case=Acc|Gender=Fem|Number=Sing	191	obj	_	_
163	164	la	lā	PART	PART	_	165	advmod	_	_
164	165	de-iq-tu₂	de-iq-tu₂	NOUN	N	Gender=Fem|Number=Sing	163	conj	_	_
165	166	ša₂	ša	ADP	DET	_	167	case	_	_
166	167	si-hi	si-hi	NOUN	N	Case=Gen|Gender=Masc|NounBase=Free|Number=Sing	165	nmod	_	_
167	168	bar-te	bar-te	NOUN	AJ	Case=Gen|Gender=Fem|NounBase=Free|Number=Sing	167	amod	_	_
168	169	ša₂	ša	PRON	DET	_	176	nsubj	_	_
169	170	ina	ina	ADP	PRP	_	171	case	_	_
170	171	UGU	ugu	NOUN	N	Case=Gen|Gender=Masc|NounBase=Free|Number=Sing	176	obl	_	_
171	172	{1}aš-šur-DU₃-A	{1}aš-šur-du₃-a	PROPN	PN	_	176	nsubj	_	_
172	173	MAN	man	NOUN	N	Case=Nom|Gender=Masc|NounBase=Free|Number=Sing	172	appos	_	_
173	174	KUR-aš	kur-aš	NOUN	AJ	Gender=Fem|NounBase=Bound|Number=Sing	173	amod	_	_
174	175	be-li₂-ku-nu	be-li₂-ku-nu	NOUN	N	Case=Acc|Gender=Masc|Number=Sing|PossSuffGen=Masc|PossSuffNum=Plur|PossSuffPer=3	174	nmod:poss	_	_
175	176	i-dab₂-bu-bu-u-ni	i-dab₂-bu-bu-u-ni	VERB	VERB	Gender=Masc|Mood=Ind|Number=Plur|Person=3|Tense=Perf|Ventive=Yes|VerbForm=Fin|VerbStem=G	165	acl	_	_
176	177	ta-šam-ma-a-ni	ta-šam-ma-a-ni	VERB	NOUN	Gender=Masc|Mood=Ind|Number=Plur|Person=3|Tense=Perf|Ventive=Yes|VerbForm=Fin|VerbStem=G	179	advmod	_	_
177	178	la	lā	PART	PART	_	179	advmod	_	_
178	179	tal-la-ka-nin-ni	tal-la-ka-nin-ni	VERB	VERB	Gender=Fem|Mood=Ind|Number=Sing|Person=3|Tense=Pres|VerbForm=Fin|VerbStem=G|VerbSuffGen=Com|VerbSuffNum=Sing|VerbSuffPer=1	176	conj	_	_
179	180	uz-ni	uznī	NOUN	N	Gender=Masc|Number=Plur	163	conj	_	_
180	181	ša₂	ša	ADP	DET	_	182	case	_	_
181	182	{MI₂}za-ku-u-te	{mi₂}za-ku-u-te	NOUN	NOUN	Gender=Masc|NounBase=Bound|Number=Plur	180	nmod	_	_
182	183	AMA-šu₂	ama-šu₂	NOUN	N	Gender=Masc|Number=Plur|PossSuffGen=Masc|PossSuffNum=Sing|PossSuffPer=3	180	conj	_	_
183	184	u₃	u	CCONJ	CNJ	_	185	cc	_	_
184	185	ša₂	ša	ADP	DET	_	186	case	_	_
185	186	{1}aš-šur-DU₃-A	{1}aš-šur-du₃-a	PROPN	RN	Gender=Masc	180	nmod	_	_
186	187	MAN	man	NOUN	N	Case=Nom|Gender=Masc|NounBase=Free|Number=Sing	186	appos	_	_
187	188	KUR-aš	kur-aš	NOUN	NOUN	Gender=Fem|NounBase=Bound|Number=Sing	187	amod	_	_
188	189	EN-ku-nu	en-ku-nu	ADP	N	PrepSuffGen=Masc|PrepSuffNum=Plur|PrepSuffPer=3	191	obl	_	_
189	190	la	lā	PART	PART	_	191	advmod	_	_
190	191	tu-pat-ta-a-ni	tu-pat-ta-a-ni	VERB	VERB	Gender=Com|Mood=Ind|Number=Plur|Person=1|Tense=Past|VerbForm=Fin|VerbStem=G	160	conj	_	_
191	192	u₃	u	CONJ	CONJ	_	206	cc	_	_
192	193	šum-ma	šumma	SCONJ	SCONJ	_	206	mark	_	_
193	194	at-tu-nu	attunu	PRON	IP	Case=Nom|Gender=Masc|Number=Plur|Person=2	206	obl	_	_
194	195	ša₂	ša	ADP	DET	_	196	nsubj	_	_
195	196	da-a-ki	da-a-ki	NOUN	VERB	Case=Gen|Gender=Masc|NounBase=Free|Number=Sing	194	nmod	_	_
196	197	u₃	u	CCONJ	CNJ	_	198	cc	_	_
197	198	hul-lu-qi₂	hul-lu-qi₂	NOUN	N	Case=Gen|Gender=Masc|NounBase=Free|Number=Sing	196	conj	_	_
198	199	ša₂	ša	ADP	DET	_	200	case	_	_
199	200	{1}aš-šur-DU₃-A	{1}aš-šur-du₃-a	PROPN	RN	_	204	nsubj	_	_
200	201	MAN	man	NOUN	N	Case=Nom|Gender=Masc|NounBase=Free|Number=Sing	200	appos	_	_
201	202	KUR-aš	kur-aš	NOUN	AJ	Gender=Fem|NounBase=Bound|Number=Sing	201	amod	_	_
202	203	EN-ku-nu	en-ku-nu	ADP	N	PrepSuffGen=Masc|PrepSuffNum=Plur|PrepSuffPer=3	204	nummod	_	_
203	204	ta-šam-ma-a-ni	ta-šam-ma-a-ni	VERB	VERB	Gender=Masc|Mood=Ind|Number=Sing|Person=2|Tense=Past|VerbForm=Fin|VerbStem=G	206	advmod	_	_
204	205	la	lā	PART	PART	_	206	advmod	_	_
205	206	tal-la-ka-nin-ni	tal-la-ka-nin-ni	VERB	VERB	Gender=Fem|Mood=Ind|Number=Sing|Person=3|Tense=Pres|VerbForm=Fin|VerbStem=G|VerbSuffGen=Com|VerbSuffNum=Sing|VerbSuffPer=1	191	conj	_	_
206	207	uz-ni	uznī	NOUN	N	Case=Acc|Gender=Masc|Number=Plur	219	obj	_	_
207	208	ša₂	ša	ADP	ADP	_	209	case	_	_
208	209	{MI₂}za-ku-te	{mi₂}za-ku-te	NOUN	N	Case=Gen|Gender=Masc|Number=Plur	207	nmod	_	_
209	210	o	o	X	X	_	211	advmod	_	_
210	211	AMA-šu₂	ama-šu₂	NOUN	N	Case=Nom|Gender=Masc|Number=Sing|PossSuffGen=Masc|PossSuffNum=Sing|PossSuffPer=3	207	acl	_	_
211	212	u₃	u	CCONJ	CNJ	_	213	cc	_	_
212	213	ša₂	ša	ADP	DET	_	214	case	_	_
213	214	{1}aš-šur-DU₃-A	{1}aš-šur-du₃-a	PROPN	RN	Gender=Masc	207	nmod	_	_
214	215	MAN	man	NOUN	N	Case=Nom|Gender=Masc|NounBase=Free|Number=Sing	214	appos	_	_
215	216	KUR-aš	kur-aš	ADJ	AJ	Case=Gen|Gender=Masc|Number=Sing	215	amod	_	_
216	217	be-li₂-ku-nu	be-li₂-ku-nu	NOUN	N	Gender=Masc|Number=Plur|PossSuffGen=Masc|PossSuffNum=Plur|PossSuffPer=3	219	obl	_	_
217	218	la	lā	PART	PART	_	219	advmod	_	_
218	219	tu-pat-ta-a-ni	tu-pat-ta-a-ni	VERB	VERB	Gender=Com|Mood=Ind|Number=Plur|Person=1|Tense=Past|VerbForm=Fin|VerbStem=G	_	_	_	_
219	220	u₃	u	CONJ	CONJ	_	226	cc	_	_
220	221	šum-ma	šumma	SCONJ	SCONJ	_	226	mark	_	_
221	222	at-tu-nu	attunu	PRON	PRON	Case=Nom|Gender=Masc|Number=Plur|Person=2	226	nsubj	_	_
222	223	ki-i	kī	ADP	ADP	_	224	case	_	_
223	224	nik-lu	nik-lu	NOUN	N	Case=Acc|Gender=Masc|Number=Plur	226	obl	_	_
224	225	la	lā	PART	PART	_	226	advmod	_	_
225	226	da-an-qu	danqu	ADJ	ADJ	Gender=Masc|Number=Sing	233	obj	_	_
226	227	ina	ina	ADP	PRP	_	228	case	_	_
227	228	UGU	ugu	NOUN	N	Case=Gen|Gender=Masc|NounBase=Bound|Number=Sing	233	obl	_	_
228	229	{1}aš-šur-DU₃-A	{1}aš-šur-du₃-a	PROPN	PN	_	233	nsubj	_	_
229	230	MAN	man	NOUN	N	Case=Nom|Gender=Masc|NounBase=Free|Number=Sing	229	appos	_	_
230	231	KUR-aš	kur-aš	ADJ	ADJ	Case=Gen|Gender=Masc|Number=Sing	230	amod	_	_
231	232	be-li₂-ku-nu	be-li₂-ku-nu	NOUN	N	Case=Acc|Gender=Masc|Number=Sing|PossSuffGen=Masc|PossSuffNum=Plur|PossSuffPer=3	229	appos	_	_
232	233	i-nak-kil-an-ni	i-nak-kil-an-ni	VERB	VERB	Gender=Masc|Mood=Ind|Number=Plur|Person=3|Tense=Perf|Ventive=Yes|VerbForm=Fin|VerbStem=G	_	_	_	_
233	234	ta-šam-ma-a-ni	ta-šam-ma-a-ni	VERB	VERB	Gender=Masc|Mood=Imp|Number=Plur|Person=2|Ventive=Yes|VerbStem=G	236	dep	_	_
234	235	la	lā	PART	PART	_	236	advmod	_	_
235	236	tal-la-ka-nin-ni	tal-la-ka-nin-ni	VERB	VERB	Gender=Com|Mood=Ind|Number=Plur|Person=1|SubSuff=Yes|Subordinative=Yes|Tense=Past|VerbForm=Fin|VerbStem=G	233	conj	_	_
236	237	ina	ina	ADP	ADP	_	238	case	_	_
237	238	IGI	igi	NOUN	NOUN	Case=Gen|Gender=Masc|NounBase=Bound|Number=Sing	249	obl	_	_
238	239	{MI₂}za-ku-te	{mi₂}za-ku-te	NOUN	NOUN	Case=Gen|Gender=Masc|Number=Plur	238	nmod	_	_
239	240	AMA-šu₂	ama-šu₂	NOUN	VERB	Gender=Masc|Number=Plur|PossSuffGen=Masc|PossSuffNum=Sing|PossSuffPer=3	239	conj	_	_
240	241	u₃	u	CONJ	CNJ	_	243	cc	_	_
241	242	ina	ina	ADP	PRP	_	243	case	_	_
242	243	IGI	igi	NOUN	N	Gender=Masc|NounBase=Bound|Number=Sing	249	dep	_	_
243	244	{1}aš-šur-DU₃-A	{1}aš-šur-du₃-a	PROPN	PN	_	243	nmod	_	_
244	245	MAN	man	NOUN	N	Case=Nom|Gender=Masc|NounBase=Free|Number=Sing	244	appos	_	_
245	246	KUR-aš	kur-aš	ADJ	AJ	Case=Gen|Gender=Masc|Number=Sing	245	amod	_	_
246	247	be-li₂-ku-nu	be-li₂-ku-nu	NOUN	N	Gender=Masc|Number=Plur|PossSuffGen=Masc|PossSuffNum=Plur|PossSuffPer=3	249	dep	_	_
247	248	la	lā	PART	MOD	_	249	advmod	_	_
248	249	ta-qab-ba-a-ni	ta-qab-ba-a-ni	VERB	VERB	Gender=Com|Mood=Ind|Number=Plur|Person=1|Tense=Past|VerbForm=Fin|VerbStem=G	_	_	_	_
249	250	u₃	u	CONJ	CONJ	_	253	cc	_	_
250	251	šum-ma	šumma	SCONJ	SCONJ	_	253	mark	_	_
251	252	at-tu-nu	attunu	PRON	PRON	Case=Nom|Gender=Masc|Number=Plur|Person=2	253	nsubj	_	_
252	253	ta-šam-ma-a-ni	ta-šam-ma-a-ni	ADJ	VERB	Case=Nom|Gender=Masc|Number=Plur	249	conj	_	_
253	254	tu-da-a-ni	tu-da-a-ni	VERB	VERB	Gender=Masc|Mood=Ind|Number=Sing|Person=3|Tense=Perf|VerbForm=Fin|VerbStem=G|VerbSuffGen=Com|VerbSuffNum=Sing|VerbSuffPer=1	249	conj	_	_
254	255	ma-a	mā	PART	Quotative	_	264	discourse	_	_
255	256	ERIM-MEŠ	erim-meš	NOUN	NOUN	Case=Acc|Gender=Masc|Number=Plur	264	dislocated	_	_
256	257	mu-šam-hi-iṣ-ṣu-u-te	mu-šam-hi-iṣ-ṣu-u-te	NOUN	NOUN	Case=Gen|Gender=Masc|Number=Plur	256	nmod	_	_
257	258	mu-šad-bi-bu-u-te	mu-šad-bi-bu-u-te	NOUN	N	Gender=Fem|Number=Plur	256	det	_	_
258	259	ša₂	ša	PRON	DET	_	261	nsubj	_	_
259	260	ina	ina	ADP	PRP	_	261	case	_	_
260	261	bir-tuk-ku-nu	bir-tuk-ku-nu	NOUN	NOUN	Case=Gen|Gender=Masc|Number=Sing|PossSuffGen=Masc|PossSuffNum=Plur|PossSuffPer=3	256	acl	_	_
261	262	lu-u	lū	PART	PART	_	263	advmod	_	_
262	263	ina	ina	ADP	ADP	_	264	case	_	_
263	264	{LU₂}ša₂-ziq-ni	{lu₂}ša₂-ziq-ni	NOUN	NOUN	Case=Gen|Gender=Masc|NounBase=Bound|Number=Sing	278	nsubj	_	_
264	265	lu-u	lū	PART	PART	_	273	advmod	_	_
265	266	ina	ina	ADP	ADP	_	267	case	_	_
266	267	{LU₂}SAG-MEŠ	{lu₂}sag-meš	NOUN	NOUN	Case=Gen|Gender=Masc|Number=Plur	265	conj	_	_
267	268	lu-u	lū	PART	PART	_	269	advmod	_	_
268	269	ina	ina	ADP	ADP	_	270	case	_	_
269	270	PAB-MEŠ-šu₂	pab-meš-šu₂	NOUN	NOUN	Case=Gen|Gender=Masc|Number=Plur|PossSuffGen=Masc|PossSuffNum=Sing|PossSuffPer=3	265	parataxis	_	_
270	271	lu-u	lū	PART	PART	_	273	advmod	_	_
271	272	ina	ina	ADP	ADP	_	273	case	_	_
272	273	NUMUN	numun	NOUN	NOUN	Gender=Masc|NounBase=Bound|Number=Sing	278	obl	_	_
273	274	MAN	man	NOUN	NOUN	Case=Nom|Gender=Masc|NounBase=Free|Number=Sing	273	nmod	_	_
274	275	lu-u	lū	PART	PART	_	276	advmod	_	_
275	276	PAB-MEŠ-ku-nu	pab-meš-ku-nu	NOUN	NOUN	Case=Nom|Gender=Masc|Number=Sing|PossSuffGen=Masc|PossSuffNum=Sing|PossSuffPer=3	273	conj	_	_
276	277	lu-u	lū	PART	PART	_	278	advmod	_	_
277	278	EN-ṭa-ba-te-ku-nu	en-ṭa-ba-te-ku-nu	NOUN	NOUN	Case=Nom|Gender=Masc|Number=Sing	_	_	_	_
278	279	EN-ṭa-ba-te-ku-nu	en-ṭa-ba-te-ku-nu	NOUN	NOUN	Case=Nom|Gender=Masc|NounBase=Bound|Number=Sing	286	nsubj	_	_
279	280	lu-u	lū	PART	PART	_	286	advmod	_	_
280	281	ina	ina	ADP	ADP	_	282	case	_	_
281	282	UN-MEŠ	un-meš	NOUN	N	Case=Gen|Gender=Masc|Number=Plur	280	conj	_	_
282	283	KUR	kur	NOUN	N	Case=Gen|Gender=Fem|Number=Sing	282	nmod	_	_
283	284	gab-bu	gabbu	DET	DET	_	285	nsubj	_	_
284	285	ta-šam-ma-a-ni	ta-šam-ma-a-ni	VERB	N	Gender=Masc|Mood=Ind|Number=Plur|Person=3|VerbForm=Stat|VerbStem=G	282	nmod	_	_
285	286	tu-da-a-ni	tu-da-a-ni	VERB	VERB	Gender=Masc|Mood=Ind|Number=Plur|Person=3|SubSuff=Yes|VerbForm=Stat|VerbStem=G|Voice=Pass	288	dep	_	_
286	287	la	lā	PART	PART	_	288	advmod	_	_
287	288	ta-ṣab-ba-ta-nin-ni	ta-ṣab-ba-ta-nin-ni	VERB	VERB	Gender=Masc|Mood=Proh|Number=Sing|Person=2|VerbStem=G|VerbSuffGen=Com|VerbSuffNum=Sing|VerbSuffPer=1	290	dep	_	_
288	289	la	lā	PART	PART	_	290	advmod	_	_
289	290	ta-du-ka-ni	tadūkāni	VERB	VERB	Gender=Com|Mood=Ind|Number=Plur|Person=1|SubSuff=Yes|Subordinative=Yes|Tense=Past|VerbForm=Fin|VerbStem=G	_	_	_	_
290	291	ina	ina	ADP	ADP	_	292	case	_	_
291	292	UGU	ugu	NOUN	NOUN	Case=Gen|Gender=Masc|NounBase=Bound|Number=Sing	303	dislocated	_	_
292	293	{MI₂}za-ku-te	{mi₂}za-ku-te	NOUN	NOUN	Case=Gen|Gender=Masc|Number=Plur	292	nmod	_	_
293	294	AMA-šu₂	ama-šu₂	NOUN	VERB	Gender=Masc|Number=Plur|PossSuffGen=Masc|PossSuffNum=Sing|PossSuffPer=3	293	conj	_	_
294	295	u₃	u	CONJ	CNJ	_	297	cc	_	_
295	296	ina	ina	ADP	PRP	_	297	case	_	_
296	297	UGU	ugu	NOUN	N	Case=Gen|Gender=Masc|NounBase=Bound|Number=Sing	303	obl	_	_
297	298	{1}aš-šur-DU₃-A	{1}aš-šur-du₃-a	PROPN	PN	_	303	nsubj	_	_
298	299	MAN	man	NOUN	N	Case=Nom|Gender=Masc|NounBase=Free|Number=Sing	298	appos	_	_
299	300	KUR-aš	kur-aš	ADJ	AJ	Case=Gen|Gender=Masc|Number=Sing	299	amod	_	_
300	301	be-li₂-ku-nu	be-li₂-ku-nu	NOUN	N	Gender=Masc|Number=Plur|PossSuffGen=Masc|PossSuffNum=Plur|PossSuffPer=3	303	nsubj	_	_
301	302	la	lā	PART	MOD	_	303	advmod	_	_
302	303	tu-bal-a-nin-ni	tu-bal-a-nin-ni	VERB	V	Gender=Masc|Mood=Ind|Number=Plur|Person=3|Tense=Past|Ventive=Yes|VerbForm=Fin|VerbStem=G	290	conj	_	_
