verb	obj	iobj	obl	mark	advmod	ccomp	discourse	cop	csubj	dep	dislocated	fixed	advcl	cc	nmod	nsubj	acl	orphan	parataxis	root	vocative	xcomp
karābu	13	103	131	0	10	5	1	0	0	3	0	0	2	6	5	217	2	0	0	0	0	0
balāṭu	25	3	11	8	13	0	2	1	0	0	1	0	5	7	49	30	0	0	2	0	1	0
ṣullû	44	5	42	0	31	0	1	0	0	0	0	0	2	5	0	3	0	0	0	0	0	0
alāku	79	447	530	161	348	55	224	8	0	7	43	15	71	45	140	646	29	0	9	0	3	7
šadādu	29	3	17	4	10	3	5	2	0	0	0	0	1	3	7	13	0	0	2	0	0	0
manû	10	3	27	5	4	0	2	0	0	0	1	0	3	7	2	12	0	0	0	0	0	1
šapāru	450	448	573	79	250	318	101	3	0	9	46	2	95	49	120	625	22	0	6	0	1	1
leʾû	57	0	7	0	6	0	4	0	0	1	0	0	0	2	2	31	0	0	0	0	0	0
epēšu	378	17	289	37	120	8	58	0	0	11	24	2	36	41	54	243	8	0	4	0	2	1
wadû	39	1	31	11	116	114	14	0	0	1	21	1	10	17	26	202	2	0	1	0	2	1
tadānu	174	91	70	15	82	7	55	2	0	3	11	0	13	6	42	88	4	0	1	0	1	0
kaṣāru	23	1	4	2	1	0	5	0	0	0	1	0	6	2	0	8	0	0	0	0	0	0
sadru	0	0	5	0	0	0	1	0	0	0	0	0	0	0	0	2	0	0	0	0	0	0
qabû	240	118	249	54	230	351	63	4	0	3	20	4	38	44	100	466	21	0	4	0	3	1
arādu	14	14	16	3	11	0	9	0	0	0	3	2	3	0	7	23	1	0	1	0	0	0
mâtu	4	1	35	5	20	0	8	0	0	0	1	0	13	5	3	25	0	0	0	0	0	0
etēqu	24	8	45	8	25	5	12	2	0	0	1	2	4	5	152	40	4	0	2	0	0	7
ašābu	26	2	76	4	14	2	10	0	0	1	1	2	8	4	6	27	0	0	2	0	0	0
biātu	4	0	3	0	5	0	0	0	0	0	0	0	0	0	0	0	0	0	0	0	0	0
tebû	7	3	19	11	5	1	5	0	0	0	1	0	5	1	5	17	2	0	0	0	0	0
kamsu	3	0	43	2	13	0	7	0	0	1	3	0	1	3	4	21	0	0	0	0	0	0
akālu	97	4	59	10	17	1	10	1	0	0	10	0	6	6	15	64	4	0	0	0	0	1
karru	0	0	8	0	1	0	3	0	0	0	0	0	0	0	1	12	0	0	0	0	0	0
wabālu	331	149	356	12	103	11	59	3	0	13	25	6	29	48	97	128	5	0	5	0	0	6
aṣû	49	15	88	17	48	6	22	1	0	0	7	0	5	6	23	67	6	0	0	0	2	0
mahāṣu	16	2	19	4	4	1	8	0	0	0	1	1	2	0	4	10	0	0	0	0	0	0
mugguru	1	0	0	0	0	0	0	0	0	0	0	0	1	0	0	0	0	0	0	0	0	0
izuzzu	20	5	126	10	32	3	10	0	0	2	2	1	13	10	9	65	0	0	0	0	2	0
ebēru	20	2	25	2	11	2	6	0	0	0	2	0	1	3	5	14	0	0	0	0	0	0
našû	287	38	259	24	52	7	43	1	0	3	11	3	32	28	34	128	7	1	1	0	0	3
dabābu	84	10	178	11	53	32	35	1	0	5	8	1	18	13	17	76	8	0	1	0	0	1
kullu	18	0	15	3	5	3	2	0	0	0	1	0	0	1	1	13	0	0	0	0	0	0
amāru	146	2	100	40	73	20	31	1	0	0	11	2	17	19	26	80	6	0	0	0	1	0
paqdu	2	3	13	2	2	0	2	0	0	0	1	0	0	1	0	11	0	0	1	0	0	1
erēbu	45	42	198	18	42	5	25	0	0	0	9	1	19	18	31	81	1	0	1	0	0	0
mītu	0	0	6	1	5	0	1	0	0	0	1	0	1	1	1	12	0	0	0	0	0	0
kašādu	121	5	131	8	34	0	10	0	0	5	2	3	11	18	34	76	3	0	7	0	2	2
halāqu	55	12	146	16	22	0	7	0	0	0	0	1	15	10	12	49	0	0	1	0	0	0
maṣû	2	0	11	5	16	0	2	0	0	0	0	0	0	0	2	8	0	0	0	0	0	0
šemû	332	7	331	85	117	46	27	5	0	12	11	2	18	65	74	166	5	0	7	0	0	11
ṣabātu	173	4	111	31	52	3	26	0	0	2	9	0	23	13	30	79	5	0	2	0	1	2
uššuru	0	1	1	0	1	0	2	0	0	0	0	0	0	0	0	5	0	0	0	0	0	0
emēdu	26	2	13	0	4	0	0	0	0	0	1	0	2	2	5	11	0	0	0	0	0	0
sahāru	29	17	36	12	20	4	17	1	0	1	4	6	7	4	26	45	2	0	2	0	0	0
šâṭu	6	1	13	1	20	1	0	0	0	0	0	0	0	3	2	7	0	0	0	0	2	1
šumruṣu	0	1	0	1	2	0	0	0	0	0	0	0	0	0	0	1	0	0	0	0	0	0
dekû	66	5	65	9	16	1	4	0	0	3	1	2	8	12	11	30	2	0	0	0	1	1
qerēbu	23	11	57	11	19	0	9	0	0	0	3	0	3	0	15	33	2	0	0	0	0	1
šakānu	397	54	386	37	98	53	44	1	0	11	19	2	29	40	46	247	2	0	3	0	0	5
karāru	27	1	38	2	5	2	4	0	0	0	2	0	1	1	7	11	0	0	0	0	0	0
ramû	41	4	30	7	31	0	13	0	0	1	3	0	3	1	4	22	2	0	1	0	0	0
marāṣu	2	0	3	1	0	1	0	0	0	0	0	0	1	0	1	3	0	0	0	0	0	0
qurbu	3	1	13	1	11	1	2	0	0	0	2	0	0	1	0	13	0	0	0	0	0	0
mahru	3	15	41	28	11	0	4	0	0	0	0	1	1	2	6	22	3	0	0	0	0	0
karāku	7	0	6	0	2	0	1	0	0	0	1	0	0	1	1	1	0	0	1	0	0	0
ašbu	0	1	29	6	3	0	0	0	0	0	0	0	1	1	0	15	0	0	1	0	0	0
dâku	56	3	23	9	27	5	21	0	0	0	2	0	15	8	10	28	3	0	2	0	0	0
malû	24	3	15	0	3	0	2	0	0	0	1	0	5	2	3	11	0	0	0	0	0	0
paṭāru	18	0	11	6	7	1	6	0	0	0	2	0	2	2	2	13	0	0	0	0	0	0
šanû	16	3	9	3	9	0	1	0	0	0	0	0	1	1	6	12	1	0	0	0	0	0
šâlu	63	5	31	6	24	52	15	1	0	10	15	1	6	9	32	106	11	0	3	0	0	0
eṣēru	3	0	2	0	1	0	0	0	0	0	0	0	0	0	2	1	0	0	0	0	0	0
parku	0	0	2	0	0	0	0	0	0	0	0	0	0	0	0	2	0	0	0	0	0	0
šaknu	11	7	48	5	13	5	7	0	0	0	1	0	3	6	5	37	0	0	0	0	0	0
magāru	9	3	7	1	75	7	6	0	0	0	2	2	8	2	6	23	1	0	1	0	0	0
haṭû	19	10	54	16	24	1	6	0	0	0	3	0	0	11	3	43	0	0	0	0	0	0
naṣāru	128	3	66	12	39	0	10	1	0	0	2	0	11	14	14	57	3	0	0	0	2	0
kanāšu	29	1	48	3	8	1	2	0	0	1	0	0	1	4	7	18	1	0	0	0	0	1
pahāru	29	1	13	2	7	0	4	0	0	0	0	0	4	1	4	13	0	0	0	0	0	0
paqādu	46	10	73	7	17	3	11	0	0	0	5	0	7	5	4	34	1	0	1	0	0	0
erēšu	38	0	12	1	10	0	11	0	0	0	1	0	1	2	2	11	0	0	0	0	0	0
eṣēdu	8	0	0	0	1	0	1	0	0	0	1	0	1	0	1	1	0	0	0	0	0	0
târu	303	42	404	24	59	5	13	0	0	12	1	4	17	59	56	105	1	0	3	0	1	6
nadānu	122	94	50	12	47	7	26	0	0	0	6	0	20	17	7	54	2	0	0	0	0	0
dalāqu	1	0	0	0	0	1	0	0	0	0	0	0	0	0	0	0	0	0	0	0	0	0
mahāru	121	15	141	10	44	10	23	0	0	0	1	0	8	18	23	62	3	0	2	0	0	1
nasāqu	1	0	0	0	1	0	1	0	0	0	0	0	0	0	0	1	0	0	0	0	0	0
yānu	2	2	20	4	0	0	5	0	0	0	1	0	6	5	0	28	0	0	0	0	0	0
bašû	10	3	66	23	24	3	20	1	0	0	9	1	8	13	15	149	2	2	2	0	0	0
samû	1	0	2	0	2	0	0	0	0	0	0	0	1	1	0	3	0	0	0	0	0	0
ṣabtu	6	0	20	3	6	0	1	0	0	0	0	0	1	3	7	11	0	0	0	0	0	0
zâzu	3	1	1	0	1	0	1	0	0	0	0	0	0	1	0	3	0	0	0	0	0	0
kapādu	6	0	2	2	1	0	0	0	0	0	1	0	0	1	0	5	0	0	0	0	0	0
elû	55	26	87	9	36	3	11	0	0	0	3	1	6	9	11	52	3	0	0	0	0	0
hepû	15	2	4	2	6	0	3	0	0	0	0	0	0	6	5	8	0	0	0	0	0	0
leqû	11	1	14	1	1	1	4	0	0	0	1	0	0	1	3	11	0	0	0	0	0	0
palāhu	33	1	27	9	58	8	17	2	0	1	2	1	10	1	27	49	7	1	0	0	7	0
lawû	19	4	15	4	3	0	1	0	0	1	0	0	0	2	4	15	0	0	1	0	1	0
wussû	5	0	2	1	3	1	1	0	0	0	2	0	1	1	0	6	0	0	0	0	0	0
kalû	30	3	34	3	24	5	13	0	0	0	5	0	9	8	8	27	0	0	1	0	0	0
râmu	17	1	7	3	7	0	2	0	0	0	1	0	1	1	6	14	0	0	0	0	0	0
damāqu	5	1	7	0	2	0	1	0	0	0	0	1	0	0	2	2	0	0	0	0	0	0
danānu	12	1	10	2	9	0	2	2	0	0	1	0	1	1	17	15	5	0	0	0	0	0
bêlu	13	0	3	0	3	0	1	0	0	0	0	0	0	0	1	10	0	0	0	0	0	0
gamāru	31	2	22	7	19	1	11	1	0	0	2	1	3	0	8	18	1	0	1	0	0	0
qurruru	0	0	1	0	0	0	0	0	0	0	0	0	0	0	0	0	0	0	0	0	0	0
uṣṣuṣu	0	1	1	2	2	1	0	0	0	0	0	0	0	1	6	3	0	0	0	0	0	0
hamû	0	1	2	1	12	1	1	0	0	0	0	0	0	2	0	12	0	0	0	0	0	0
halqu	0	0	1	0	0	1	2	1	0	0	0	0	0	2	1	7	0	0	0	0	0	0
ṭābu	6	10	39	0	163	2	8	2	0	1	4	1	4	8	7	176	2	0	1	0	0	0
kabātu	3	0	1	1	2	0	3	0	0	2	0	0	0	0	0	0	0	0	0	0	0	0
hadû	2	0	2	3	11	1	1	0	0	0	0	0	0	0	0	10	0	0	0	0	0	0
laššu	2	0	23	14	10	1	16	0	0	0	5	0	3	2	8	57	3	0	0	0	0	0
damqu	0	0	0	1	2	0	0	0	0	0	1	0	0	0	0	2	0	0	0	0	0	0
nakāru	15	0	39	9	9	1	5	0	0	0	1	0	1	10	0	16	0	0	0	0	0	1
watû	2	0	3	1	1	0	0	0	0	0	0	0	0	0	0	2	0	0	0	0	0	0
rabû	9	2	13	2	5	0	4	0	0	0	0	0	4	0	1	10	0	0	0	0	0	0
šiāmu	13	1	7	0	1	1	0	0	0	0	1	0	1	0	0	10	0	0	0	0	0	0
pašāhu	1	0	0	0	0	1	0	0	0	0	0	0	0	0	1	1	0	0	0	0	0	0
tarāṣu	12	3	8	1	5	0	0	0	0	0	1	0	0	1	1	1	0	0	0	0	0	0
nabû	26	2	23	2	4	0	0	0	0	0	1	0	1	1	2	13	0	0	0	0	2	0
šarāku	13	1	7	0	0	0	0	0	0	1	1	0	1	0	2	11	0	0	0	0	0	0
edēšu	189	1	134	9	13	0	2	0	0	7	0	0	2	26	26	40	0	0	0	0	0	0
petû	34	3	21	3	11	0	3	0	0	0	4	1	5	1	0	19	0	0	0	0	0	0
šupêlu	0	0	0	0	1	0	0	0	0	0	0	0	0	0	0	2	0	0	0	0	0	0
puqqu	1	0	1	0	0	0	0	0	0	0	0	0	0	0	0	1	0	0	0	0	0	0
dallu	1	0	0	0	0	0	0	0	0	0	0	0	0	0	0	0	0	0	0	0	0	0
rašû	25	1	8	0	13	0	1	0	0	0	0	0	3	1	0	12	0	0	0	0	0	0
ellu	0	0	1	0	1	0	0	0	0	0	0	0	0	0	0	1	0	0	0	0	0	0
labāšu	7	0	1	1	1	0	0	0	0	0	0	0	0	0	0	3	0	0	0	0	0	0
kânu	34	4	44	1	9	4	6	1	0	0	1	0	12	8	3	19	0	0	1	0	0	0
šalāmu	17	4	10	7	4	0	4	0	0	0	1	0	6	1	5	14	0	0	0	0	0	0
naparkû	0	0	2	0	5	0	0	0	0	0	0	0	0	0	0	2	0	0	0	0	0	0
wašābu	9	0	20	1	4	0	1	0	0	0	0	0	0	4	2	2	1	2	0	0	0	0
maqātu	15	6	54	11	11	2	7	0	0	0	4	0	2	5	2	25	0	0	0	0	0	0
išû	32	1	18	0	24	0	0	0	0	0	1	0	1	6	4	13	0	0	0	0	0	0
ṭiābu	3	1	6	0	0	0	1	0	0	0	0	0	0	0	0	3	0	0	0	0	0	0
hašāhu	1	0	0	0	0	0	0	0	0	0	0	0	0	0	0	1	0	0	0	0	0	0
šutlumu	6	1	3	0	0	0	0	0	0	0	0	0	0	0	0	5	0	0	0	0	0	0
sahpu	1	0	0	0	0	0	0	0	0	0	0	0	0	0	0	1	0	0	0	0	0	0
nadû	22	5	25	6	2	0	3	0	0	0	2	0	5	7	10	12	0	0	1	0	0	0
bāšû	0	0	7	0	0	1	0	0	0	0	0	0	0	1	0	10	1	0	0	0	0	0
hasāsu	8	0	11	1	2	1	0	0	0	0	0	0	0	0	0	10	0	0	0	0	2	0
kullumu	24	3	6	1	5	1	3	0	0	0	2	0	2	3	1	9	0	0	0	0	0	0
lamādu	2	1	1	0	3	0	1	0	0	0	0	0	1	0	0	2	0	0	0	0	0	0
rabāṣu	3	0	1	0	2	0	0	0	0	0	0	0	0	0	0	0	0	0	0	0	0	0
patāqu	2	0	4	1	3	0	0	0	0	0	0	0	0	0	0	3	0	0	0	0	0	0
ahāzu	7	0	7	1	4	0	2	0	0	0	0	0	0	0	0	2	0	0	0	0	0	0
šušʾuru	2	0	0	0	0	0	0	0	0	0	0	0	0	0	0	0	0	0	0	0	0	0
ša₂-ri-ri	0	0	0	0	0	0	0	0	0	0	0	0	0	0	0	0	0	0	0	0	0	0
banû	10	4	25	2	12	0	1	0	0	1	2	0	0	2	8	20	0	0	0	0	0	1
baʾālu	0	0	0	0	0	0	0	0	0	0	0	0	0	0	1	4	0	0	0	0	0	0
wapû	1	0	3	0	0	0	0	0	0	0	0	0	0	0	0	2	0	0	0	0	0	0
wašāru	4	0	2	0	1	0	0	0	0	0	0	0	0	0	0	1	0	0	0	0	0	0
šuklulu	169	0	286	5	15	1	0	0	0	14	0	2	7	26	50	50	0	0	1	0	0	0
rašādu	0	0	0	0	0	0	0	0	0	0	0	0	0	0	1	0	0	0	0	0	0	0
apālu	12	2	13	1	3	3	2	0	0	0	0	0	0	0	9	14	0	0	1	0	0	0
labānu	5	1	5	0	0	0	0	0	0	0	0	0	0	1	1	0	0	0	0	0	0	0
wâru	6	3	4	0	4	0	1	0	0	1	0	0	0	0	0	2	0	0	0	0	0	1
tīdû	1	0	0	0	1	0	0	0	0	0	0	0	0	0	0	1	0	0	0	0	0	0
parsu	0	0	1	0	1	0	0	0	0	0	0	0	0	0	0	2	0	0	0	0	0	0
masāku	1	0	2	0	0	0	0	0	0	0	0	0	0	0	0	0	0	0	0	0	0	0
kamāsu	2	1	6	0	0	0	0	0	0	0	0	0	0	1	1	1	0	0	0	0	0	0
barû	1	0	4	0	0	0	0	0	0	0	0	0	0	0	0	0	0	0	1	0	0	0
hamāṭu	0	0	0	0	0	0	0	0	0	0	0	0	0	0	0	0	0	0	0	0	0	0
naʾādu	1	0	0	0	0	0	0	0	0	0	0	0	0	0	0	0	0	0	0	0	0	0
takālu	2	0	10	1	2	0	0	0	0	0	1	0	0	1	1	7	0	0	0	0	0	0
rahāṣu	5	0	13	0	0	0	1	0	0	0	2	0	2	0	0	5	0	0	0	0	0	0
šutērsû	1	0	2	0	1	0	0	0	0	0	1	0	0	0	0	0	0	0	0	0	0	0
nawāru	7	0	6	2	1	0	0	0	0	0	0	0	0	0	5	6	1	0	0	0	0	0
walādu	3	1	2	1	0	0	0	0	0	0	0	0	0	0	0	5	0	0	0	0	0	0
šamāhu	0	0	1	0	0	0	0	0	0	0	0	0	0	0	0	0	0	0	0	0	0	0
šarāhu	10	1	6	0	1	0	0	0	0	0	0	0	0	0	5	6	1	0	1	0	0	0
taqānu	10	0	5	1	7	0	0	0	0	1	0	1	1	0	4	8	1	0	1	0	2	0
bašāmu	1	0	0	0	1	0	0	0	0	0	0	0	0	0	0	0	0	0	0	0	0	0
galātu	3	0	2	1	2	0	0	0	0	0	0	0	0	0	0	2	0	0	0	0	0	0
nabāṭu	0	0	1	0	0	0	0	0	0	0	0	0	0	0	0	0	0	0	0	0	0	0
litbušu	0	0	1	0	0	0	0	0	0	0	0	0	0	0	0	0	0	0	0	0	0	0
balālu	1	0	2	0	1	0	0	0	0	0	0	0	0	0	0	1	0	0	0	0	0	0
dalāpu	2	0	1	0	2	0	1	0	0	1	0	0	0	1	0	0	0	0	0	0	0	0
qiāpu	3	0	2	1	10	1	0	0	0	0	1	0	1	3	0	7	0	0	0	0	0	0
harāṣu	19	0	4	6	8	2	9	0	0	0	1	0	1	0	4	10	1	0	3	0	0	0
arāku	5	0	3	2	1	0	1	0	0	0	0	0	2	2	4	8	0	0	0	0	0	0
qiāšu	10	3	4	0	1	0	0	0	0	0	0	0	0	0	0	4	0	0	0	0	0	0
mašdu	0	0	0	0	0	0	0	0	0	0	0	0	0	0	0	1	0	0	0	0	0	0
naṭālu	8	0	1	1	2	0	1	0	0	0	0	0	0	1	4	4	0	0	0	0	0	0
kasû	2	0	1	0	0	0	0	0	0	2	0	0	0	0	0	2	0	0	0	0	0	0
pazāru	2	1	3	1	2	2	1	0	0	0	1	0	0	0	0	1	0	0	0	0	0	0
etāku	1	0	0	0	0	0	1	0	0	0	0	0	0	0	2	2	0	0	0	0	0	0
i-x	0	0	0	7	0	0	0	0	0	0	0	0	0	0	2	7	0	0	0	0	0	0
maṭû	4	0	2	2	7	0	2	2	0	0	2	0	3	1	3	13	1	0	0	0	0	0
šeʾû	0	0	1	0	0	0	0	0	0	0	0	0	0	0	0	1	0	0	1	0	0	0
šalmu	0	0	1	1	3	0	0	0	0	0	0	0	0	1	0	2	0	0	0	0	0	0
it-tak-kud	0	0	2	0	0	0	0	0	0	0	0	0	0	0	1	0	0	0	0	0	0	0
zanānu	1	0	10	0	6	0	0	0	0	0	0	0	0	0	3	11	1	0	0	0	0	0
kâšu	0	0	4	0	9	0	0	0	0	0	1	0	0	0	0	5	0	0	0	0	0	0
kuttumu	0	0	0	0	0	0	1	0	0	0	0	0	0	0	0	0	0	0	0	0	0	0
namāšu	3	7	24	4	9	2	11	0	0	0	3	0	0	0	5	16	2	0	0	0	0	0
ubālu	4	2	3	0	2	0	1	0	0	0	0	0	0	0	0	1	0	0	0	0	0	0
erābu	1	0	0	0	1	0	0	0	0	0	0	0	0	0	0	0	0	0	0	0	0	0
namarkû	2	0	5	0	4	0	1	0	0	0	0	0	1	1	0	6	0	0	0	0	0	0
nasāhu	25	2	15	1	8	3	6	0	0	0	3	0	1	0	8	15	1	0	0	0	0	0
redû	11	5	15	3	4	0	4	0	0	1	1	0	1	1	8	11	0	0	1	0	0	0
esēhu	4	1	1	0	0	0	0	0	0	0	2	0	1	0	0	3	0	0	0	0	0	0
eršu	3	0	1	0	2	0	1	0	0	0	0	0	0	0	2	6	0	0	0	0	0	0
gammuru	1	0	6	0	4	0	1	0	0	0	0	0	0	1	4	11	0	0	0	0	0	0
arāru	7	0	3	0	0	0	0	0	0	0	0	0	1	1	6	7	0	0	0	0	0	0
marāqu	1	0	0	0	0	0	1	0	0	0	0	0	1	0	0	1	0	0	0	0	0	0
ezēbu	15	1	10	4	1	0	0	0	0	0	0	0	2	2	2	4	0	0	0	0	0	0
matāhu	29	3	27	6	12	3	15	0	0	0	2	1	9	0	9	27	0	0	1	0	0	0
sarhu	0	0	1	0	0	1	1	0	0	0	0	0	0	0	0	0	0	0	0	0	0	0
tuqnu	0	0	0	0	0	0	0	0	0	0	1	0	0	0	0	1	0	0	0	0	0	0
harāpu	0	0	5	3	10	1	5	1	0	0	0	0	3	2	1	5	0	0	0	0	0	0
šaṭāru	167	0	33	10	28	4	9	0	0	3	7	0	2	4	138	37	1	0	0	0	0	0
kanāku	8	0	6	0	2	1	0	0	0	0	0	1	0	0	11	6	2	0	0	0	0	0
tarṣu	1	1	4	4	7	0	1	0	0	0	1	0	1	0	0	6	0	0	0	0	0	0
nahātu	0	0	0	0	0	0	0	0	0	0	0	0	0	0	0	0	0	0	0	0	0	0
puāšu	0	0	0	0	0	0	0	0	0	0	0	0	0	0	0	0	0	0	0	0	0	0
dagālu	27	1	34	5	12	0	5	0	0	0	1	2	3	4	1	12	1	0	0	0	0	0
amru	2	4	5	0	4	0	1	0	0	0	0	0	0	2	0	9	0	0	0	0	0	0
kapāpu	0	0	0	0	0	0	0	0	0	0	0	0	0	0	0	0	0	0	0	0	0	0
ašāru	26	1	10	5	34	1	3	0	0	0	3	0	4	3	6	26	1	0	0	0	0	0
nahāsu	5	9	11	8	7	1	2	1	0	1	0	0	4	3	0	7	0	0	0	0	0	0
nazāru	5	0	4	0	4	2	2	0	0	0	0	0	0	0	1	5	0	0	0	0	0	0
hardu	0	0	1	0	1	0	0	0	0	0	0	1	0	1	2	1	0	0	0	0	0	0
passuku	2	0	7	1	1	0	1	0	0	0	0	0	0	0	2	4	0	0	0	0	0	0
gullubu	1	0	2	0	0	0	2	0	0	0	1	0	0	0	0	3	0	0	0	0	0	0
hassu	1	0	0	0	0	0	0	0	0	0	0	0	0	0	0	2	0	0	0	0	0	0
waṣābu	0	0	0	0	0	0	0	0	0	0	0	0	0	0	0	0	0	0	0	0	0	0
maṭi	1	0	0	0	0	0	0	0	0	0	0	0	0	0	0	1	0	0	0	0	0	0
qatû	5	0	6	1	3	0	0	0	0	0	0	0	1	1	0	8	0	0	0	0	1	0
madādu	2	0	21	1	3	5	1	0	0	0	1	0	2	0	1	2	0	0	0	0	0	0
abālu	0	0	2	0	0	0	0	0	0	0	0	0	0	0	0	2	0	0	0	0	0	0
buʾʾû	19	1	27	6	8	0	3	0	0	0	1	0	5	2	3	17	1	0	0	0	0	0
karmu	0	0	3	0	1	0	3	0	0	0	1	1	0	0	3	8	0	0	0	0	0	0
kabāsu	19	0	7	6	6	0	1	0	0	0	0	0	2	4	3	10	0	0	0	0	0	0
šulmu	0	0	0	0	0	0	0	0	0	0	0	0	0	0	0	1	0	0	0	0	0	0
galû	7	0	8	5	6	1	7	0	0	0	1	0	1	1	0	5	0	0	0	0	0	0
ragāmu	1	1	1	0	1	0	2	1	0	0	1	0	2	1	1	4	0	0	0	0	0	0
mahṣu	2	0	2	1	4	0	0	0	0	0	2	0	1	1	0	5	0	0	0	0	0	0
šahāṭu	7	0	10	1	2	1	0	0	0	0	1	0	1	2	2	4	0	0	0	0	0	0
ešēru	34	0	58	0	7	1	0	0	0	1	0	0	4	8	6	12	0	0	0	0	0	0
kaṣāpu	3	0	1	0	0	0	0	0	0	0	0	0	0	0	0	0	0	0	0	0	0	0
šitqulu	0	0	0	1	0	0	0	0	0	0	0	0	0	0	0	1	0	0	0	0	0	0
labāru	2	0	2	2	1	0	0	0	0	0	0	0	0	7	7	5	1	0	0	0	0	0
zenû	1	0	3	1	0	0	0	0	0	0	0	0	0	0	0	3	0	0	0	0	0	0
lehēmu	2	0	3	0	2	0	0	0	0	0	0	0	0	0	0	1	0	0	0	0	0	0
rammû	0	0	0	1	0	0	0	0	0	0	1	0	0	0	0	3	0	0	0	0	0	0
makāsu	1	0	0	0	0	0	0	0	0	0	1	0	0	0	0	0	0	0	0	0	0	0
qarāru	6	0	4	0	6	1	6	0	0	0	0	0	1	0	3	4	0	0	0	0	0	0
harādu	4	0	3	1	3	0	6	0	0	0	0	0	0	0	5	1	2	0	1	0	0	0
raṣāpu	23	1	20	2	3	1	4	0	0	0	2	1	0	1	3	10	1	0	0	0	0	0
dannu	0	0	12	0	25	0	4	0	0	0	5	0	2	1	3	39	0	0	0	0	0	0
šitkunu	0	0	4	0	0	0	0	0	0	0	0	0	0	0	0	2	0	0	0	0	0	0
našāqu	21	0	4	0	0	0	0	0	0	0	0	0	2	2	4	3	1	0	0	0	0	0
šalû	4	0	0	0	1	0	0	0	0	0	0	0	0	0	2	3	0	0	0	0	0	0
rasābu	2	0	6	0	0	0	0	0	0	0	0	0	0	1	0	0	0	0	0	0	0	0
abātu	2	3	7	2	1	0	0	0	0	0	0	0	0	0	2	4	0	0	0	0	0	0
baṭālu	6	1	2	0	0	0	0	0	0	0	0	0	0	0	1	2	2	0	0	0	0	0
ekēmu	10	0	6	0	0	0	0	0	0	0	0	0	0	1	0	1	0	0	0	0	0	0
abāku	16	11	14	14	2	0	3	0	0	0	2	0	4	2	0	9	0	0	1	0	0	0
udû	0	0	0	0	2	1	0	0	0	0	0	0	0	0	1	0	0	0	0	0	0	0
eṣru	0	0	0	0	1	0	0	0	0	0	0	0	0	0	0	1	0	0	0	0	0	0
lu	0	0	0	0	0	0	0	0	0	0	0	0	0	0	0	0	0	0	0	0	0	0
šaṭru	0	0	11	0	1	2	1	0	0	0	0	0	0	3	2	6	0	0	0	0	0	0
šatû	11	1	13	0	1	0	1	0	0	0	1	0	0	1	8	6	0	0	0	0	0	0
haṣānu	4	0	2	0	1	0	2	0	0	0	0	0	1	0	0	2	0	0	0	0	0	0
zabālu	14	2	8	1	6	0	2	0	0	0	0	0	4	0	4	9	0	0	0	0	0	0
ṣullulu	3	0	1	0	0	0	0	0	0	0	0	0	0	0	0	1	0	0	0	0	0	0
epšu	4	0	14	4	3	0	2	0	0	0	1	0	1	0	1	12	0	0	0	0	0	0
sakāpu	5	0	0	1	3	1	0	0	0	0	0	0	1	4	5	4	1	0	0	0	0	0
šalālu	27	2	23	0	3	1	0	0	0	0	2	0	0	6	4	5	0	0	0	0	0	0
bīšu	0	0	3	0	0	0	0	0	0	0	0	0	0	0	0	2	0	0	0	0	0	0
gamru	1	1	5	3	17	0	4	0	0	0	0	0	0	0	3	12	0	0	0	0	0	0
etku	3	0	6	1	5	1	1	0	0	0	0	0	1	0	0	1	0	0	0	0	0	0
zaqāpu	7	1	13	0	3	0	4	0	0	0	0	0	4	0	2	7	2	0	0	0	0	0
puāgu	7	0	1	0	1	0	2	0	0	0	0	0	0	0	1	3	0	0	0	0	0	0
zakāru	23	3	15	1	1	0	0	0	0	0	0	0	0	3	1	7	0	0	1	0	0	0
hakāmu	4	0	6	0	1	3	1	0	0	0	0	0	0	0	0	3	0	0	0	0	0	0
gamālu	0	0	0	0	0	0	0	0	0	0	0	0	0	0	0	0	0	0	0	0	0	0
kasāru	0	0	0	0	0	0	0	0	0	0	0	0	0	0	0	0	0	0	0	0	0	0
tabālu	5	1	3	0	1	0	0	0	0	0	0	0	0	0	0	4	0	0	0	0	0	0
parāku	3	0	7	1	2	0	0	0	0	0	0	0	0	0	0	6	0	0	0	0	0	0
urû	0	0	1	0	1	0	0	0	0	0	1	0	0	0	0	0	0	0	0	0	0	0
eṣēnu	1	0	0	0	1	0	0	0	0	0	0	0	0	0	0	0	0	0	0	0	0	0
tadnu	2	3	4	0	2	0	0	0	0	0	2	0	0	0	1	6	0	0	0	0	0	0
kunnu	0	2	3	1	0	0	0	0	0	0	0	0	0	1	0	1	0	0	0	0	0	0
našāru	0	0	1	0	0	0	0	0	0	0	0	0	0	0	0	0	0	0	0	0	0	0
aqû	0	0	0	0	0	0	0	0	0	0	0	0	0	0	0	0	0	0	0	0	0	0
tamû	11	1	23	2	3	6	2	0	0	0	0	0	1	1	0	6	0	0	0	0	0	0
sadāru	3	0	3	0	0	0	1	0	0	0	1	0	1	0	5	1	1	0	0	0	0	0
palhu	5	0	18	0	12	1	4	0	0	0	1	0	1	0	3	7	1	0	1	0	0	0
salāmu	0	0	6	3	2	0	4	0	0	0	0	0	3	1	0	4	0	0	0	0	0	0
apû	0	1	2	1	0	0	0	0	0	0	1	0	0	0	0	1	0	0	0	0	0	0
nawru	0	0	0	0	0	0	0	0	0	0	0	0	0	0	0	1	0	0	0	0	0	0
marāru	2	0	0	0	0	0	0	0	0	0	0	0	0	0	0	0	0	0	0	0	0	0
zamāru	0	0	0	0	0	0	0	0	0	0	0	0	0	0	0	0	0	0	0	0	0	0
šasû	15	1	11	1	3	0	0	0	0	0	0	1	0	1	6	13	1	0	0	0	0	0
ṣubbû	1	0	0	0	0	0	0	0	0	0	0	0	0	0	0	0	0	0	0	0	0	0
parāsu	17	0	24	4	9	2	6	0	0	0	2	0	3	3	3	21	0	0	0	0	0	0
kūnu	1	0	2	0	0	0	0	0	0	0	0	0	0	0	3	0	0	0	0	0	0	0
diānu	4	1	2	0	2	0	0	0	0	0	0	0	0	0	0	3	0	0	0	0	0	0
sapāhu	2	0	0	0	1	0	0	0	0	0	0	0	0	1	1	3	0	0	0	0	0	0
tabāku	11	1	13	1	7	1	2	0	0	1	1	0	0	1	2	10	0	0	0	0	0	0
šūpû	0	1	2	0	1	0	0	0	0	0	0	0	0	0	1	3	0	0	0	0	0	0
eṭēru	3	0	2	1	1	0	0	0	0	0	1	0	0	1	0	4	0	0	0	0	0	0
pahru	2	0	3	0	0	0	0	0	0	0	0	0	0	1	5	4	0	0	0	0	0	0
napāhu	9	0	7	0	3	0	0	0	0	0	0	0	0	1	7	3	0	0	0	0	5	0
nesû	0	1	0	1	0	0	0	0	0	0	0	0	1	0	0	1	0	0	0	0	0	0
ṣehēru	0	0	0	0	0	0	0	0	0	0	0	0	0	0	2	1	0	0	0	0	0	0
nâdu	5	1	4	0	0	1	0	1	0	0	0	0	0	0	9	5	0	0	1	0	0	0
hanāqu	0	0	6	0	2	1	1	0	0	0	0	0	2	0	1	4	0	0	0	0	0	0
rēhu	1	0	2	0	2	0	1	0	0	0	0	0	0	0	0	7	0	0	0	0	0	0
mašāhu	1	0	0	0	2	0	0	0	0	0	0	0	0	1	0	1	0	0	0	0	0	0
qatānu	0	0	0	0	0	0	0	0	0	0	0	0	0	0	0	1	0	0	0	0	0	0
zêru	2	1	3	1	0	2	1	0	0	0	0	0	0	0	0	3	0	0	0	0	0	0
ammar	3	0	3	0	5	0	2	0	0	0	0	0	0	0	0	1	0	0	0	0	0	0
habātu	30	2	11	1	7	0	4	0	0	0	0	0	2	3	7	10	2	0	0	0	0	0
palāšu	2	0	7	0	0	0	0	0	0	0	0	0	0	0	0	0	0	0	0	0	0	0
nakāsu	9	0	10	1	2	1	1	0	0	0	0	0	1	0	3	5	1	0	0	0	0	0
pitqudu	0	0	1	0	3	0	0	0	0	0	0	0	1	1	0	1	0	0	0	0	0	0
šelû	0	1	0	0	7	0	1	0	0	0	0	0	0	2	0	0	0	0	0	0	0	0
dâlu	4	0	19	0	6	1	0	0	0	0	0	1	0	0	6	10	1	0	0	0	0	0
salmu	1	0	3	0	1	0	0	0	0	0	0	0	0	0	0	3	3	0	0	0	0	0
âdu	5	0	1	0	0	1	1	0	0	0	0	0	0	1	0	2	0	0	0	0	0	0
mušlu	0	0	1	0	1	0	0	0	0	0	0	0	0	0	0	0	0	0	0	0	0	0
sekēru	4	0	0	4	0	0	1	0	0	0	0	0	0	0	0	0	0	0	0	0	0	0
mādu	0	0	1	1	0	0	0	0	0	0	0	0	0	0	0	3	0	0	0	0	0	0
šūṣû	0	0	0	0	1	0	0	0	0	0	0	0	0	1	0	0	0	0	0	0	0	0
īṣu	0	0	2	1	1	0	0	0	0	0	1	0	0	1	2	7	1	0	0	0	0	0
paṭru	0	0	0	1	1	0	0	0	0	0	1	0	0	1	0	1	0	0	0	0	0	0
šabsu	0	0	0	0	1	0	0	0	0	0	0	0	0	0	0	0	0	0	0	0	0	0
samāhu	0	0	4	0	2	0	1	0	0	0	0	0	0	0	0	0	0	0	0	0	0	0
tukkulu	0	2	0	0	0	0	0	0	0	0	0	0	0	0	0	1	0	0	0	0	0	0
sarruru	0	1	0	0	0	0	0	0	0	0	0	0	0	0	0	0	0	0	0	0	0	0
ṭehû	0	6	3	2	3	0	1	0	0	0	1	0	0	0	0	7	0	0	0	0	0	0
ūbila	1	0	2	0	1	0	0	0	0	0	0	0	0	0	0	0	0	0	0	0	0	0
ētašpu	1	0	1	0	0	0	0	0	0	0	0	0	0	0	1	1	0	0	0	0	0	0
nasqu	0	0	0	0	0	0	0	0	0	0	0	0	0	0	0	0	0	0	0	0	0	0
anāhu	17	1	32	2	2	0	0	0	0	0	0	0	0	5	14	6	0	0	2	0	0	2
sanāqu	5	1	3	2	2	0	0	0	0	0	1	0	1	0	0	3	0	0	0	0	0	0
šaklu	0	1	0	1	1	0	1	0	0	0	0	0	0	0	0	2	0	0	0	0	0	0
išaru	0	0	0	0	2	0	0	0	0	0	0	0	0	0	0	2	0	0	0	0	0	0
habtu	0	0	3	0	1	0	1	0	0	0	0	0	0	0	1	5	0	0	0	0	0	0
zakû	8	3	5	1	2	0	4	0	0	0	2	0	4	0	3	12	0	0	0	0	0	0
reʾû	5	0	8	0	2	0	1	0	0	0	0	0	1	0	3	3	0	0	0	0	0	0
atlur	1	0	0	0	0	0	0	0	0	0	0	0	0	0	0	0	0	0	0	0	0	0
gerû	5	0	6	0	6	1	1	0	0	0	1	0	1	0	2	8	0	0	0	0	0	0
qālu	1	0	0	0	4	1	2	0	0	0	0	0	0	0	6	6	0	0	0	0	0	0
zukkû	0	0	2	0	0	0	1	0	0	0	0	0	0	0	0	2	0	0	0	0	0	0
awû	2	0	3	0	0	0	0	0	0	0	0	0	1	0	0	1	0	0	0	0	0	0
lemēnu	3	0	1	0	0	0	0	0	0	0	0	0	0	1	0	2	0	0	0	0	0	0
esēpu	1	0	1	0	1	0	0	0	0	0	0	0	1	0	2	0	0	0	0	0	0	0
egû	3	1	0	0	2	0	0	0	0	0	0	0	0	1	0	0	0	0	0	0	0	0
samāku	1	0	4	1	4	0	2	0	0	0	0	0	0	1	0	0	0	0	0	0	0	0
rīqu	0	0	2	0	4	0	1	0	0	0	0	0	0	1	1	3	0	0	0	0	0	0
batāqu	29	1	19	1	8	0	5	0	0	0	1	0	4	2	11	13	3	0	1	0	1	0
mašālu	3	0	3	1	1	0	0	0	0	0	0	0	0	1	2	1	0	0	0	0	0	0
u₂-ma-al-x	0	0	0	0	0	0	0	0	0	0	0	0	0	0	0	0	0	0	0	0	0	0
šūhuzu	1	0	0	0	0	0	0	0	0	0	0	0	0	1	0	0	0	0	0	0	0	0
qīpu	0	1	0	0	0	0	0	0	0	0	0	0	0	1	0	0	0	0	0	0	0	0
šalāpu	2	0	5	0	0	0	1	0	0	0	1	0	1	0	0	2	0	0	0	0	0	0
parāṣu	1	0	0	1	1	0	0	0	0	0	0	0	0	0	0	0	0	0	0	0	0	0
salāʾu	2	0	3	1	1	0	2	0	0	0	0	0	0	0	0	5	0	0	0	0	0	0
lasāmu	2	2	7	2	1	0	0	0	0	0	0	0	1	0	0	5	0	0	0	0	0	0
ṣabāru	0	0	1	0	0	0	0	0	0	0	0	0	0	0	0	1	0	0	0	0	0	0
kabāru	1	0	1	0	1	0	0	0	0	0	0	0	0	0	0	1	0	0	0	0	0	0
riāqu	3	0	3	1	1	0	2	0	0	0	0	1	0	0	0	0	0	0	0	0	0	0
rapšu	0	0	2	0	0	0	0	0	0	0	0	0	0	0	0	1	0	0	0	0	0	0
šuglû	0	0	0	1	0	0	0	0	0	0	0	0	0	0	0	1	0	0	0	0	0	0
lubbušu	1	0	0	0	1	0	0	0	0	0	0	0	0	1	0	3	0	0	0	0	0	0
bakû	0	0	0	0	2	0	1	0	0	0	0	0	0	0	0	1	0	0	0	0	0	0
ṣabû	8	0	2	4	6	0	0	0	0	0	0	0	0	0	1	6	0	0	0	0	0	0
šarāqu	2	0	1	3	1	0	0	0	0	0	0	0	0	0	0	0	0	0	0	0	0	0
rāšû	1	0	1	0	0	0	0	0	0	0	0	0	0	0	1	2	0	0	0	0	0	0
šamāṭu	0	0	0	0	0	0	0	0	0	0	0	0	1	0	0	0	0	0	0	0	0	0
nadnu	0	5	2	0	0	0	0	0	0	0	0	0	0	0	0	3	0	0	0	0	0	0
šapāṭu	1	0	0	0	1	0	0	0	0	0	0	0	0	0	0	0	0	0	0	0	0	0
pašāru	5	0	1	0	3	1	0	0	0	0	0	0	0	2	0	0	0	0	0	0	0	0
binna	1	0	0	0	0	0	1	0	0	0	0	0	0	0	0	0	0	0	0	0	0	0
hatû	0	0	0	0	1	0	0	0	0	0	0	0	0	0	0	0	0	0	0	0	0	0
qaqqaru	0	0	0	0	0	0	0	0	0	0	0	0	0	0	0	0	0	0	0	0	0	0
šapālu	2	0	0	0	4	0	0	0	0	0	0	0	0	1	0	4	0	0	0	0	0	0
u₂-mas-su-u₂	0	0	0	1	0	0	0	0	0	0	0	0	0	0	0	0	0	0	0	0	0	0
paʾāṣu	3	0	0	1	0	0	1	0	0	0	0	0	1	0	0	1	0	0	0	0	0	0
tarû	0	0	0	0	0	0	0	0	0	0	0	0	0	0	0	0	0	0	0	0	0	0
dalālu	2	0	0	0	0	0	0	0	0	0	0	0	0	0	1	0	0	0	0	0	0	0
sarāhu	0	0	0	0	0	0	0	0	0	0	0	0	0	0	0	0	0	0	0	0	0	0
naqû	5	1	1	0	0	0	0	0	0	0	1	0	0	0	0	1	0	0	0	0	0	0
qarādu	1	0	0	0	0	0	0	0	0	0	0	0	0	0	0	1	0	0	0	0	0	0
malāku	7	1	10	1	1	1	2	0	0	0	0	0	0	1	0	4	0	0	0	0	0	0
lâdu	0	0	1	0	0	0	0	0	0	0	0	0	0	0	0	0	0	0	0	0	0	0
nakāpu	2	0	7	0	0	0	0	0	0	0	0	0	0	0	0	0	0	0	0	0	0	0
harṣu	1	0	0	0	1	0	0	0	0	0	0	0	0	1	0	2	0	0	0	0	1	0
akalu	0	0	3	0	0	0	0	0	0	0	0	0	0	0	0	0	0	0	0	0	0	0
ana	0	0	0	0	0	0	0	0	0	0	0	0	0	0	0	0	0	0	0	0	0	0
rapāʾu	0	0	0	0	0	0	0	0	0	0	0	0	0	0	0	0	0	0	0	0	0	0
raksu	3	0	2	1	0	1	0	0	0	0	0	0	0	1	2	2	0	0	0	0	0	0
naparšudu	0	0	3	0	5	0	0	0	0	0	0	0	0	0	0	3	0	0	0	0	0	0
medû	0	0	2	0	3	1	0	0	0	0	0	0	0	0	0	3	0	0	0	0	0	0
qarāhu	0	0	1	1	1	0	0	0	0	0	0	0	0	0	0	1	0	0	0	0	0	0
tabû	0	0	0	0	2	0	0	0	0	0	0	0	0	0	0	0	0	0	0	0	0	0
ša'ālu	0	0	0	0	0	0	0	0	0	0	0	0	0	0	0	2	0	0	0	0	0	0
nuʾʾû	0	1	0	0	1	0	0	0	0	0	0	0	1	0	0	1	0	0	0	0	0	0
i-x-ma	0	0	1	0	2	0	0	0	0	0	0	0	0	0	0	0	0	0	0	0	0	0
quʾʾû	2	0	0	0	0	0	0	0	0	0	0	0	0	0	0	0	0	0	0	0	0	0
nâhu	1	0	4	0	6	0	1	0	0	0	1	0	1	0	0	5	0	0	0	0	0	0
hiāru	2	0	0	0	1	0	0	0	0	0	1	0	0	0	0	1	0	0	0	0	0	0
sakālu	0	1	0	0	0	0	0	0	0	0	0	0	0	0	0	0	0	0	0	0	0	0
naṭû	0	0	1	0	0	0	1	0	0	0	0	0	0	0	0	0	0	0	0	0	0	0
pehû	1	0	1	0	2	0	0	0	0	0	0	0	1	0	0	2	0	0	0	0	0	0
ušuzzāyu	1	0	0	0	1	0	0	0	0	0	0	0	0	0	0	0	0	0	0	0	0	0
râbu	0	0	4	0	0	0	3	0	0	0	0	0	0	0	0	1	0	0	0	0	0	0
sapāqu	0	0	1	0	1	0	0	0	0	0	0	0	0	1	0	1	0	0	0	0	0	0
darû	0	1	0	0	0	0	1	0	0	0	0	0	0	0	0	1	0	0	0	0	0	0
nēhu	0	0	0	0	0	0	0	0	0	0	0	0	1	0	5	4	1	0	0	0	0	0
qerû	4	1	6	1	1	0	0	0	0	0	0	0	0	0	1	3	0	0	0	0	0	0
hesû	1	0	0	0	0	0	0	0	0	0	0	0	0	0	0	0	0	0	0	0	0	0
ṭabāhu	3	0	1	0	0	0	0	0	0	0	0	0	0	0	1	0	0	0	0	0	0	0
riāhu	0	0	0	0	2	0	0	0	0	0	0	0	0	0	0	2	0	0	0	0	0	0
rahṣu	0	1	7	1	8	0	3	0	0	0	0	0	0	0	1	5	0	0	0	0	0	0
kallû	0	0	0	0	0	0	0	0	0	0	0	0	0	0	0	0	0	0	0	0	0	0
marṣu	1	0	1	2	5	1	2	0	0	0	0	0	0	0	1	3	1	0	0	0	0	0
dīnu	1	2	1	0	0	0	2	0	0	0	0	0	0	0	0	0	0	0	0	0	0	0
laqātu	3	1	0	0	0	0	1	0	0	0	0	0	0	0	0	1	0	0	0	0	0	0
kurru	0	0	0	0	0	0	0	0	0	0	0	0	0	0	2	1	0	0	0	0	0	0
riāšu	1	0	0	0	0	0	0	0	0	0	0	0	0	0	0	1	0	0	0	0	0	0
ṣâdu	0	0	0	0	0	0	0	0	0	0	0	0	0	0	0	0	0	0	0	0	0	0
bēdu	0	0	1	0	1	0	1	0	0	0	0	0	0	0	0	1	0	0	0	0	0	0
enû	4	0	1	1	3	0	0	0	0	0	0	0	0	0	0	4	0	0	0	0	0	0
šērubu	0	0	1	0	0	0	1	0	0	0	0	0	0	0	0	1	0	0	0	0	0	0
kapāru	2	0	2	0	0	0	1	0	0	0	1	0	1	0	0	0	0	0	0	0	0	0
pahāzu	0	0	0	1	0	0	0	0	0	0	0	0	0	0	0	0	0	0	0	0	0	0
atāru	2	1	3	1	2	0	0	0	0	0	0	0	1	2	0	2	0	0	0	0	0	0
ṭarādu	1	0	0	0	0	0	0	0	0	0	0	0	0	0	0	0	0	0	0	0	0	0
hiāṭu	9	0	3	1	0	0	0	0	0	1	2	0	0	0	2	2	0	0	0	0	0	0
taʾû	0	0	0	0	0	0	0	0	0	0	0	0	0	0	0	0	0	0	0	0	0	0
balṭu	1	0	9	5	4	0	2	0	0	0	0	0	0	3	1	7	0	0	0	0	0	0
rapādu	7	0	4	0	0	0	1	0	0	0	1	0	0	1	1	0	0	0	0	0	0	0
rakāsu	22	3	18	4	3	2	2	0	0	0	2	0	2	0	1	10	0	0	0	0	0	0
haṣāṣu	1	0	1	0	0	0	0	0	0	0	0	0	0	0	0	0	0	0	0	0	0	0
kâdu	0	0	0	0	0	0	0	0	0	0	0	0	0	0	0	0	0	0	0	0	0	0
sehû	1	0	3	1	0	1	1	0	0	0	0	0	2	1	0	5	0	0	0	0	0	0
šaqû	11	1	6	0	1	0	0	1	0	0	0	0	1	1	1	5	1	0	1	0	0	0
napāšu	0	0	0	0	0	0	0	0	0	0	0	0	0	0	1	0	0	0	0	0	0	0
nabalkutu	15	0	15	3	12	1	3	0	0	0	2	0	2	2	17	15	3	0	1	0	1	0
napšuru	2	0	2	0	4	0	0	0	0	0	0	0	0	1	1	0	0	0	0	0	0	0
šebēru	8	0	7	0	1	0	0	0	0	0	0	0	1	0	2	7	1	0	0	0	0	0
agāru	6	3	7	0	1	0	2	0	0	1	0	0	0	0	1	6	0	0	0	0	0	0
ramāku	2	0	4	0	1	0	0	0	0	0	0	0	0	1	1	0	0	0	0	0	0	0
pašāšu	6	2	3	1	1	0	0	0	0	0	0	0	0	1	0	1	0	0	0	0	0	0
šaddu	0	0	0	0	0	0	0	0	0	0	0	0	0	0	0	1	0	0	0	0	0	0
baqāru	1	0	0	0	3	0	0	0	0	0	0	0	0	0	0	2	0	0	0	0	0	0
esēru	1	0	3	1	0	0	0	0	0	0	0	0	1	1	0	2	0	0	0	0	0	0
qanû	2	0	2	0	0	0	0	0	0	0	0	0	0	0	0	1	0	0	0	0	0	0
naṣru	2	1	0	0	1	0	0	0	0	0	0	0	0	1	0	1	0	0	0	0	0	0
pasāsu	0	0	0	0	0	0	0	0	0	0	0	0	0	0	0	0	1	0	0	0	0	0
kanku	0	0	1	0	0	0	0	0	0	0	0	0	0	0	0	0	0	0	0	0	0	0
sapānu	3	0	1	0	0	0	1	0	0	0	0	0	1	0	0	0	0	0	0	0	0	0
halāpu	4	0	4	0	0	0	0	0	0	0	0	0	0	0	0	3	0	0	0	0	0	0
nâlu	1	1	5	0	2	0	1	0	0	0	0	0	0	0	0	1	0	0	0	0	0	0
zummû	6	1	3	0	1	0	0	0	0	0	0	0	0	1	0	2	0	0	0	0	0	0
ṭênu	1	0	1	0	0	0	0	0	0	0	0	0	0	0	0	0	0	0	0	0	0	0
ṭebû	1	0	6	0	3	0	0	0	0	0	0	0	0	0	0	4	0	0	0	0	0	0
edēlu	1	0	3	0	0	0	0	0	0	0	0	0	0	0	0	1	0	0	0	0	0	0
belû	4	1	2	0	1	0	0	0	0	0	0	0	0	0	0	1	0	0	0	0	0	0
natāku	0	1	1	0	0	0	0	0	0	0	0	0	0	0	0	1	0	0	0	0	0	0
zakru	1	0	6	0	0	0	0	0	0	3	0	0	0	1	0	7	0	0	0	0	0	0
nekelmû	0	0	0	0	0	0	0	0	0	0	0	0	0	0	1	0	1	0	0	0	0	0
ṣamû	2	0	1	0	1	0	0	0	0	0	0	0	0	0	0	0	0	0	0	0	0	0
mašāru	1	0	2	0	0	0	0	0	0	0	0	0	0	0	0	1	0	0	0	0	0	0
eṭû	0	0	0	0	0	0	0	0	0	0	0	0	0	0	0	1	0	0	0	0	0	0
eklu	0	0	0	0	1	0	0	0	0	0	0	0	0	0	0	1	0	0	0	0	0	0
taktīmu	0	0	0	0	1	0	0	0	0	0	0	0	0	0	0	1	0	0	0	0	0	0
qamû	3	0	5	0	0	0	0	0	0	0	2	0	0	0	0	1	0	0	0	0	0	0
siāqu	1	0	1	2	1	0	0	0	0	0	0	0	0	1	0	1	0	0	0	0	0	0
parāʾu	0	0	1	0	3	0	0	0	0	0	0	0	0	0	0	1	0	0	0	0	0	0
ki	0	0	0	0	0	0	0	0	0	0	0	0	0	0	0	0	0	0	0	0	0	0
šalqu	1	0	3	0	0	0	0	0	0	0	0	0	0	0	0	4	0	0	0	0	0	0
karku	0	0	3	1	1	0	0	0	0	1	0	0	1	0	0	3	0	0	0	0	0	0
matqu	0	0	0	0	0	0	0	0	0	0	0	0	0	0	0	1	0	0	0	0	0	0
matāqu	0	0	2	0	0	0	0	0	0	0	0	0	0	0	0	1	0	0	0	0	0	0
kašdu	0	0	0	0	1	0	0	0	0	0	0	0	0	0	0	2	0	0	0	0	0	0
dīku	0	0	4	2	2	1	5	0	0	0	0	0	4	1	1	13	1	0	2	0	0	0
ṣalāmu	1	0	1	0	0	0	0	0	0	0	0	0	0	0	0	0	0	0	0	0	0	0
sapāku	0	0	1	0	0	0	0	0	0	0	0	0	0	0	0	1	0	0	0	0	0	0
palšu	0	0	2	0	0	0	0	0	0	0	0	0	0	0	0	1	0	0	0	0	0	0
marāsu	0	0	0	0	0	0	0	0	0	0	0	0	0	0	0	2	0	0	0	0	0	0
baʾāšu	0	0	2	0	0	0	0	0	0	0	2	0	0	0	0	2	1	0	0	0	0	0
šarāpu	2	0	8	0	0	0	0	0	0	0	0	0	0	1	0	2	0	0	0	0	0	0
mahāhu	0	0	2	0	0	0	0	0	0	0	0	0	0	0	1	2	0	0	0	0	0	0
galālu	3	0	0	0	0	0	0	0	0	0	0	0	0	0	0	0	0	0	0	0	0	0
enēšu	2	1	3	0	2	0	1	0	0	0	0	0	0	0	2	6	1	0	0	0	0	0
halālu	0	0	1	0	0	0	0	0	0	0	0	0	0	0	0	1	0	0	0	0	0	0
ṣalālu	0	0	0	0	1	0	0	0	0	0	0	0	0	0	0	0	0	0	0	0	0	0
patāhu	0	0	0	1	0	0	0	0	0	0	0	0	0	0	0	1	0	0	0	0	0	0
marru	0	0	3	0	0	0	0	0	0	0	0	0	0	0	0	2	0	0	0	0	0	0
sahāpu	3	0	1	0	1	0	0	0	0	0	0	0	0	0	0	4	0	0	0	0	0	0
suppuhu	0	0	0	0	0	0	0	0	0	0	0	0	0	0	0	1	0	0	0	0	0	0
parāmu	0	0	1	0	0	0	0	0	0	0	0	0	1	0	1	0	0	0	0	0	0	0
pašạ̄ṭu	1	0	0	0	0	0	0	0	0	0	0	0	0	0	0	1	0	0	0	0	0	0
dabbu	0	0	0	0	0	0	0	0	0	0	0	0	1	1	0	1	0	0	0	0	0	0
latāku	1	0	1	0	1	0	1	0	0	0	0	0	0	0	0	1	0	0	0	0	0	0
ṣamādu	1	0	0	0	0	0	1	0	0	0	0	0	0	0	0	0	0	0	0	0	0	0
riābu	2	0	2	0	0	0	0	0	0	0	0	0	1	2	0	2	0	0	0	0	0	0
ṣahtu	1	0	0	0	0	0	0	0	0	0	0	0	0	0	0	1	0	0	0	0	0	0
šamātu	1	0	0	0	0	0	0	0	0	0	0	0	0	0	0	0	0	0	0	0	0	0
šagāšu	0	0	0	0	0	0	0	0	0	0	0	0	0	0	0	1	0	0	0	0	0	0
pattû	0	0	0	1	0	0	0	0	0	0	0	0	0	0	1	2	0	0	0	0	0	0
raʾābu	0	1	1	0	0	0	1	0	0	0	0	0	0	1	0	3	0	0	0	0	0	0
gamuzu	0	0	1	0	1	0	0	0	0	0	0	0	0	0	0	1	0	0	0	0	0	0
eʾēlu	0	0	1	0	1	0	0	0	0	0	0	0	0	0	0	0	0	0	0	0	0	0
rêmu	1	0	0	1	0	0	0	0	0	0	1	0	0	0	0	1	0	0	0	0	0	0
tummû	1	0	0	0	0	0	0	0	0	0	0	0	0	0	0	0	0	0	0	0	0	0
ki.min	21	0	0	0	0	0	0	0	0	0	0	0	0	0	0	0	0	0	0	0	0	0
bêru	3	0	2	0	6	0	1	0	0	0	0	0	0	0	0	1	0	0	0	0	0	0
šiālu	3	0	2	0	0	0	0	1	0	0	0	0	0	0	1	1	0	0	0	0	0	0
bâru	2	0	9	0	0	0	1	0	0	0	0	0	0	0	0	0	0	0	0	0	0	0
šuṣbutu	0	0	1	0	2	1	0	0	0	0	0	0	0	0	1	1	0	0	0	0	0	0
nasāsu	0	0	2	0	1	0	0	0	0	0	0	0	0	0	2	0	0	0	0	0	0	0
šūluku	0	1	0	0	0	0	0	0	0	0	0	0	0	1	0	1	0	0	0	0	0	0
âru	1	0	3	0	3	0	0	0	0	0	0	0	1	0	1	3	1	0	0	0	0	0
karû	0	0	0	0	0	0	0	0	0	0	0	0	0	0	1	1	0	0	0	0	0	0
nagāšu	10	7	4	0	1	0	0	0	0	0	0	0	0	0	2	4	0	0	0	0	0	0
bâšu	6	0	2	0	6	0	1	0	0	0	0	0	0	0	0	1	0	0	0	0	0	0
dalāhu	0	0	3	1	3	0	0	0	0	0	0	0	0	0	0	2	0	0	0	0	0	0
espu	0	0	1	0	0	0	1	0	0	0	0	0	0	1	0	0	0	0	0	0	0	0
waṣû	106	3	153	1	9	0	3	0	0	3	0	0	1	18	62	23	0	0	1	0	0	3
šalāhu	1	0	0	0	0	0	0	0	0	0	1	0	1	0	0	0	0	0	0	0	0	0
napālu	1	0	0	0	1	0	1	0	0	0	0	0	0	0	0	1	0	0	0	0	0	0
habālu	1	0	2	1	2	0	0	0	0	0	0	0	1	0	0	1	0	0	0	0	0	0
epēru	0	0	1	0	0	0	1	0	0	0	0	0	0	0	0	1	0	0	0	0	0	0
raqādu	0	0	0	0	0	0	0	0	0	0	0	0	0	0	0	0	0	0	0	0	0	0
dalhu	0	0	1	0	1	1	0	0	0	0	0	0	0	1	0	4	1	0	0	0	0	0
taklu	0	4	3	0	4	0	1	0	0	0	0	0	0	1	0	3	0	0	0	0	0	0
naksu	0	0	0	0	0	0	0	0	0	0	0	0	0	0	0	1	0	0	0	0	0	0
nêʾu	5	0	2	0	2	0	0	0	0	0	0	0	0	1	0	3	0	0	0	0	2	0
si4-ma	0	1	0	1	0	0	0	0	0	0	0	0	0	0	0	1	0	0	0	0	0	0
rapāšu	3	0	1	0	2	0	1	0	0	0	0	0	0	0	0	3	0	0	0	0	0	0
kapātu	0	0	0	0	0	0	0	0	0	0	0	0	0	0	0	0	0	0	0	0	0	0
paqnu	0	0	1	0	0	0	0	0	0	0	1	0	0	0	0	0	0	0	0	0	0	0
pesēnu	1	0	2	0	1	0	0	0	0	0	0	0	0	1	0	1	0	0	0	0	0	0
baʾû	0	0	0	0	0	0	0	0	0	0	0	0	0	0	0	0	0	0	0	0	0	0
lērūbu	0	0	0	0	1	0	0	0	0	0	0	0	0	0	0	0	0	0	0	0	0	0
lūṣi	0	0	0	0	0	0	0	0	0	0	0	0	0	0	0	0	0	0	0	0	0	0
šurrû	0	0	6	0	0	0	0	0	0	0	0	0	0	0	0	2	0	0	0	0	0	0
bussuru	2	1	0	0	1	0	0	0	0	0	0	0	0	0	0	1	0	0	0	0	0	0
puhhu	0	0	0	0	0	0	1	0	0	0	1	0	0	0	1	0	0	0	0	0	0	0
kašāru	0	0	0	0	2	0	0	0	0	0	0	0	0	0	0	1	0	0	0	0	0	1
nīlu	0	0	1	0	0	0	0	0	0	0	0	0	0	0	0	1	0	0	0	0	0	0
arāmu	2	0	2	0	0	0	0	0	0	0	1	0	0	0	0	0	0	0	0	0	0	0
panû	0	0	0	0	1	0	0	0	0	0	0	0	0	1	0	0	0	0	0	0	0	0
hamāṣu	0	0	0	0	0	0	0	0	0	0	0	0	0	0	0	0	0	0	0	0	0	0
kabsu	0	0	1	0	0	0	1	0	0	0	0	0	1	1	1	2	0	0	0	0	0	0
nakālu	7	1	4	1	2	1	1	0	0	0	0	0	0	1	0	2	0	0	0	0	0	0
milku	1	0	0	0	0	0	0	0	0	0	0	0	0	1	0	0	0	0	0	0	0	0
enšu	0	0	1	0	4	0	2	0	0	0	0	0	0	0	1	0	0	0	0	0	0	0
patiu	0	0	2	0	0	0	0	0	0	0	0	0	0	0	0	2	0	0	0	0	0	0
sakātu	0	0	2	1	2	0	0	0	0	0	0	0	2	0	0	0	0	0	0	0	0	0
mazāqu	0	0	0	0	1	0	1	0	0	0	0	0	1	0	1	3	0	0	0	0	0	0
hašlu	0	0	0	0	0	0	0	0	0	0	0	0	0	0	0	0	0	0	0	0	0	0
turru	0	0	1	0	0	0	0	0	0	0	0	0	0	0	0	0	0	0	0	0	0	0
ittu	4	1	0	0	2	0	0	0	0	0	0	0	1	1	0	2	0	0	0	0	0	0
makû	0	0	0	0	1	0	0	0	0	0	0	0	0	0	0	0	0	0	0	0	0	0
emdu	1	0	1	1	0	0	1	0	0	0	0	0	0	1	1	4	0	0	0	0	0	0
ettēqe	0	0	1	0	1	0	0	0	0	0	0	0	0	0	4	2	1	0	0	0	0	0
unaʾʾada	2	1	1	0	0	0	0	0	0	0	0	0	0	0	0	1	0	0	0	0	0	0
iggarraninni	0	0	4	1	1	0	1	0	0	0	0	0	0	1	1	2	0	0	0	0	0	0
eppušūni	4	1	1	0	1	0	0	1	0	0	0	0	0	0	1	2	0	0	0	0	0	0
ētabku	0	0	1	0	0	0	0	0	0	0	0	0	0	0	0	0	0	0	0	0	0	0
nirtiṣīpi	0	0	0	0	0	0	0	0	0	0	0	0	0	0	0	0	0	0	0	0	0	0
ṣarāmu	0	0	0	0	2	0	1	0	0	0	0	0	0	0	0	0	0	0	0	0	0	0
dullu	0	0	0	0	0	0	0	0	0	0	0	0	0	0	0	0	2	0	0	0	0	0
harmu	0	0	0	0	1	0	0	0	0	0	0	0	1	0	0	1	0	0	0	0	0	0
lu-u₂	0	0	0	0	0	0	0	0	0	0	0	0	0	0	0	0	0	0	0	0	0	0
kīnu	0	0	8	4	2	0	0	0	0	0	0	0	0	0	0	5	0	0	0	0	0	0
muddû	1	0	0	0	0	0	1	0	0	0	0	0	1	1	0	1	0	0	0	0	0	0
apru	1	0	2	2	0	0	0	0	0	0	0	0	0	0	0	2	0	0	0	0	0	0
šebû	7	0	5	0	0	0	0	0	0	2	0	0	0	0	5	2	0	0	0	0	0	0
šahālu	1	0	2	0	0	0	0	0	0	0	0	0	1	0	0	0	0	0	0	0	0	0
mâdu	1	0	2	0	0	0	1	0	0	0	0	0	0	0	0	1	0	0	0	0	0	0
eleppu	0	0	0	0	0	0	0	0	0	0	0	0	0	0	0	0	1	0	0	0	0	0
u₂-gam-x	0	0	0	0	0	0	0	0	0	0	0	0	0	0	0	0	0	0	0	0	0	0
berû	2	0	0	1	0	0	0	0	0	0	0	0	1	0	0	2	0	0	0	0	0	0
akāšu	1	0	0	0	1	0	1	0	0	0	0	0	0	0	1	2	0	0	0	0	0	0
esru	0	0	1	0	0	0	0	0	0	0	0	0	0	0	0	1	0	0	0	0	0	0
kassupu	0	0	0	0	0	0	0	0	0	0	0	0	0	0	1	2	0	0	0	0	0	0
raṣpu	1	0	0	1	1	1	1	0	0	0	0	0	0	0	2	3	1	0	0	0	0	0
assiqi	2	0	1	0	1	0	1	0	0	0	0	0	0	0	0	1	0	0	0	0	0	0
nissiqi	1	0	0	0	0	0	1	0	0	0	0	0	0	0	0	0	1	0	0	0	0	0
warû	1	1	1	0	0	0	0	0	0	0	0	0	0	1	1	0	1	0	0	0	0	0
kasāsu	0	0	0	0	0	0	0	0	0	0	0	0	0	0	0	0	0	0	0	0	0	0
aqāru	2	0	1	1	0	0	0	0	0	0	0	0	0	0	0	1	0	0	0	0	0	0
rabābu	0	0	0	0	2	0	0	0	0	0	0	0	0	0	0	0	0	0	0	0	0	0
parādu	0	0	0	0	0	0	0	0	0	0	0	0	0	0	0	0	0	0	0	0	0	0
ahāru	2	0	1	1	1	0	0	0	0	0	0	0	0	0	0	1	0	0	0	0	0	0
lapātu	3	0	0	1	1	0	0	0	0	0	0	0	0	0	0	2	0	0	0	0	0	0
raqqaqu	0	0	0	0	3	0	0	0	0	0	1	0	0	0	0	2	1	0	0	0	0	0
šarāṭu	2	0	0	0	0	0	0	0	0	0	0	0	0	0	0	0	0	0	0	0	0	0
puhru	0	0	0	0	0	0	0	0	0	0	0	0	0	0	0	0	0	0	0	0	0	0
raʾbu	0	0	2	0	0	0	0	0	0	1	1	0	0	0	0	1	0	0	0	0	0	0
wīṣu	0	0	0	0	0	0	0	0	0	0	0	0	0	1	0	1	0	0	0	0	0	0
ṭâbu	1	0	1	0	0	0	0	0	0	0	0	0	0	3	0	4	0	0	0	0	0	0
ṭerû	0	0	0	0	0	0	0	0	0	0	0	0	0	0	0	0	0	0	0	0	0	0
sakāku	0	0	0	0	0	0	0	0	0	0	0	0	0	0	0	1	0	0	0	0	0	0
šapāku	2	0	0	0	1	0	0	0	0	0	0	0	0	1	0	0	0	0	0	0	0	0
ziāqu	0	1	0	0	1	0	0	0	0	0	0	0	0	0	0	2	0	0	0	0	0	0
puqqudu	0	0	0	1	1	0	0	0	0	0	0	0	1	0	0	1	0	0	0	0	0	0
qatpu	0	0	2	0	1	0	0	0	0	0	0	0	1	0	0	2	0	0	0	0	0	0
kabtu	0	0	1	0	0	0	0	0	0	0	0	0	1	0	0	2	0	0	0	0	0	0
pahû	0	0	0	0	0	0	0	0	0	0	0	0	0	1	0	1	0	0	0	0	0	0
gummuru	0	1	0	0	0	0	0	0	0	0	0	0	0	1	0	1	0	0	0	0	0	0
derû	0	0	2	0	1	0	1	0	0	0	0	0	0	0	0	1	0	0	0	0	0	0
arāhu	8	1	5	0	0	0	0	0	0	0	0	0	0	0	0	4	2	0	0	0	1	0
šadāhu	3	0	4	0	0	0	0	0	0	0	0	0	1	1	3	1	0	0	1	0	0	0
wiāṣu	0	0	3	0	0	0	0	0	0	0	0	0	0	0	0	3	0	0	0	0	0	0
naqāru	4	0	2	0	0	0	0	0	0	0	0	0	0	1	0	1	0	0	0	0	0	0
_	50	0	101	0	19	0	2	0	1	0	0	0	0	17	6	34	0	0	0	0	0	0
katāmu	9	0	16	0	1	0	0	0	0	1	0	0	1	5	2	1	0	0	0	0	0	2
innû	1	0	1	0	1	0	0	0	0	0	0	0	0	0	0	1	0	0	0	0	0	0
qemû	18	0	22	1	1	0	0	0	0	0	0	0	0	5	2	1	0	0	0	0	0	0
gallû	0	0	0	0	0	0	0	0	0	0	0	0	0	0	1	0	0	0	0	0	0	0
anihū	0	0	0	0	1	0	0	0	0	0	0	0	0	0	1	1	0	0	0	0	0	0
palhū	1	0	0	0	0	0	0	0	0	0	0	0	0	0	0	0	0	0	0	0	0	0
māšu	0	0	0	0	1	0	0	0	0	0	0	0	0	0	0	0	0	0	0	0	0	0
rakābu	1	0	3	0	0	0	0	0	0	0	0	0	0	0	0	1	0	0	0	0	0	0
daʾāpu	1	0	1	0	1	0	0	0	0	0	1	0	0	0	0	1	0	0	0	0	0	0
hasāpu	0	0	0	0	0	0	0	0	0	0	0	0	0	0	0	0	0	0	0	0	0	0
šukênu	0	0	2	0	1	0	0	0	0	0	0	0	0	0	0	3	0	0	0	0	0	0
kamû	10	7	1	0	3	0	0	0	0	1	0	0	0	0	1	3	0	0	0	0	4	0
hubbulu	2	1	0	0	0	0	1	0	0	0	0	0	0	0	0	2	0	0	0	0	0	0
šūturu	5	0	5	1	0	0	0	0	0	0	0	0	0	0	2	3	0	0	0	0	2	0
magru	1	0	1	1	1	0	0	0	0	0	0	0	0	1	0	0	0	0	0	0	0	0
qerbu	0	1	0	1	1	1	0	0	0	0	1	0	2	1	0	0	0	0	0	0	0	0
kaṣû	0	0	0	0	0	0	0	0	0	0	0	0	0	2	2	0	0	0	0	0	0	0
paṣāṣu	0	0	1	0	0	0	0	0	0	0	0	0	0	0	0	0	0	0	0	0	0	0
abku	0	1	0	0	0	0	0	0	0	0	0	0	0	1	0	1	0	0	0	0	0	0
šullumu	0	0	1	0	1	0	0	0	0	0	0	0	0	0	0	1	0	0	0	0	0	0
katāru	0	0	1	0	0	1	0	0	0	0	0	0	0	0	0	1	0	0	0	0	0	0
saktu	0	0	0	0	0	0	0	0	0	0	0	0	0	3	0	2	0	0	0	0	0	0
šūkulu	0	0	0	0	0	0	0	0	0	0	0	0	0	0	1	0	0	0	0	0	0	0
mesû	4	0	2	0	0	0	1	0	0	0	0	0	0	0	0	0	0	0	0	0	0	0
ṣehru	0	0	0	1	0	0	0	0	0	0	0	0	0	0	0	0	0	0	0	0	0	0
raqû	0	0	1	0	0	0	0	0	0	0	1	0	0	0	1	2	0	0	0	0	0	0
pašru	0	0	1	1	0	0	0	0	0	0	0	0	0	0	0	1	0	0	0	0	0	0
šummunu	0	0	0	1	0	0	0	0	0	0	0	0	0	0	0	0	0	0	0	0	0	0
zablu	0	0	0	0	0	0	0	0	0	0	0	0	0	0	0	0	0	0	0	0	0	0
baqāmu	1	0	0	0	0	0	0	0	0	0	0	0	0	1	0	0	0	0	0	0	0	0
ammiu	0	0	0	0	0	0	0	0	0	0	0	0	0	0	0	0	0	0	0	0	0	0
nasāku	3	2	2	1	0	0	1	0	0	0	0	0	1	0	0	1	0	0	0	0	0	0
barāqu	4	0	1	0	0	0	0	0	0	0	0	0	0	0	3	1	1	0	0	0	0	0
šabāsu	0	0	0	0	0	0	0	0	0	0	0	0	0	0	0	0	0	0	0	0	0	0
i-x-ga	0	0	0	0	1	0	0	0	0	0	0	0	0	1	0	0	0	0	0	0	0	0
šehṭu	0	1	0	0	0	0	0	0	0	0	0	0	0	0	0	1	0	0	0	0	0	0
elēṣu	3	0	1	0	0	0	0	0	0	0	0	0	0	0	2	3	1	0	0	0	0	0
makāru	8	0	3	0	2	0	0	0	0	0	0	0	0	1	2	0	0	0	0	0	0	0
retû	7	0	2	0	0	0	0	0	0	0	0	0	0	0	1	0	0	0	0	0	0	0
esēqu	2	0	4	0	0	0	0	0	0	0	0	0	0	0	0	0	0	0	0	0	0	0
bitrû	2	0	2	0	1	0	0	0	0	0	0	0	2	0	0	3	0	0	0	0	0	0
ahzu	0	0	0	0	2	0	0	0	0	1	0	0	0	0	0	0	0	0	0	0	0	0
nashu	0	0	2	0	0	0	0	0	0	0	0	0	1	0	0	1	0	0	0	0	0	0
pašhu	0	0	0	0	0	0	0	0	0	0	0	0	0	0	0	1	0	0	0	0	0	0
marāṭu	0	0	0	1	0	0	0	0	0	0	0	0	0	0	0	1	0	0	0	0	0	0
karāmu	0	0	0	1	0	0	0	0	0	0	0	0	0	0	0	1	0	0	0	0	0	0
patû	0	0	0	0	2	0	0	0	0	0	0	2	0	0	1	1	0	0	0	0	0	0
šapru	0	2	0	0	0	0	1	0	0	0	0	0	0	0	0	1	0	0	0	0	0	0
sarāru	1	0	0	0	0	0	0	0	0	0	0	0	0	0	0	1	0	0	0	0	0	0
sahru	0	0	1	0	0	0	0	0	0	0	0	0	0	0	0	1	0	0	0	0	0	0
kiṣiptu	2	0	0	0	0	0	0	0	0	0	0	0	0	0	0	2	0	0	0	0	0	0
kamāru	1	0	0	1	0	0	0	0	0	0	0	0	1	0	0	1	0	0	0	0	0	0
nakdu	0	0	0	0	0	0	0	0	0	0	0	0	1	0	0	0	0	0	0	0	0	0
naplu	0	0	0	0	1	0	0	0	0	0	0	0	0	0	0	2	0	0	0	0	0	0
kapdu	0	0	2	0	0	0	0	0	0	0	0	0	0	0	0	0	0	0	0	0	0	0
dārû	0	0	0	0	1	0	0	0	0	0	0	0	0	0	0	1	0	0	0	0	0	0
nasku	1	1	0	0	1	0	0	0	0	0	0	0	0	0	0	1	0	0	0	0	0	0
buʾʾu	1	0	0	1	0	0	0	0	0	0	0	0	0	0	0	1	0	0	0	0	0	0
har	0	0	0	0	0	0	0	0	0	0	0	0	0	0	0	0	0	0	0	0	0	0
harāṭu	0	0	2	0	0	0	1	0	0	0	0	0	0	0	0	2	0	0	0	0	0	0
qatāru	1	0	1	0	0	0	1	0	0	0	0	0	1	0	1	0	0	0	0	0	0	0
qebēru	0	0	1	0	2	0	0	0	0	0	0	0	1	1	0	0	0	0	0	0	0	0
ubbuhu	0	1	3	0	1	0	0	0	0	0	0	0	0	0	1	3	1	0	0	0	0	0
mazû	0	0	2	0	0	1	1	0	0	0	0	0	0	0	1	2	0	0	0	0	0	0
kamādu	1	0	0	1	0	0	0	0	0	0	0	0	0	0	0	0	0	0	0	0	0	0
parû	0	0	0	0	0	0	0	0	0	0	0	0	0	0	0	0	0	0	0	0	0	0
uttahhiṣ	0	0	0	0	0	0	0	0	0	0	0	0	0	0	0	0	0	0	0	0	0	0
kallāpu	0	0	0	0	0	0	0	0	0	0	0	0	0	0	1	0	0	0	0	0	0	0
bašālu	0	0	0	0	0	0	0	0	0	0	0	0	0	0	0	1	0	0	0	0	0	0
tab-ba-x	1	0	0	0	1	0	0	0	0	0	0	0	0	0	0	0	0	0	0	0	0	0
alālu	1	0	3	0	0	0	0	0	0	0	0	0	0	0	0	0	0	0	0	0	0	0
hurrušu	1	0	1	0	0	0	0	0	0	0	0	0	0	0	4	3	0	0	0	0	0	0
rūqu	1	0	0	0	0	0	0	0	0	0	0	0	0	1	3	2	2	0	0	0	0	0
rubbû	0	0	0	0	0	0	0	0	0	0	0	0	0	0	0	0	0	0	0	0	0	0
pūhu	1	0	1	0	0	0	0	0	0	0	0	0	0	0	0	0	0	0	0	0	0	0
kaṣru	0	1	1	0	1	0	0	0	0	0	0	0	0	1	0	2	0	0	0	0	0	0
uhhuzu	0	0	1	0	0	0	0	0	0	0	0	0	0	1	0	1	0	0	0	0	0	0
sanû	0	0	0	0	0	0	0	0	0	0	0	0	0	0	0	0	0	0	0	0	0	0
buttu	0	0	1	0	0	0	0	0	0	0	0	0	1	0	0	0	0	0	0	0	0	0
nabāhu	0	0	1	0	0	0	1	0	0	0	0	0	1	0	0	0	0	0	0	0	0	0
dannatu	0	0	0	0	1	0	0	0	0	0	0	0	0	0	0	1	0	0	0	0	0	0
herû	2	0	0	0	1	0	1	0	0	0	1	0	0	0	0	0	0	0	0	0	0	0
parāru	1	0	2	0	0	0	0	0	0	0	0	0	0	0	1	1	0	0	0	0	0	0
išaddadūni	0	0	0	0	0	0	0	0	0	0	0	0	0	0	0	0	0	0	0	0	0	0
naprušu	5	0	1	0	0	0	0	0	0	0	0	0	0	0	4	7	0	0	2	0	0	0
šaqālu	0	0	1	0	0	0	0	0	0	0	0	0	0	0	0	1	0	0	0	0	0	0
niāku	1	0	0	1	0	0	0	0	0	0	0	0	0	0	0	1	0	0	0	0	0	0
šahāhu	0	0	0	0	0	0	0	0	0	0	0	0	0	0	0	0	0	0	0	0	0	0
ullû	0	0	0	0	0	0	0	0	0	0	0	0	0	0	0	0	0	0	0	0	0	0
ēru	2	0	1	0	1	2	2	0	0	0	0	0	0	0	1	1	0	0	0	0	1	0
naklu	0	0	1	0	1	0	0	0	0	0	0	0	0	0	0	1	0	0	0	0	0	0
râṣu	3	0	3	0	0	0	0	0	0	0	0	0	0	0	1	5	0	0	0	0	0	0
erēpu	1	0	2	0	0	0	0	0	0	0	0	0	0	0	0	3	0	0	0	0	0	0
itkupu	3	1	3	0	1	0	0	0	0	0	0	0	0	2	0	3	0	0	0	0	0	0
ramāmu	1	1	4	0	0	0	0	0	0	0	0	0	0	0	0	2	0	0	0	0	0	0
naʾāru	2	0	0	0	0	0	0	0	0	0	0	0	0	0	2	3	1	0	0	0	0	0
hatānu	1	0	0	0	0	0	0	0	0	0	0	0	0	0	0	0	0	0	0	0	0	0
lahliqa	1	1	2	0	0	0	1	0	0	0	0	0	0	0	0	0	0	0	0	0	0	0
issadbib	1	0	0	0	1	1	1	0	0	0	0	0	0	0	0	0	0	0	0	0	0	0
la-ad-x+x	0	0	0	0	0	0	1	0	0	0	0	1	0	0	0	0	0	0	0	0	0	0
lušēlia	1	0	0	0	0	0	1	0	0	0	0	0	0	0	0	1	0	0	0	0	0	0
akaššadūni	1	0	1	0	0	0	0	0	0	0	0	0	0	0	1	0	0	0	0	0	0	0
lurriku	1	0	0	0	0	0	0	0	0	0	0	0	0	0	0	0	0	0	0	0	0	0
nuṣallil	3	0	2	0	0	0	0	0	0	0	0	0	0	0	0	0	0	0	0	0	0	0
hiāqu	1	0	1	0	0	0	0	0	0	0	0	0	0	0	0	0	0	0	0	0	0	0
karsu	0	0	0	0	1	0	0	0	0	0	0	0	0	0	0	1	0	0	0	0	0	0
šaphu	0	0	0	0	0	0	0	0	0	0	0	0	0	0	0	0	0	0	0	0	0	0
ša₂-x+x	0	0	0	0	0	0	0	0	0	0	0	0	0	0	0	0	0	0	0	0	0	0
zaqquru	0	0	0	0	2	0	1	0	0	0	0	0	0	0	0	0	0	0	0	0	0	0
hūlu	0	0	0	0	0	0	0	0	0	0	0	0	0	0	0	0	1	0	0	0	0	0
kittu	0	0	0	0	0	0	0	0	0	0	0	0	0	0	0	0	0	0	0	0	0	0
šeṭû	2	0	1	1	0	0	0	0	0	0	0	0	0	0	0	0	0	0	0	0	0	0
šabšu	0	0	0	0	0	0	0	0	0	0	0	0	0	0	0	0	0	0	0	0	0	0
sepēru	0	0	1	0	0	0	1	0	0	0	0	0	1	0	0	0	0	0	0	0	0	0
mâzu	0	0	0	0	1	0	0	0	0	0	0	0	0	0	0	0	0	0	0	0	0	0
išpura	2	0	1	2	2	1	1	0	0	0	0	0	0	0	0	1	0	0	0	0	0	0
ittanahnāqa	0	0	1	0	0	0	1	0	0	1	0	0	0	0	0	1	0	0	0	0	0	0
ašapparšu	0	0	0	0	0	0	0	0	0	0	0	0	0	0	1	0	1	0	0	0	0	0
haṭāṭu	0	0	0	0	0	0	1	0	0	0	0	0	0	0	0	0	0	0	0	0	0	0
mathu	0	0	0	0	0	0	0	0	0	0	0	0	0	0	0	1	0	0	0	0	0	0
šalāṭu	2	0	2	0	1	1	0	0	0	0	0	0	0	1	0	2	0	0	0	0	0	0
šūlû	0	1	2	0	0	0	0	0	0	0	0	0	0	1	0	2	0	0	0	0	0	0
pāṣa	0	0	0	0	0	0	0	0	0	0	0	0	0	0	0	1	0	0	0	0	0	0
mazāʾu	5	1	1	2	4	0	3	0	0	0	0	0	1	0	3	6	0	0	0	0	0	0
awīlu	0	0	0	0	0	0	0	0	0	0	0	0	0	0	0	0	0	0	0	0	0	0
haṣābu	1	0	0	0	0	0	0	0	0	0	0	0	0	0	0	1	0	0	0	0	0	0
šiāṣu	1	0	0	0	2	0	0	0	0	0	0	0	0	0	1	4	3	0	0	0	0	0
qâlu	8	2	1	0	2	0	0	0	0	0	0	0	0	0	0	4	0	0	0	0	0	0
agāgu	0	0	0	0	0	0	0	0	0	0	0	0	0	0	0	2	0	0	0	0	0	0
hepēru	1	0	0	0	0	0	0	0	0	0	0	0	0	0	0	0	0	0	0	0	0	0
mâru	0	0	0	0	0	0	0	0	0	0	0	0	0	0	0	0	0	0	0	0	0	0
šâmu	2	0	1	0	2	1	0	0	0	0	0	0	0	0	0	1	0	0	0	0	0	0
eqû	1	0	0	0	0	0	0	0	0	0	0	0	0	0	0	0	0	0	0	0	0	0
tcma	4	0	0	0	0	0	0	0	0	0	0	0	0	0	0	0	0	0	0	0	0	0
assur	0	0	0	0	0	0	0	0	0	0	0	0	0	0	0	0	0	0	0	0	0	0
erāšu	2	0	0	0	0	0	0	0	0	0	0	0	0	0	0	1	0	0	0	0	0	0
katātu	0	0	1	1	1	0	0	0	0	1	0	0	0	0	0	0	0	0	0	0	0	0
kepû	0	0	1	0	0	0	0	0	0	0	0	0	0	0	0	1	0	0	0	0	0	0
eddu	0	0	1	0	0	0	0	0	0	0	0	0	0	0	0	1	0	0	0	0	0	0
nakādu	0	0	0	0	0	0	0	0	0	0	0	0	0	0	1	0	0	0	0	0	0	0
kuṣṣupu	2	0	2	0	0	0	1	0	0	0	0	0	0	0	0	0	0	0	0	0	0	0
ṭanāpu	1	0	2	1	1	0	0	0	0	0	0	0	0	0	0	0	0	0	0	0	0	0
nišu	1	0	1	0	0	0	0	0	0	0	1	0	0	0	1	0	0	0	0	0	0	0
huṭṭû	1	0	0	0	0	0	0	0	0	0	0	0	0	0	0	0	0	0	0	0	0	0
aqru	0	0	0	0	1	0	0	0	0	0	0	0	0	0	0	0	0	0	0	0	0	0
dahû	0	1	0	0	0	0	0	0	0	0	0	0	0	0	1	1	0	0	0	0	0	0
qurrubu	0	0	0	0	0	0	1	0	0	0	0	0	0	0	0	1	0	0	0	0	0	0
zaʾānu	0	0	1	0	0	0	0	0	0	0	0	0	0	0	0	0	0	0	0	0	0	0
hašālu	0	1	0	0	0	0	0	0	0	0	0	0	0	0	0	0	0	0	0	0	0	0
u₂-si-ku-x	0	0	0	0	0	0	0	0	0	0	0	0	0	0	0	0	0	0	0	0	0	0
haršu	0	0	0	0	0	0	0	0	0	0	0	0	0	0	0	0	0	0	0	0	0	0
šaprāka	0	0	0	0	0	0	1	0	0	0	0	0	0	0	1	0	0	0	0	0	0	0
lišmi	1	0	0	0	0	0	0	1	0	0	0	0	0	0	0	1	0	0	0	0	0	0
ušēbilaššu	0	1	1	0	1	0	0	0	0	0	1	0	0	0	0	0	0	0	0	0	0	0
ētemēdu	1	0	1	0	0	0	0	0	0	0	0	0	0	0	0	0	0	0	1	0	0	0
naṣūni	1	0	0	0	1	0	0	0	0	0	1	0	0	0	0	1	0	0	0	0	0	0
imattuhu	1	0	0	0	0	0	0	0	0	0	0	0	0	0	1	0	0	0	0	0	0	0
ubbalūni	0	0	1	0	0	0	0	0	0	0	0	0	0	0	0	0	0	0	0	0	0	0
taqṭarba	0	0	0	0	1	0	0	0	0	0	0	1	0	1	0	3	1	0	0	0	0	0
ātamar	0	0	0	0	0	0	0	0	0	0	0	0	0	0	2	0	0	0	0	0	0	0
taqarriba	0	0	0	0	2	0	0	0	0	0	0	0	0	0	0	1	0	0	0	0	0	0
aklu	1	0	1	0	1	1	0	0	0	0	0	0	0	0	0	0	0	0	0	0	0	0
kaṣpu	0	0	0	0	0	0	0	0	0	0	0	0	0	0	0	0	0	0	0	0	0	0
mahhuru	0	0	1	0	0	0	0	0	0	0	0	0	0	0	0	1	0	0	0	0	0	0
ṣalāʾu	1	0	1	0	0	0	0	0	0	0	0	0	0	0	0	0	0	0	0	0	0	0
hummuṭu	0	0	0	0	0	0	0	0	0	0	0	0	0	0	0	1	0	0	0	0	0	0
zuqqupu	0	0	0	0	2	0	1	0	0	0	0	0	0	0	0	1	0	0	0	0	0	0
šiābu	0	0	0	0	0	0	1	0	0	0	0	0	0	0	0	0	0	0	0	0	0	0
nušēṣia	1	0	0	0	0	0	1	0	0	0	0	0	0	0	0	0	1	0	0	0	0	0
tubtaddid	0	0	0	0	0	0	1	0	0	0	0	0	0	0	0	0	0	0	0	0	0	0
tētalia	0	0	0	0	0	0	0	0	0	0	1	0	0	0	0	0	0	0	0	0	0	0
lemnu	0	0	0	0	0	0	0	0	0	0	0	0	0	0	0	0	0	0	0	0	0	0
šadālu	1	0	0	0	0	0	0	0	0	0	0	0	0	1	1	0	0	0	0	0	0	0
nêru	2	0	7	0	1	0	0	0	0	0	0	0	0	0	0	1	1	0	0	0	0	0
ṣummuru	1	0	1	0	0	0	0	0	0	0	0	0	0	2	0	1	0	0	0	0	0	0
buddudu	0	0	0	0	2	1	0	0	0	0	0	0	0	0	0	0	0	0	0	0	0	0
ṣuddû	0	0	1	0	0	0	0	0	0	0	0	0	0	0	0	1	0	0	0	0	0	0
mala	0	0	0	0	1	0	0	0	0	0	0	0	0	0	0	1	0	0	0	0	0	0
zaqpu	0	0	0	0	1	0	1	0	0	0	0	0	0	0	0	2	0	0	0	0	0	0
sahhiru	0	0	0	0	0	0	1	0	0	0	0	0	0	0	0	0	0	0	0	0	0	0
šamû	0	0	0	1	0	0	2	0	0	0	0	0	0	0	0	0	1	0	0	0	0	0
epāšu	2	0	1	0	0	0	1	0	0	0	0	0	0	0	0	0	0	0	0	0	0	0
tūaru	0	0	0	0	0	0	0	0	0	0	0	0	0	0	0	0	0	0	0	0	0	0
eṣēpu	1	0	1	0	0	0	0	0	0	0	0	0	0	1	0	0	0	0	0	0	0	0
narāṭu	0	0	0	0	2	0	0	0	0	0	0	0	0	0	0	1	0	0	0	0	0	0
paršumu	0	0	0	0	0	0	0	0	0	0	0	0	0	0	0	0	0	0	0	0	0	0
batqu	0	0	0	0	0	0	0	0	0	0	0	0	0	1	1	1	0	0	0	0	0	0
dummuqu	0	0	0	0	0	0	0	0	0	0	1	0	0	0	0	1	0	0	0	0	0	0
šarāṣu	1	0	1	0	1	0	0	0	0	0	0	0	0	0	0	1	0	0	0	0	0	0
utarsi	1	0	0	0	0	0	0	0	0	0	0	0	0	0	1	0	1	0	0	0	0	0
tunimmu	0	0	1	0	0	0	0	0	0	0	0	0	0	0	0	1	0	0	0	0	0	0
mehṣu	1	0	0	0	0	0	0	0	0	0	0	0	0	0	0	0	0	0	0	0	0	0
mânu	0	0	0	0	0	0	1	0	0	0	0	0	1	0	0	2	0	0	0	0	0	0
{1}{d}x-sig₅-iq	0	0	0	0	0	0	0	0	0	0	0	0	0	0	0	0	0	0	0	0	0	0
ušettaqušūni	0	0	0	0	0	0	0	0	0	0	0	0	0	0	0	0	0	0	0	0	0	0
iddanuniššu	0	0	0	0	0	0	0	0	0	0	0	0	0	0	0	0	0	0	0	0	0	0
iqbûniššunni	0	0	0	0	0	0	0	0	0	0	0	0	0	0	0	0	0	0	0	0	0	0
tapallah	0	0	0	0	1	0	1	0	0	0	0	0	0	0	0	0	0	0	0	0	0	0
buttuqu	0	0	0	0	0	0	0	0	0	0	0	0	0	0	0	0	0	0	0	0	0	0
u₂-x-x-šid	0	0	0	0	0	0	0	0	0	0	0	0	0	0	0	0	0	0	0	0	0	0
hiāšu	0	3	0	0	1	0	0	0	0	0	0	0	0	0	0	3	0	0	0	0	4	0
tūra	0	0	0	0	0	0	0	0	0	0	0	0	0	0	0	0	0	0	0	0	0	0
edû	1	0	0	1	1	1	1	0	0	0	0	0	0	0	0	2	0	0	0	0	0	0
hatāpu	1	0	0	0	0	0	0	0	0	0	0	0	1	0	0	0	0	0	0	0	0	0
le-hu-ni	1	0	0	0	0	0	0	0	0	0	0	0	0	0	0	0	0	0	0	0	0	0
allāka	1	0	1	1	0	0	0	0	0	0	0	0	1	0	0	1	1	0	0	0	0	0
ninassāha	3	0	0	1	0	0	0	0	0	0	0	0	0	0	1	2	0	0	1	0	0	0
iqṭibia	0	0	0	0	0	0	0	0	0	0	0	0	0	0	0	0	0	0	0	0	0	0
tubbala	0	0	0	0	0	0	0	0	0	0	0	0	0	0	0	0	0	0	0	0	0	0
ihabbat	0	0	0	0	0	0	0	0	0	0	0	0	0	0	0	0	0	0	0	0	0	0
kubburu	0	0	0	0	1	0	0	0	0	0	0	0	0	0	0	0	0	0	0	0	0	0
šarāmu	1	0	0	0	1	0	0	0	0	0	0	0	0	0	0	0	0	0	0	0	0	0
darāsu	1	0	0	0	0	0	0	0	0	0	0	0	0	0	0	0	0	0	0	0	0	0
segû	0	0	2	0	0	0	0	0	0	0	0	0	0	0	0	0	0	0	0	0	0	0
āṣû	0	0	1	0	1	0	0	0	0	0	0	0	1	0	0	1	0	0	0	0	0	0
ebbu	0	0	0	0	1	0	0	0	0	0	0	0	0	0	0	1	0	0	0	0	0	0
lemuttu	0	0	0	0	0	0	0	0	0	0	0	0	0	0	0	0	0	0	0	0	0	0
šurruhu	8	0	4	0	1	0	1	0	0	0	0	0	0	0	7	6	0	0	1	0	0	0
utnēnu	1	0	1	0	0	0	0	0	0	0	0	0	0	0	0	0	0	0	0	0	0	0
qibītu	0	0	0	0	0	0	0	0	0	0	0	0	0	0	0	0	0	0	0	0	0	0
mahû	0	0	0	0	1	0	0	0	0	0	0	0	0	0	0	1	0	0	0	0	0	0
irtu	0	0	0	0	0	0	0	0	0	0	0	0	0	0	0	0	0	0	0	0	0	0
ṣarāhu	1	0	0	0	0	0	0	0	0	0	0	0	0	0	0	2	0	0	0	0	0	0
nadāru	0	0	1	0	0	0	0	0	0	0	0	0	0	0	0	0	0	0	0	0	0	0
rapāsu	0	0	1	0	0	0	0	0	0	0	0	0	0	0	0	0	0	0	0	0	0	0
waqû	0	0	1	0	1	0	0	0	0	0	0	0	0	0	0	0	0	0	0	0	0	0
adāru	3	0	1	0	2	0	0	0	0	0	0	0	0	0	0	0	0	0	0	0	0	0
šêlu	2	0	0	0	0	0	0	0	0	0	0	0	0	0	0	0	0	0	0	0	0	0
ewû	0	0	0	0	0	0	0	0	0	0	0	0	0	0	0	0	0	0	0	0	0	0
tēbû	1	0	0	0	0	0	0	0	0	0	0	0	0	0	0	0	0	0	0	0	0	0
dakāku	0	0	1	0	0	0	0	0	0	0	0	0	0	0	0	0	0	0	0	0	0	0
ekēpu	1	0	1	0	0	0	0	0	0	0	0	0	0	0	0	0	0	0	0	0	0	0
erbu	0	0	0	0	0	0	0	0	0	0	0	0	0	0	0	0	0	0	0	0	0	0
mašû	2	0	1	0	1	0	0	0	0	0	0	0	0	0	0	1	0	0	0	0	0	0
watāru	1	0	1	0	0	0	0	0	0	0	0	0	0	0	0	0	0	0	0	0	0	0
kitnušu	0	1	2	0	2	0	0	0	0	0	0	0	0	0	0	1	0	0	0	0	0	0
diāšu	1	0	0	0	0	0	0	0	0	0	0	0	0	0	0	0	0	0	0	0	0	0
šâbu	0	0	2	0	0	0	0	0	0	0	0	0	0	0	0	1	0	0	0	0	0	0
rakbu	1	0	1	0	0	0	0	0	0	0	0	0	0	0	0	1	0	0	0	0	0	0
ṣamdu	1	0	1	0	0	0	0	0	0	0	0	0	0	0	0	0	0	0	0	0	0	0
pašāqu	0	0	0	0	1	0	0	0	0	0	0	0	0	0	0	1	0	0	0	0	0	0
tarāku	0	0	0	0	0	0	0	0	0	0	0	0	0	0	0	1	0	0	0	0	0	0
mâʾu	1	0	0	0	0	0	0	0	0	0	0	0	0	0	0	0	0	0	0	0	0	0
šanānu	0	0	1	0	0	0	0	0	0	0	0	0	0	0	0	1	0	0	0	0	0	0
šurbû	0	0	1	0	0	0	0	0	0	0	0	0	0	0	0	1	0	0	0	0	0	0
šamāru	0	0	0	0	0	0	0	0	0	0	0	0	0	0	0	0	0	0	0	0	0	0
šiāhu	0	0	1	0	0	0	0	0	0	0	0	0	0	0	0	0	0	0	0	0	0	0
habābu	0	0	1	0	0	0	0	0	0	0	0	0	0	0	0	0	0	0	0	0	0	0
nâšu	0	0	1	0	0	0	0	0	0	0	0	0	0	0	0	1	0	0	0	0	0	0
mêšu	4	1	2	1	0	0	0	1	0	0	0	0	0	1	1	3	1	0	0	0	0	0
kadāru	1	0	0	0	0	0	0	0	0	0	0	0	0	0	0	1	0	0	0	0	0	0
ašru	0	0	0	0	0	0	0	0	0	0	0	0	0	0	0	1	0	0	0	0	0	0
šamru	0	0	0	0	0	0	0	0	0	0	1	0	0	0	0	1	0	0	0	0	0	0
eṭru	0	0	1	0	1	0	0	0	0	0	0	0	0	0	0	1	0	0	0	0	0	0
habāru	0	0	0	0	0	0	0	0	0	0	0	0	0	0	0	0	0	0	0	0	0	0
a.a-x+x	0	0	0	0	0	0	0	0	0	0	0	0	0	0	0	0	0	0	0	0	0	0
radāpu	0	0	1	0	0	0	0	0	0	0	0	0	0	0	0	0	0	0	0	0	0	0
padû	0	0	0	0	1	0	0	0	0	0	0	0	0	0	0	0	0	0	0	0	0	0
naṣāka	2	0	2	0	1	1	0	0	0	0	0	0	0	0	0	1	0	0	0	0	0	0
adru	0	0	1	0	0	0	0	0	0	0	0	0	0	0	0	1	0	0	0	0	0	0
lēlûni	0	0	0	0	1	0	0	0	0	1	0	0	0	1	0	0	0	0	0	0	0	0
lērubu	0	0	2	0	0	0	0	0	0	0	0	0	0	0	0	0	0	0	0	0	0	0
liškul	0	0	0	0	0	0	0	0	0	0	0	1	0	0	0	1	0	0	0	0	0	0
lumaddidu	0	0	1	0	0	1	0	0	0	0	0	0	0	0	0	0	0	0	0	0	0	0
lušēṣûni	1	0	0	0	0	0	0	0	0	0	0	0	0	0	0	0	0	0	0	0	0	0
alka	0	0	0	0	0	0	0	0	0	0	0	0	0	0	1	0	0	0	0	0	0	0
erba	0	0	0	0	0	0	0	0	0	0	0	0	0	0	0	0	0	0	0	0	0	0
etqa	0	0	0	0	0	0	0	0	0	0	0	0	0	0	0	0	0	0	0	0	0	0
alkāni	0	0	0	0	0	0	0	0	0	0	0	0	0	0	0	0	0	0	0	0	0	0
našāku	0	0	0	0	0	0	0	0	0	0	0	0	0	0	0	1	0	0	0	0	0	0
zuʾʾû	0	0	0	0	0	0	1	0	0	0	0	0	0	0	0	0	0	0	0	0	0	0
harābu	0	0	0	0	0	0	0	0	0	0	0	0	0	0	0	0	0	0	0	0	0	0
ratānu	0	0	0	1	0	0	0	0	0	0	0	0	0	0	0	1	0	0	0	0	0	0
iktarar	2	0	2	0	0	0	0	0	0	0	0	0	0	0	0	0	0	0	0	0	0	0
hilqāni	0	0	0	0	0	0	1	0	0	0	0	0	0	0	0	1	0	0	0	0	0	0
usahhirūni	1	0	0	0	0	0	0	0	0	0	0	0	0	0	0	0	0	0	0	0	0	0
irīhu	0	0	0	0	2	0	0	0	0	0	1	0	0	0	0	1	0	0	0	0	0	0
šaʾālu	0	0	0	0	2	0	0	0	0	0	0	0	0	0	1	0	1	0	0	0	0	0
ušazzazūnu	0	0	0	0	0	0	0	0	0	0	0	0	0	0	0	0	0	0	0	0	0	0
asūnakka	0	0	0	1	0	0	2	0	0	0	0	0	0	0	0	2	0	0	0	0	0	0
warādu	0	0	2	0	1	0	0	0	0	0	1	0	0	0	1	1	0	0	0	0	0	0
īṣū	0	0	0	0	1	0	0	0	0	0	0	0	0	0	0	1	0	0	0	0	0	0
habāšu	0	0	0	0	0	0	0	0	0	0	0	0	0	0	0	0	0	0	0	0	0	0
šāmu	0	0	0	0	0	0	0	0	0	0	0	0	0	0	0	1	0	0	0	0	0	0
ṣarāpu	1	0	1	0	0	0	0	0	0	0	0	0	1	0	0	1	0	0	0	0	0	0
niqittu	0	0	0	0	0	0	0	0	0	0	0	0	0	0	0	0	0	0	0	0	0	0
naṣūniššunu	0	0	0	0	1	0	0	0	0	0	0	0	0	0	0	1	0	0	0	0	0	0
ihtardanni	0	0	0	0	0	0	0	0	0	0	0	0	0	1	1	1	0	0	0	0	0	0
upazzarūni	0	0	1	0	0	0	0	0	0	0	0	0	0	0	0	0	0	0	0	0	0	0
emû	2	3	2	0	1	0	0	0	0	0	0	0	0	0	0	2	0	0	0	0	0	0
mēlulu	0	0	2	0	2	0	0	0	0	0	0	0	0	0	0	2	0	0	0	0	0	0
lamdu	0	0	0	0	0	0	0	0	0	0	0	0	0	0	0	0	0	0	0	0	0	0
šalāʾu	0	0	0	0	0	0	0	0	0	0	0	0	0	0	0	0	0	0	0	0	0	0
kanšu	0	0	0	0	0	0	0	0	0	0	0	0	0	0	0	0	0	0	0	0	0	0
neqelpû	0	0	0	0	0	0	0	0	0	0	0	0	0	0	0	0	0	0	0	0	0	0
li-it-tan-x	0	0	0	0	0	0	0	0	0	0	0	0	0	0	0	0	0	0	0	0	0	0
ṣapāru	0	0	0	0	0	0	0	0	0	0	0	0	0	0	0	0	0	0	0	0	0	0
za	0	0	0	0	0	0	0	0	0	0	0	0	0	0	0	0	0	0	0	0	0	0
šutamhuṣu	0	0	0	0	0	0	0	0	0	0	0	0	0	0	0	0	0	0	0	0	0	0
ruʾʾumu	0	0	0	0	0	0	0	0	0	0	0	0	0	0	0	0	0	0	0	0	0	0
šêʾu	0	0	0	0	0	0	0	0	0	0	0	0	0	0	0	0	0	0	0	0	0	0
kasāpu	0	0	0	0	0	0	0	0	0	0	0	0	0	0	0	0	0	0	0	0	0	0
ittūbūlu	0	0	0	0	0	0	0	0	0	0	0	0	0	0	0	0	0	0	0	0	0	0
ezēzu	0	0	0	0	0	0	0	0	0	0	0	0	0	0	0	0	0	0	0	0	0	0
šatqu	0	0	0	0	0	0	0	0	0	0	0	0	0	0	0	0	0	0	0	0	0	0
immeru	0	0	0	0	0	0	0	0	0	0	0	0	0	0	0	0	0	0	0	0	0	0
ašme	0	0	0	0	0	0	0	0	0	0	0	0	0	0	0	0	0	0	0	0	0	0
anhu	0	0	0	0	0	0	0	0	0	0	0	0	0	0	0	0	0	0	0	0	0	0
šudlupu	0	0	0	0	0	0	0	0	0	0	0	0	0	0	0	0	0	0	0	0	0	0
hurrudu	0	0	0	0	0	0	0	0	0	0	0	0	0	0	0	0	0	0	0	0	0	0
šurbubu	0	0	0	0	0	0	0	0	0	0	0	0	0	0	0	0	0	0	0	0	0	0
u₂-sa-na-ʾu-x-ni	0	0	0	0	0	0	0	0	0	0	0	0	0	0	0	0	0	0	0	0	0	0
barāmu	0	0	0	0	0	0	0	0	0	0	0	0	0	0	0	0	0	0	0	0	0	0
šuršudu	0	0	0	0	0	0	0	0	0	0	0	0	0	0	0	0	0	0	0	0	0	0
raṣānu	0	0	0	0	0	0	0	0	0	0	0	0	0	0	0	0	0	0	0	0	0	0
talālu	0	0	0	0	0	0	0	0	0	0	0	0	0	0	0	0	0	0	0	0	0	0
u₂-kal-x	0	0	0	0	0	0	0	0	0	0	0	0	0	0	0	0	0	0	0	0	0	0
hamāmu	0	0	0	0	0	0	0	0	0	0	0	0	0	0	0	0	0	0	0	0	0	0
šuharruru	0	0	0	0	0	0	0	0	0	0	0	0	0	0	0	0	0	0	0	0	0	0
arû	0	0	0	0	0	0	0	0	0	0	0	0	0	0	0	0	0	0	0	0	0	0
paṭṭurūni	0	0	0	0	0	0	0	0	0	0	0	0	0	0	0	0	0	0	0	0	0	0
issaprūni	0	0	0	0	0	0	0	0	0	0	0	0	0	0	0	0	0	0	0	0	0	0
ibaššûnu	0	0	0	0	0	0	0	0	0	0	0	0	0	0	0	0	0	0	0	0	0	0
nasīku	0	0	0	0	0	0	0	0	0	0	0	0	0	0	0	0	0	0	0	0	0	0
sêru	0	0	0	0	0	0	0	0	0	0	0	0	0	0	0	0	0	0	0	0	0	0
kaspu	0	0	0	0	0	0	0	0	0	0	0	0	0	0	0	0	0	0	0	0	0	0
wasāmu	0	0	0	0	0	0	0	0	0	0	0	0	0	0	0	0	0	0	0	0	0	0
pašāṭu	0	0	0	0	0	0	0	0	0	0	0	0	0	0	0	0	0	0	0	0	0	0
lawu	0	0	0	0	0	0	0	0	0	0	0	0	0	0	0	0	0	0	0	0	0	0
šagāmu	0	0	0	0	0	0	0	0	0	0	0	0	0	0	0	0	0	0	0	0	0	0
napāṣu	0	0	0	0	0	0	0	0	0	0	0	0	0	0	0	0	0	0	0	0	0	0
ēṣidu	0	0	0	0	0	0	0	0	0	0	0	0	0	0	0	0	0	0	0	0	0	0
kâṣu	0	0	0	0	0	0	0	0	0	0	0	0	0	0	0	0	0	0	0	0	0	0
tamāhu	0	0	0	0	0	0	0	0	0	0	0	0	0	0	0	0	0	0	0	0	0	0
habû	0	0	0	0	0	0	0	0	0	0	0	0	0	0	0	0	0	0	0	0	0	0
ṣalû	0	0	0	0	0	0	0	0	0	0	0	0	0	0	0	0	0	0	0	0	0	0
ṣamāru	0	0	0	0	0	0	0	0	0	0	0	0	0	0	0	0	0	0	0	0	0	0
qalû	0	0	0	0	0	0	0	0	0	0	0	0	0	0	0	0	0	0	0	0	0	0
ṣahātu	0	0	0	0	0	0	0	0	0	0	0	0	0	0	0	0	0	0	0	0	0	0
labšu	0	0	0	0	0	0	0	0	0	0	0	0	0	0	0	0	0	0	0	0	0	0
naharmuṭu	0	0	0	0	0	0	0	0	0	0	0	0	0	0	0	0	0	0	0	0	0	0
elēlu	0	0	0	0	0	0	0	0	0	0	0	0	0	0	0	0	0	0	0	0	0	0
ṭapālu	0	0	0	0	0	0	0	0	0	0	0	0	0	0	0	0	0	0	0	0	0	0
labābu	0	0	0	0	0	0	0	0	0	0	0	0	0	0	0	0	0	0	0	0	0	0
apāru	0	0	0	0	0	0	0	0	0	0	0	0	0	0	0	0	0	0	0	0	0	0
ṣêʾu	0	0	0	0	0	0	0	0	0	0	0	0	0	0	0	0	0	0	0	0	0	0
palāqu	0	0	0	0	0	0	0	0	0	0	0	0	0	0	0	0	0	0	0	0	0	0
šutarruhu	0	0	0	0	0	0	0	0	0	0	0	0	0	0	0	0	0	0	0	0	0	0
napardû	0	0	0	0	0	0	0	0	0	0	0	0	0	0	0	0	0	0	0	0	0	0
ṣaṭāru	0	0	0	0	0	0	0	0	0	0	0	0	0	0	0	0	0	0	0	0	0	0
nādu	0	0	0	0	0	0	0	0	0	0	0	0	0	0	0	0	0	0	0	0	0	0
šuqallulu	0	0	0	0	0	0	0	0	0	0	0	0	0	0	0	0	0	0	0	0	0	0
magāgu	0	0	0	0	0	0	0	0	0	0	0	0	0	0	0	0	0	0	0	0	0	0
ṣapru	0	0	0	0	0	0	0	0	0	0	0	0	0	0	0	0	0	0	0	0	0	0
hâlu	0	0	0	0	0	0	0	0	0	0	0	0	0	0	0	0	0	0	0	0	0	0
šuparruru	0	0	0	0	0	0	0	0	0	0	0	0	0	0	0	0	0	0	0	0	0	0
abtu	0	0	0	0	0	0	0	0	0	0	0	0	0	0	0	0	0	0	0	0	0	0
šarû	0	0	0	0	0	0	0	0	0	0	0	0	0	0	0	0	0	0	0	0	0	0
ṣiāhu	0	0	0	0	0	0	0	0	0	0	0	0	0	0	0	0	0	0	0	0	0	0
abnu	0	0	0	0	0	0	0	0	0	0	0	0	0	0	0	0	0	0	0	0	0	0
lu-x-x	0	0	0	0	0	0	0	0	0	0	0	0	0	0	0	0	0	0	0	0	0	0
"	0	0	0	0	0	0	0	0	0	0	0	0	0	0	0	0	0	0	0	0	0	0
šarku	0	0	0	0	0	0	0	0	0	0	0	0	0	0	0	0	0	0	0	0	0	0
mašāʾu	0	0	0	0	0	0	0	0	0	0	0	0	0	0	0	0	0	0	0	0	0	0
rummû	0	0	0	0	0	0	0	0	0	0	0	0	0	0	0	0	0	0	0	0	0	0
ipšu	0	0	0	0	0	0	0	0	0	0	0	0	0	0	0	0	0	0	0	0	0	0
tarāru	0	0	0	0	0	0	0	0	0	0	0	0	0	0	0	0	0	0	0	0	0	0
ešû	0	0	0	0	0	0	0	0	0	0	0	0	0	0	0	0	0	0	0	0	0	0
alahhinu	0	0	0	0	0	0	0	0	0	0	0	0	0	0	0	0	0	0	0	0	0	0
urrû	0	0	0	0	0	0	0	0	0	0	0	0	0	0	0	0	0	0	0	0	0	0
kaṣāṣu	0	0	0	0	0	0	0	0	0	0	0	0	0	0	0	0	0	0	0	0	0	0
erēhu	0	0	0	0	0	0	0	0	0	0	0	0	0	0	0	0	0	0	0	0	0	0
katmu	0	0	0	0	0	0	0	0	0	0	0	0	0	0	0	0	0	0	0	0	0	0
u₂-sa-ar₂-x+x	0	0	0	0	0	0	0	0	0	0	0	0	0	0	0	0	0	0	0	0	0	0
harpu	0	0	0	0	0	0	0	0	0	0	0	0	0	0	0	0	0	0	0	0	0	0
lušētiqu	0	0	0	0	0	0	0	0	0	0	0	0	0	0	0	0	0	0	0	0	0	0
lēkulu	0	0	0	0	0	0	0	0	0	0	0	0	0	0	0	0	0	0	0	0	0	0
lušētiqūni	0	0	0	0	0	0	0	0	0	0	0	0	0	0	0	0	0	0	0	0	0	0
ussahhiršunu	0	0	0	0	0	0	0	0	0	0	0	0	0	0	0	0	0	0	0	0	0	0
izaqqup	0	0	0	0	0	0	0	0	0	0	0	0	0	0	0	0	0	0	0	0	0	0
iqbaššūni	0	0	0	0	0	0	0	0	0	0	0	0	0	0	0	0	0	0	0	0	0	0
ussētiqaššunu	0	0	0	0	0	0	0	0	0	0	0	0	0	0	0	0	0	0	0	0	0	0
luraddûni	0	0	0	0	0	0	0	0	0	0	0	0	0	0	0	0	0	0	0	0	0	0
gal	0	0	0	0	0	0	0	0	0	0	0	0	0	0	0	0	0	0	0	0	0	0
šakkulu	0	0	0	0	0	0	0	0	0	0	0	0	0	0	0	0	0	0	0	0	0	0
kaʾādu	0	0	0	0	0	0	0	0	0	0	0	0	0	0	0	0	0	0	0	0	0	0
bādu	0	0	0	0	0	0	0	0	0	0	0	0	0	0	0	0	0	0	0	0	0	0
rīšu	0	0	0	0	0	0	0	0	0	0	0	0	0	0	0	0	0	0	0	0	0	0
uttēre	0	0	0	0	0	0	0	0	0	0	0	0	0	0	0	0	0	0	0	0	0	0
nillīki	0	0	0	0	0	0	0	0	0	0	0	0	0	0	0	0	0	0	0	0	0	0
šapû	0	0	0	0	0	0	0	0	0	0	0	0	0	0	0	0	0	0	0	0	0	0
qatnu	0	0	0	0	0	0	0	0	0	0	0	0	0	0	0	0	0	0	0	0	0	0
bašmu	0	0	0	0	0	0	0	0	0	0	0	0	0	0	0	0	0	0	0	0	0	0
mūatu	0	0	0	0	0	0	0	0	0	0	0	0	0	0	0	0	0	0	0	0	0	0
šu	0	0	0	0	0	0	0	0	0	0	0	0	0	0	0	0	0	0	0	0	0	0
KUR	0	0	0	0	0	0	0	0	0	0	0	0	0	0	0	0	0	0	0	0	0	0
ehūla	0	0	0	0	0	0	0	0	0	0	0	0	0	0	0	0	0	0	0	0	0	0
kabbaru	0	0	0	0	0	0	0	0	0	0	0	0	0	0	0	0	0	0	0	0	0	0
kabru	0	0	0	0	0	0	0	0	0	0	0	0	0	0	0	0	0	0	0	0	0	0
arraku	0	0	0	0	0	0	0	0	0	0	0	0	0	0	0	0	0	0	0	0	0	0
etiq	0	0	0	0	0	0	0	0	0	0	0	0	0	0	0	0	0	0	0	0	0	0
alik	0	0	0	0	0	0	0	0	0	0	0	0	0	0	0	0	0	0	0	0	0	0
ussaṣabitu	0	0	0	0	0	0	0	0	0	0	0	0	0	0	0	0	0	0	0	0	0	0
ussaṣabitma	0	0	0	0	0	0	0	0	0	0	0	0	0	0	0	0	0	0	0	0	0	0
illaka	0	0	0	0	0	0	0	0	0	0	0	0	0	0	0	0	0	0	0	0	0	0
pasālu	0	0	0	0	0	0	0	0	0	0	0	0	0	0	0	0	0	0	0	0	0	0
wašbu	0	0	0	0	0	0	0	0	0	0	0	0	0	0	0	0	0	0	0	0	0	0
kanû	0	0	0	0	0	0	0	0	0	0	0	0	0	0	0	0	0	0	0	0	0	0
assatabbar	0	0	0	0	0	0	0	0	0	0	0	0	0	0	0	0	0	0	0	0	0	0
etinnāka	0	0	0	0	0	0	0	0	0	0	0	0	0	0	0	0	0	0	0	0	0	0
apqidūni	0	0	0	0	0	0	0	0	0	0	0	0	0	0	0	0	0	0	0	0	0	0
naqallulu	0	0	0	0	0	0	0	0	0	0	0	0	0	0	0	0	0	0	0	0	0	0
zarāqu	0	0	0	0	0	0	0	0	0	0	0	0	0	0	0	0	0	0	0	0	0	0
šabāšu	0	0	0	0	0	0	0	0	0	0	0	0	0	0	0	0	0	0	0	0	0	0
nakru	0	0	0	0	0	0	0	0	0	0	0	0	0	0	0	0	0	0	0	0	0	0
dūaku	0	0	0	0	0	0	0	0	0	0	0	0	0	0	0	0	0	0	0	0	0	0
lintuha	0	0	0	0	0	0	0	0	0	0	0	0	0	0	0	0	0	0	0	0	0	0
