tlemma+rlemma+slemma,ruler,count
epēšu+ina+pānu,Esarhaddon or Ashurbanipal,20
šapāru+ana+pānu,Ashurbanipal,18
šakānu+ina+muhhu,Esarhaddon,16
alāku+ana+pānu,Sargon II,16
alāku+ina+muhhu,Tiglath-pileser III,15
alāku+ana+pānu,Ashurbanipal,15
šapāru+ina+muhhu,Tiglath-pileser III,15
erēbu+ina+pānu,Esarhaddon,11
alāku+ana+pānu,Sennacherib,11
šapāru+ana+pānu,Esarhaddon,11
qabû+ina+pānu,Esarhaddon,10
dabābu+ina+muhhu,Esarhaddon,10
šapāru+ana+šulmu,Sargon II,10
alāku+ana+pānu,Esarhaddon,10
alāku+ana+pānu,Tiglath-pileser III,9
šapāru+ina+muhhu,Ashurbanipal,9
kânu+ina+pānu,Esarhaddon,9
alāku+ana+muhhu,Esarhaddon,8
epēšu+ina+muhhu,Esarhaddon,8
alāku+ina+muhhu,Esarhaddon,8
wabālu+ina+muhhu,Tiglath-pileser III,8
alāku+ina+pānu,Ashurbanipal,7
šapāru+ina+muhhu,Esarhaddon or Ashurbanipal,7
alāku+ina+pānu,Tiglath-pileser III,7
erēbu+ina+libbu,Esarhaddon,7
šapāru+ina+muhhu,Esarhaddon,7
izuzzu+ina+pānu,Esarhaddon,7
alāku+ina+pānu,Esarhaddon,7
alāku+ina+libbu,Tiglath-pileser III,7
alāku+ana+šulmu,Esarhaddon,7
tamû+ina+libbu,Ashurbanipal,7
šakānu+ina+libbu,Esarhaddon,6
wabālu+ina+qātu,Sargon II,6
qabû+ina+muhhu,Ashurbanipal,6
izuzzu+ina+pānu,Ashurbanipal,6
alāku+ina+muhhu,Sargon II,6
epēšu+ina+libbu,Esarhaddon,5
šapāru+ina+qātu,Esarhaddon,5
šapāru+ina+qātu,Ashurbanipal,5
erēbu+ina+libbu,Tiglath-pileser III,5
erēbu+ina+pānu,Esarhaddon or Ashurbanipal,5
šapāru+ana+šulmu,Tiglath-pileser III,4
dabābu+ina+libbu,Esarhaddon,4
dabābu+ina+muhhu,Ashurbanipal,4
dabābu+ana+muhhu,Ashurbanipal,4
šakānu+ina+qātu,Esarhaddon,4
amāru+ina+libbu,Esarhaddon,4
qabû+ina+muhhu,Esarhaddon,4
paqādu+ina+muhhu,Tiglath-pileser III,4
bâšu+ina+pānu,Ashurbanipal,4
erēbu+ina+pānu,Ashurbanipal,4
erēbu+ana+libbu,Ashurbanipal,4
wabālu+ina+qātu,Tiglath-pileser III,4
šakānu+ina+libbu,Sargon II,4
epēšu+ina+libbu,Esarhaddon or Ashurbanipal,4
šakānu+ana+šēpu,Sargon II,4
šakānu+ina+pānu,Esarhaddon,4
etēqu+ina+muhhu,Esarhaddon,4
târu+ina+pānu,Esarhaddon or Ashurbanipal,4
ašābu+ina+libbu,Esarhaddon or Ashurbanipal,4
aṣû+ištu+libbu,Esarhaddon,4
alāku+ina+libbu,Esarhaddon or Ashurbanipal,4
šapāru+ina+qātu,Tiglath-pileser III,3
erēbu+ina+libbu,Sargon II,3
buʾʾû+ina+qātu,Ashurbanipal,3
bašû+ina+pānu,Esarhaddon,3
paqādu+ina+muhhu,Esarhaddon,3
šakānu+ana+šēpu,Tiglath-pileser III,3
šakānu+ina+muhhu,Tiglath-pileser III,3
elû+ištu+qātu,Ashurbanipal,3
šakānu+ina+pānu,Sîn-šarru-iškun,3
abāku+ana+pānu,Ashurbanipal,3
elû+ana+pānu,Esarhaddon,3
šalāmu+ina+qātu,Sîn-šarru-iškun,3
šakānu+ina+pānu,Ashurbanipal,3
epēšu+ina+pānu,Esarhaddon,3
šapāru+ana+ahu,Ashurbanipal,3
šapāru+ana+muhhu,Ashurbanipal,3
qerēbu+ina+pānu,Esarhaddon,3
qabû+ina+pānu,Sargon II,3
šakānu+ina+muhhu,Esarhaddon or Ashurbanipal,3
damāqu+ina+pānu,Ashurbanipal,3
šakānu+ina+muhhu,Ashurbanipal,3
šakānu+ana+pānu,Ashurbanipal,3
šapāru+ana+pānu,Tiglath-pileser III,3
qabû+ina+pû,Esarhaddon,3
šapāru+ana+šulmu,Sennacherib,3
erēbu+ina+pānu,Tiglath-pileser III,3
maqātu+ina+muhhu,Esarhaddon,3
šasû+ina+pānu,Esarhaddon,3
alāku+ina+libbu,Sargon II,3
amāru+ina+libbu,Ashurbanipal,3
wabālu+ina+muhhu,Sargon II,3
amru+ana+pānu,Sennacherib,3
izuzzu+ina+pānu,Esarhaddon or Ashurbanipal,3
šâlu+ina+muhhu,Esarhaddon,3
izuzzu+ina+pānu,Tiglath-pileser III,3
sahāru+ištu+libbu,Esarhaddon,3
alāku+ina+muhhu,Esarhaddon or Ashurbanipal,3
karābu+ana+ahu,Ashurbanipal,3
šemû+ina+pû,Esarhaddon,3
alāku+ana+muhhu,Sargon II,3
pahāru+ana+muhhu,Sargon II,3
ṣabātu+ina+qātu,Ashurbanipal,3
karāru+ina+muhhu,Tiglath-pileser III,3
tadānu+ištu+libbu,Esarhaddon,3
ṣabātu+ina+šēpu,Ashurbanipal,3
kašādu+ina+libbu,Ashurbanipal,3
paqādu+ina+pānu,Esarhaddon,3
wabālu+ina+qātu,Esarhaddon,3
šâlu+ina+muhhu,Esarhaddon or Ashurbanipal,3
elû+ištu+qātu,Esarhaddon or Ashurbanipal,3
šaṭāru+ina+libbu,Esarhaddon,3
emēdu+ina+muhhu,Esarhaddon,3
našû+ina+muhhu,Tiglath-pileser III,3
epēšu+ina+pû,Ashurbanipal,2
manû+ina+qātu,Sennacherib,2
tebû+ana+muhhu,Sargon II,2
qerēbu+ina+pānu,Esarhaddon or Ashurbanipal,2
karābu+ina+pānu,Sennacherib,2
tamû+ina+libbu,Esarhaddon,2
tabāku+ina+libbu,Sargon II,2
šakānu+ana+šēpu,Ashurbanipal,2
etēqu+ana+muhhu,Tiglath-pileser III,2
karāru+ina+muhhu,Ashurbanipal,2
šaknu+ina+muhhu,Ashurbanipal,2
šakānu+ana+qātu,Ashurbanipal,2
karāru+ina+muhhu,Esarhaddon,2
šakānu+ina+pānu,Esarhaddon or Ashurbanipal,2
maqātu+ina+muhhu,Esarhaddon or Ashurbanipal,2
šakānu+ana+muhhu,Esarhaddon,2
epēšu+ina+libbu,Ashurbanipal,2
kašādu+ina+pānu,Ashurbanipal,2
kullu+ina+libbu,Esarhaddon,2
šakānu+ina+qātu,Ashurbanipal,2
kullu+ina+qātu,Esarhaddon,2
qerēbu+ina+muhhu,Esarhaddon,2
kânu+ina+libbu,Sargon II,2
sahāru+ištu+pānu,Esarhaddon,2
haṭû+ina+libbu,Esarhaddon,2
erēbu+ina+muhhu,Esarhaddon,2
izuzzu+ina+muhhu,Sennacherib,2
šakānu+ana+šēpu,Sennacherib,2
wabālu+ina+qātu,Ashurbanipal,2
wabālu+ina+pānu,Ashurbanipal,2
hiāṭu+ina+libbu,Esarhaddon or Ashurbanipal,2
wabālu+ištu+libbu,Tiglath-pileser III,2
wadû+ina+libbu,Ashurbanipal,2
šakānu+ina+libbu,Ashurbanipal,2
erēbu+ana+pānu,Esarhaddon,2
redû+ina+muhhu,Ashurbanipal,2
wabālu+ina+muhhu,Ashurbanipal,2
izuzzu+ina+muhhu,Esarhaddon,2
wussû+ina+libbu,Esarhaddon,2
leqû+ištu+pānu,Sargon II,2
wabālu+ina+libbu,Esarhaddon,2
erēbu+ina+muhhu,Ashurbanipal,2
maqātu+ina+qātu,Tiglath-pileser III,2
yānu+ina+libbu,Sargon II,2
qerēbu+ina+muhhu,Tiglath-pileser III,2
šakānu+ina+libbu,Tiglath-pileser III,2
wabālu+ina+libbu,Ashurbanipal,2
wabālu+ana+pānu,Tiglath-pileser III,2
erēbu+ana+libbu,Esarhaddon,2
madādu+ina+muhhu,Tiglath-pileser III,2
etēqu+ina+pānu,Esarhaddon or Ashurbanipal,2
epēšu+ištu+rēšu,Ashurbanipal,2
elû+ana+pānu,Tiglath-pileser III,2
šaṭāru+ina+muhhu,Esarhaddon,2
qabû+ana+muhhu,Esarhaddon,2
našû+ina+muhhu,Sargon II,2
arādu+ana+pānu,Sennacherib,2
našû+ina+muhhu,Esarhaddon or Ashurbanipal,2
šaṭāru+ina+muhhu,Esarhaddon or Ashurbanipal,2
šakānu+ina+šēpu,Ashurbanipal,2
ašābu+ina+libbu,Ashurbanipal,2
ašābu+ina+libbu,Esarhaddon,2
šaṭāru+ina+libbu,Tiglath-pileser III,2
našû+ina+muhhu,Esarhaddon,2
ašābu+ina+muhhu,Esarhaddon or Ashurbanipal,2
našû+ana+muhhu,Ashurbanipal,2
šasû+ina+pānu,Esarhaddon or Ashurbanipal,2
šasû+ina+pānu,Ashurbanipal,2
qabû+ana+ahu,Sargon II,2
šapāru+ištu+rēšu,Ashurbanipal,2
amāru+ina+libbu,Sîn-šarru-iškun,2
pazāru+ištu+pānu,Esarhaddon,2
alāku+ištu+pānu,Sargon II,2
alāku+ina+libbu,Esarhaddon,2
palāhu+ištu+pānu,Esarhaddon,2
abāku+ina+muhhu,Esarhaddon,2
ṣabātu+ina+šēpu,Esarhaddon,2
ṣabātu+ina+qātu,Esarhaddon,2
ṣabātu+ina+libbu,Tiglath-pileser III,2
alāku+ana+šulmu,Esarhaddon or Ashurbanipal,2
šâṭu+ina+pānu,Sennacherib,2
šâlu+ana+muhhu,Esarhaddon,2
alāku+ina+pānu,Esarhaddon or Ashurbanipal,2
alāku+ina+pānu,Sargon II,2
šâlu+ina+muhhu,Ashurbanipal,2
alāku+ištu+libbu,Sargon II,2
šâlu+ina+libbu,Esarhaddon,2
alāku+ištu+muhhu,Tiglath-pileser III,2
nasāku+ina+muhhu,Ashurbanipal,2
tadānu+ina+libbu,Tiglath-pileser III,2
qabû+ina+pānu,Ashurbanipal,2
dabābu+ana+muhhu,Esarhaddon,2
qatû+ina+pānu,Esarhaddon or Ashurbanipal,2
tadānu+ina+libbu,Esarhaddon or Ashurbanipal,2
šapāru+ana+pānu,Sargon II,2
šapāru+ana+muhhu,Sargon II,2
qabû+ina+pû,Sennacherib,2
elû+ina+libbu,Esarhaddon,2
elû+ina+libbu,Tiglath-pileser III,2
šapāru+ina+libbu,Ashurbanipal,2
dabābu+ana+muhhu,Tiglath-pileser III,2
šapāru+ina+pānu,Sargon II,2
dagālu+ina+pānu,Esarhaddon,2
šalāmu+ina+qātu,Ashurbanipal,2
dabābu+ina+pānu,Ashurbanipal,2
bašû+ina+libbu,Ashurbanipal,2
buʾʾû+ina+qātu,Esarhaddon,2
bakû+ina+pānu,Esarhaddon or Ashurbanipal,2
šapāru+ana+ahu,Sargon II,2
qabû+ina+pānu,Sennacherib,2
elû+ina+qātu,Sennacherib,2
šapāru+ina+muhhu,Sargon II,2
bašû+ina+pānu,Ashurbanipal,2
qabû+ina+pānu,Tiglath-pileser III,2
bašû+ina+muhhu,Sennacherib,2
šapāru+ana+muhhu,Tiglath-pileser III,2
qerēbu+ana+muhhu,Sargon II,1
sahāru+ištu+muhhu,Tiglath-pileser III,1
qerēbu+ana+muhhu,Esarhaddon,1
qabû+ištu+libbu,Esarhaddon,1
sahāru+ina+pūtu,Esarhaddon,1
sahāru+ina+muhhu,Tiglath-pileser III,1
sahāru+ina+muhhu,Esarhaddon or Ashurbanipal,1
parāsu+ina+muhhu,Ashurbanipal,1
parsu+ina+muhhu,Esarhaddon,1
paršumu+ina+libbu,Ashurbanipal,1
patāqu+itti+libbu,Esarhaddon,1
parāsu+ina+libbu,Ashurbanipal,1
qabû+ana+muhhu,Sennacherib,1
sahāru+ištu+pānu,Sargon II,1
sakālu+ana+pānu,Ashurbanipal,1
paqādu+ina+muhhu,Sargon II,1
qerēbu+ina+libbu,Sargon II,1
tabālu+ina+pānātu,Esarhaddon or Ashurbanipal,1
paqādu+ina+pānu,Ashurbanipal,1
tabāku+ina+muhhu,Ashurbanipal,1
qerēbu+ana+pānu,Ashurbanipal,1
paqādu+ina+pānu,Esarhaddon or Ashurbanipal,1
paqādu+ina+pānu,Sargon II,1
paqādu+ina+pānu,Tiglath-pileser III,1
paqādu+ina+qātu,Tiglath-pileser III,1
paqādu+ištu+libbu,Sargon II,1
tabāku+ana+muhhu,Sennacherib,1
paqādu+ištu+muhhu,Ashurbanipal,1
sepēru+ina+libbu,Sargon II,1
paqādu+ištu+muhhu,Tiglath-pileser III,1
sarāqu+ina+muhhu,Esarhaddon,1
sapāqu+ištu+pānu,Esarhaddon,1
samāhu+ina+libbu,Tiglath-pileser III,1
salāʾu+ina+muhhu,Esarhaddon,1
sehû+ina+libbu,Esarhaddon,1
paṭāru+ina+libbu,Esarhaddon or Ashurbanipal,1
sahāru+ina+muhhu,Esarhaddon,1
ramû+ina+pānu,Esarhaddon or Ashurbanipal,1
ramû+ina+libbu,Tiglath-pileser III,1
rakāsu+ina+muhhu,Tiglath-pileser III,1
rakāsu+ina+muhhu,Esarhaddon,1
rakāsu+ana+pānu,Esarhaddon,1
rahāṣu+ina+pānu,Esarhaddon or Ashurbanipal,1
rahāṣu+ina+muhhu,Esarhaddon,1
rahāṣu+ana+muhhu,Sennacherib,1
rahāṣu+ana+muhhu,Sargon II,1
qabû+ina+muhhu,Sargon II,1
rabû+ina+muhhu,Esarhaddon,1
rabû+ana+šulmu,Sargon II,1
qabû+ina+muhhu,Esarhaddon or Ashurbanipal,1
petû+ina+pānu,Ashurbanipal,1
rabû+ana+muhhu,Esarhaddon,1
petû+ina+pānu,Esarhaddon or Ashurbanipal,1
qâlu+ina+muhhu,Esarhaddon or Ashurbanipal,1
qerēbu+ištu+pānu,Esarhaddon,1
qabû+ana+ahu,Ashurbanipal,1
qabû+ana+ahu,Tiglath-pileser III,1
ramû+ina+muhhu,Ashurbanipal,1
ramû+ina+qātu,Esarhaddon,1
sahāru+ana+pānu,Esarhaddon,1
raṣāpu+ina+libbu,Sargon II,1
sahāpu+ina+pānu,Ashurbanipal,1
pazāru+ištu+pānu,Esarhaddon or Ashurbanipal,1
pazāru+ištu+pānu,Sargon II,1
sahru+ina+muhhu,Ashurbanipal,1
paṭāru+ina+muhhu,Ashurbanipal,1
paṭāru+ištu+pānu,Esarhaddon,1
pehû+ina+pānu,Ashurbanipal,1
petû+ina+muhhu,Esarhaddon,1
petû+ina+pû,Ashurbanipal,1
sadāru+ina+pānu,Esarhaddon,1
sadru+ina+muhhu,Esarhaddon,1
râmu+ištu+rēšu,Ashurbanipal,1
riābu+ina+muhhu,Ashurbanipal,1
riābu+ina+libbu,Ashurbanipal,1
redû+ina+muhhu,Sargon II,1
qabû+ina+pû,Ashurbanipal,1
redû+ana+muhhu,Sennacherib,1
qabû+ina+muhhu,Tiglath-pileser III,1
raṣāpu+ina+muhhu,Tiglath-pileser III,1
qerēbu+ina+libbu,Tiglath-pileser III,1
abāku+ana+muhhu,Esarhaddon,1
tadānu+ina+muhhu,Esarhaddon or Ashurbanipal,1
šaṭāru+ištu+pû,Esarhaddon,1
šaṭāru+ina+libbu,Esarhaddon or Ashurbanipal,1
šaṭāru+ina+libbu,Ashurbanipal,1
šasû+ina+pānu,Tiglath-pileser III,1
šarāpu+ina+libbu,Ashurbanipal,1
šarāhu+ina+muhhu,Ashurbanipal,1
šapāru+ištu+libbu,Esarhaddon,1
šapāru+ina+qātu,Sargon II,1
šapāru+ina+pānātu,Tiglath-pileser III,1
šapāru+ina+pānu,Tiglath-pileser III,1
šapāru+ina+pû,Esarhaddon,1
šapāru+ina+libbu,Sargon II,1
šapāru+ina+libbu,Esarhaddon or Ashurbanipal,1
šapāru+ina+libbu,Esarhaddon,1
šapāru+ana+šulmu,Esarhaddon or Ashurbanipal,1
šapāru+ana+šulmu,Esarhaddon,1
šapāru+ana+šulmu,Ashurbanipal,1
šapāru+ana+pānu,Esarhaddon or Ashurbanipal,1
šapāru+ana+muhhu,Sennacherib,1
šapāru+ana+muhhu,Sargon II or Sennacherib,1
šapāru+ana+muhhu,Esarhaddon,1
šapāru+ana+libbu,Esarhaddon,1
šanû+ina+qātu,Ashurbanipal,1
šanû+ina+muhhu,Esarhaddon,1
šalāṭu+ana+muhhu,Esarhaddon,1
šalāpu+ina+pānu,Tiglath-pileser III,1
šalāmu+ina+qātu,Esarhaddon,1
šakānu+ištu+rēšu,Ashurbanipal,1
šaṭāru+ina+libbu,Sargon II,1
šemû+ana+muhhu,Esarhaddon,1
tadānu+ina+pānu,Tiglath-pileser III,1
šemû+ina+libbu,Esarhaddon,1
ṭiābu+ina+muhhu,Esarhaddon,1
ṣullû+ina+pānu,Esarhaddon,1
ṣullû+ina+libbu,Esarhaddon,1
ṣarāhu+ištu+pānu,Esarhaddon,1
ṣabātu+ištu+libbu,Tiglath-pileser III,1
ṣabātu+ina+rēšu,Tiglath-pileser III,1
ṣabātu+ina+qātu,Tiglath-pileser III,1
ṣabātu+ina+qātu,Esarhaddon or Ashurbanipal,1
ṣabātu+ina+pānu,Sennacherib,1
ṣabātu+ina+pānu,Esarhaddon or Ashurbanipal,1
ṣabātu+ina+pānu,Esarhaddon,1
ṣabātu+ina+libbu,Ashurbanipal,1
ṣabātu+ana+šēpu,Tiglath-pileser III,1
ṣabātu+ana+muhhu,Sargon II,1
šâṭu+ina+libbu,Esarhaddon,1
šâṭu+ina+libbu,Ashurbanipal,1
šâlu+ištu+pānu,Esarhaddon,1
šâlu+ina+pānu,Ashurbanipal,1
šuklulu+ištu+libbu,Esarhaddon,1
šemû+ištu+pānu,Esarhaddon or Ashurbanipal,1
šemû+ištu+muhhu,Sargon II,1
šemû+ištu+libbu,Ashurbanipal,1
šemû+ina+pānu,Sargon II,1
šemû+ina+pû,Sennacherib,1
šemû+ina+pû,Sargon II,1
šemû+ina+pû,Ashurbanipal,1
šemû+ina+muhhu,Ashurbanipal,1
šakānu+ina+šēpu,Sargon II,1
šakānu+ina+šēpu,Esarhaddon,1
šakānu+ina+rēšu,Esarhaddon,1
šakānu+ina+qātu,Tiglath-pileser III,1
wadû+ina+muhhu,Ashurbanipal,1
wadû+ina+libbu,Esarhaddon or Ashurbanipal,1
wadû+ana+muhhu,Tiglath-pileser III,1
wabālu+ina+pānu,Esarhaddon,1
wabālu+ina+muhhu,Esarhaddon,1
wabālu+ina+libbu,Sargon II,1
wabālu+ina+libbu,Esarhaddon or Ashurbanipal,1
wabālu+ana+pānu,Ashurbanipal,1
wabālu+ana+muhhu,Sennacherib,1
wabālu+ana+muhhu,Sargon II,1
wabālu+ana+muhhu,Esarhaddon,1
wabālu+ana+ahu,Tiglath-pileser III,1
urû+ina+muhhu,Ashurbanipal,1
upnu+ina+pūtu,Esarhaddon,1
târu+ina+pānu,Esarhaddon,1
târu+ina+muhhu,Sargon II,1
târu+ana+pānu,Sennacherib,1
târu+ana+muhhu,Sargon II,1
târu+ana+muhhu,Ashurbanipal,1
tebû+ana+muhhu,Sennacherib,1
tebû+ana+muhhu,Ashurbanipal,1
tamû+ina+pānu,Esarhaddon or Ashurbanipal,1
tamû+ina+libbu,Sargon II,1
tadānu+ištu+pānu,Tiglath-pileser III,1
tadānu+ištu+libbu,Tiglath-pileser III,1
tadānu+ištu+libbu,Sargon II,1
tadānu+ina+qātu,Sargon II,1
wadû+ištu+libbu,Esarhaddon,1
wadû+ištu+muhhu,Ashurbanipal,1
wadû+ištu+rēšu,Ashurbanipal,1
šadādu+ana+muhhu,Ashurbanipal,1
šakānu+ina+libbu,Sennacherib,1
šakānu+ina+libbu,Esarhaddon or Ashurbanipal,1
šakānu+ana+šēpu,Esarhaddon,1
šakānu+ana+pû,Sennacherib,1
šakānu+ana+muhhu,Sennacherib,1
šakānu+ana+muhhu,Sargon II or Sennacherib,1
paqādu+ina+muhhu,Ashurbanipal,1
šakānu+ana+libbu,Esarhaddon,1
šaknu+ina+pānu,Esarhaddon or Ashurbanipal,1
šaknu+ina+libbu,Esarhaddon,1
šaknu+ana+muhhu,Esarhaddon,1
šadādu+ina+muhhu,Ashurbanipal,1
zêru+ina+muhhu,Ashurbanipal,1
wadû+ištu+rēšu,Sargon II,1
zêru+ana+muhhu,Esarhaddon,1
ziāqu+ana+muhhu,Ashurbanipal,1
zaqāpu+ina+rēšu,Esarhaddon,1
zaqāpu+ina+muhhu,Tiglath-pileser III,1
zamāru+ina+pānu,Esarhaddon,1
zakāru+ina+muhhu,Esarhaddon,1
zakû+ina+libbu,Sargon II,1
zabālu+ina+muhhu,Esarhaddon or Ashurbanipal,1
yānu+ištu+rēšu,Ashurbanipal,1
yānu+ina+pānu,Sargon II,1
yānu+ina+pānu,Esarhaddon,1
yānu+ina+libbu,Ashurbanipal,1
šakānu+ana+libbu,Tiglath-pileser III,1
nadû+ana+libbu,Ashurbanipal,1
paqādu+ina+libbu,Esarhaddon or Ashurbanipal,1
epēšu+ana+libbu,Ashurbanipal,1
elû+ana+pānu,Ashurbanipal,1
elû+ina+muhhu,Esarhaddon,1
elû+ina+muhhu,Esarhaddon or Ashurbanipal,1
elû+ina+qātu,Esarhaddon,1
elû+ina+qātu,Tiglath-pileser III,1
elû+ištu+muhhu,Sargon II,1
emēdu+ina+libbu,Tiglath-pileser III,1
epēšu+ana+muhhu,Sargon II,1
elû+ana+muhhu,Esarhaddon,1
epēšu+ana+muhhu,Tiglath-pileser III,1
epēšu+ana+pû,Sennacherib,1
epēšu+ina+muhhu,Ashurbanipal,1
epēšu+ina+muhhu,Esarhaddon or Ashurbanipal,1
epēšu+ina+pānu,Ashurbanipal,1
epēšu+ina+pūtu,Esarhaddon,1
epēšu+ina+qātu,Ashurbanipal,1
elû+ana+muhhu,Tiglath-pileser III,1
elû+ana+libbu,Sennacherib,1
epšu+ina+muhhu,Ashurbanipal,1
danānu+ina+muhhu,Ashurbanipal,1
dabābu+itti+ahu,Ashurbanipal,1
dabābu+itti+libbu,Ashurbanipal,1
dabābu+itti+libbu,Esarhaddon,1
dagālu+ina+pānu,Ashurbanipal,1
dagālu+ina+pānu,Esarhaddon or Ashurbanipal,1
dagālu+ina+pānu,Tiglath-pileser III,1
dagālu+ina+pānātu,Tiglath-pileser III,1
daʾāpu+ina+pānātu,Esarhaddon or Ashurbanipal,1
ellu+ištu+qātu,Ashurbanipal,1
daʾāpu+ištu+libbu,Sargon II,1
dekû+ana+šulmu,Tiglath-pileser III,1
dekû+ina+qātu,Ashurbanipal,1
dâku+ina+libbu,Ashurbanipal,1
ebēru+ana+muhhu,Tiglath-pileser III,1
ebēru+ina+muhhu,Tiglath-pileser III,1
ekēmu+ina+qātu,Ashurbanipal,1
epēšu+ištu+muhhu,Sargon II,1
erēbu+ana+libbu,Esarhaddon or Ashurbanipal,1
paqādu+ana+pānu,Sargon II,1
ezēbu+ištu+qātu,Ashurbanipal,1
etēqu+ina+muhhu,Ashurbanipal,1
etēqu+ina+muhhu,Tiglath-pileser III,1
etēqu+ina+pānu,Ashurbanipal,1
etēqu+ina+pānu,Esarhaddon,1
etēqu+ištu+pānu,Esarhaddon,1
etēqu+ištu+pānu,Tiglath-pileser III,1
ezēbu+ištu+libbu,Ashurbanipal,1
gamru+ina+pānātu,Tiglath-pileser III,1
etēqu+ana+muhhu,Esarhaddon,1
habālu+ina+qātu,Ashurbanipal,1
habātu+ištu+libbu,Esarhaddon,1
habātu+ištu+muhhu,Tiglath-pileser III,1
hakāmu+ina+libbu,Ashurbanipal,1
halāqu+ana+pānu,Ashurbanipal,1
halāqu+ana+pānu,Esarhaddon,1
halāqu+ina+libbu,Ashurbanipal,1
etēqu+ana+pānu,Tiglath-pileser III,1
esēhu+ina+muhhu,Esarhaddon,1
erēbu+ana+libbu,Sargon II,1
erēbu+ina+muhhu,Esarhaddon or Ashurbanipal,1
erēbu+ana+muhhu,Ashurbanipal,1
erēbu+ana+muhhu,Tiglath-pileser III,1
erēbu+ana+pānu,Ashurbanipal,1
erēbu+ana+pānu,Sargon II,1
erēbu+ana+pānu,Sennacherib,1
erēbu+ina+libbu,Ashurbanipal,1
erēbu+ina+libbu,Esarhaddon or Ashurbanipal,1
erēbu+ina+muhhu,Sargon II,1
esru+ina+libbu,Ashurbanipal,1
erēbu+ina+muhhu,Tiglath-pileser III,1
erēbu+ina+pānu,Tiglath-pileser III or Sargon II,1
erēbu+ina+šulmu,Esarhaddon,1
erēbu+ina+šulmu,Sargon II,1
erēbu+ina+šulmu,Sennacherib,1
erēbu+ištu+pānu,Tiglath-pileser III,1
erēšu+ina+libbu,Tiglath-pileser III,1
dabābu+ina+pānu,Tiglath-pileser III,1
dabābu+ina+pû,Tiglath-pileser III,1
dabābu+ina+pû,Esarhaddon,1
alāku+ištu+muhhu,Esarhaddon or Ashurbanipal,1
alāku+ina+pānu,Sennacherib,1
alāku+ina+pānātu,Ashurbanipal,1
alāku+ina+pānātu,Esarhaddon,1
alāku+ina+pānātu,Esarhaddon or Ashurbanipal,1
alāku+ina+qātu,Ashurbanipal,1
alāku+ina+šēpu,Esarhaddon,1
alāku+ištu+libbu,Esarhaddon or Ashurbanipal,1
alāku+ištu+pānu,Esarhaddon,1
alāku+ina+muhhu,Ashurbanipal,1
alāku+ištu+pānu,Tiglath-pileser III,1
amru+ina+pānu,Sargon II,1
amāru+ana+muhhu,Ashurbanipal,1
amāru+ina+muhhu,Ashurbanipal,1
amāru+ina+muhhu,Esarhaddon,1
amāru+ina+muhhu,Esarhaddon or Ashurbanipal,1
amāru+ina+pānu,Esarhaddon,1
alāku+ina+pû,Ashurbanipal,1
alāku+ana+šulmu,Sargon II,1
dabābu+ina+pû,Ashurbanipal,1
akālu+ina+muhhu,Esarhaddon or Ashurbanipal,1
abāku+ana+pānu,Esarhaddon,1
abāku+ana+pānu,Sargon II,1
abāku+ana+qātu,Ashurbanipal,1
abāku+ina+muhhu,Sargon II or Sennacherib,1
abāku+ina+muhhu,Tiglath-pileser III,1
adāru+ana+muhhu,Tiglath-pileser III,1
akālu+ina+libbu,Esarhaddon,1
akālu+ina+pānu,Ashurbanipal,1
alāku+ana+šulmu,Ashurbanipal,1
akālu+ina+šulmu,Esarhaddon,1
akālu+ištu+pānu,Esarhaddon or Ashurbanipal,1
akāšu+ina+libbu,Ashurbanipal,1
alāku+ana+ahu,Ashurbanipal,1
alāku+ana+libbu,Ashurbanipal,1
alāku+ana+muhhu,Sennacherib,1
alāku+ana+pānu,Esarhaddon or Ashurbanipal,1
amāru+ina+qātu,Esarhaddon or Ashurbanipal,1
amāru+ina+šulmu,Esarhaddon,1
amāru+itti+šēpu,Ashurbanipal,1
balṭu+ištu+muhhu,Ashurbanipal,1
aṣû+ina+muhhu,Tiglath-pileser III,1
aṣû+ina+pû,Sargon II,1
aṣû+ina+pānu,Ashurbanipal,1
aṣû+ina+pānu,Esarhaddon,1
aṣû+ištu+libbu,Esarhaddon or Ashurbanipal,1
aṣû+ištu+pû,Esarhaddon or Ashurbanipal,1
aṣû+ištu+pānu,Esarhaddon,1
bašû+ina+muhhu,Tiglath-pileser III,1
apālu+ana+muhhu,Ashurbanipal,1
bašû+ina+qātu,Ashurbanipal,1
buʾʾû+ina+qātu,Tiglath-pileser III,1
bâšu+ina+pānu,Esarhaddon or Ashurbanipal,1
dabābu+ana+muhhu,Esarhaddon or Ashurbanipal,1
dabābu+ana+muhhu,Sargon II,1
dabābu+ina+muhhu,Sargon II,1
dabābu+ina+muhhu,Tiglath-pileser III,1
aṣû+ina+muhhu,Esarhaddon or Ashurbanipal,1
aṣû+ina+muhhu,Esarhaddon,1
aṣû+ina+muhhu,Ashurbanipal,1
aṣû+ina+libbu,Esarhaddon or Ashurbanipal,1
arādu+ana+libbu,Ashurbanipal,1
arādu+ina+libbu,Esarhaddon,1
arādu+ina+muhhu,Esarhaddon or Ashurbanipal,1
arāhu+ina+qātu,Tiglath-pileser III,1
ašābu+ina+libbu,Sargon II,1
ašābu+ina+libbu,Tiglath-pileser III,1
ašābu+ina+muhhu,Esarhaddon,1
ašābu+ina+pānu,Tiglath-pileser III,1
ašāru+ana+qātu,Esarhaddon,1
ašāru+ina+muhhu,Sargon II,1
ašāru+ina+qātu,Ashurbanipal,1
ašāru+ina+qātu,Esarhaddon or Ashurbanipal,1
aṣû+ana+muhhu,Ashurbanipal,1
aṣû+ina+libbu,Ashurbanipal,1
aṣû+ina+libbu,Esarhaddon,1
halāqu+ina+muhhu,Ashurbanipal,1
halāqu+ina+muhhu,Tiglath-pileser III,1
halāqu+ištu+libbu,Esarhaddon,1
nadû+ana+pānu,Esarhaddon or Ashurbanipal,1
matāhu+ištu+libbu,Esarhaddon,1
maṭû+ina+libbu,Sargon II,1
mâtu+ana+muhhu,Ashurbanipal,1
mâtu+ina+muhhu,Esarhaddon,1
mâtu+ina+muhhu,Tiglath-pileser III,1
mītu+ina+muhhu,Ashurbanipal,1
nabāhu+ana+libbu,Esarhaddon,1
nadû+ina+muhhu,Ashurbanipal,1
maqātu+ina+pû,Esarhaddon or Ashurbanipal,1
nadānu+ana+ahu,Sargon II,1
nadānu+ana+muhhu,Esarhaddon,1
nadānu+ina+qātu,Ashurbanipal,1
nadānu+ina+qātu,Esarhaddon,1
nahāsu+ana+pānu,Esarhaddon,1
nahāsu+ana+pānu,Sargon II,1
nakāru+ištu+muhhu,Esarhaddon or Ashurbanipal,1
maqātu+ina+pānu,Tiglath-pileser III,1
maqātu+ina+muhhu,Ashurbanipal,1
mahāṣu+ana+muhhu,Ashurbanipal,1
malû+ana+qātu,Tiglath-pileser III,1
mahāṣu+ina+muhhu,Tiglath-pileser III,1
mahāṣu+ina+pānu,Ashurbanipal,1
mahāṣu+ina+pānātu,Ashurbanipal,1
mahṣu+ina+pû,Esarhaddon,1
malû+ana+muhhu,Esarhaddon,1
malû+ana+qātu,Ashurbanipal,1
malû+ana+qātu,Esarhaddon,1
malû+ina+pû,Tiglath-pileser III,1
maqātu+ina+libbu,Esarhaddon or Ashurbanipal,1
malāhu+ištu+libbu,Esarhaddon,1
manû+ana+qātu,Sargon II,1
manû+ina+qātu,Ashurbanipal,1
manû+ina+qātu,Esarhaddon,1
manû+ina+qātu,Sargon II,1
maqātu+ana+libbu,Ashurbanipal,1
maqātu+ana+pānu,Sargon II,1
nakāru+ištu+pānu,Ashurbanipal,1
nakāsu+ana+libbu,Sargon II,1
namāšu+ištu+libbu,Esarhaddon,1
nâlu+ina+libbu,Esarhaddon,1
našû+ištu+pānu,Esarhaddon,1
našāru+ina+pû,Ashurbanipal,1
naṣāru+ina+rēšu,Tiglath-pileser III,1
naṣāru+ištu+libbu,Ashurbanipal,1
naṣāru+ištu+pānu,Esarhaddon or Ashurbanipal,1
nâhu+ina+muhhu,Esarhaddon,1
nâhu+ina+qātu,Ashurbanipal,1
pahāru+ana+muhhu,Esarhaddon,1
napāhu+ina+libbu,Ashurbanipal,1
pahāru+ina+libbu,Esarhaddon,1
palhu+ana+pû,Sargon II,1
palhu+ina+muhhu,Ashurbanipal,1
palhu+ina+muhhu,Tiglath-pileser III or Sargon II,1
palāhu+ina+ahu,Esarhaddon,1
palāhu+ina+libbu,Esarhaddon,1
palāhu+ina+muhhu,Ashurbanipal,1
našû+ištu+pānu,Ashurbanipal,1
našû+ištu+muhhu,Sargon II,1
našû+ištu+libbu,Tiglath-pileser III,1
našû+ištu+libbu,Sargon II,1
napāhu+ina+muhhu,Ashurbanipal,1
nasāhu+ištu+libbu,Ashurbanipal,1
nasāhu+ištu+libbu,Esarhaddon or Ashurbanipal,1
nasāhu+ištu+muhhu,Tiglath-pileser III,1
nasāhu+ištu+pānu,Esarhaddon,1
nasāku+ana+muhhu,Ashurbanipal,1
natāku+ina+libbu,Esarhaddon,1
nazāru+ina+pānu,Esarhaddon,1
našû+ana+ahu,Tiglath-pileser III,1
našû+ana+pû,Tiglath-pileser III,1
našû+ina+libbu,Esarhaddon,1
našû+ina+pānu,Esarhaddon,1
našû+ina+pūtu,Tiglath-pileser III,1
našû+ina+qātu,Esarhaddon or Ashurbanipal,1
našû+ištu+libbu,Ashurbanipal,1
mahāṣu+ina+libbu,Ashurbanipal,1
mahāru+ina+qātu,Tiglath-pileser III,1
halāqu+ištu+pānu,Ashurbanipal,1
kamsu+ana+pānu,Tiglath-pileser III,1
izuzzu+ina+pānātu,Esarhaddon,1
izuzzu+ina+rēšu,Esarhaddon,1
izuzzu+ištu+rēšu,Ashurbanipal,1
kabāsu+ina+muhhu,Esarhaddon,1
kalû+ina+pānu,Ashurbanipal,1
kalû+ina+pānu,Sennacherib,1
kalû+ina+pānu,Tiglath-pileser III,1
kamsu+ina+libbu,Esarhaddon or Ashurbanipal,1
izuzzu+ina+muhhu,Esarhaddon or Ashurbanipal,1
kamsu+ina+libbu,Tiglath-pileser III,1
kamsu+ina+muhhu,Ashurbanipal,1
kamsu+ina+muhhu,Esarhaddon,1
kamsu+ina+muhhu,Esarhaddon or Ashurbanipal,1
kamsu+ina+muhhu,Sargon II,1
kamsu+ina+pānu,Tiglath-pileser III,1
kamāru+ina+muhhu,Esarhaddon,1
izuzzu+ina+pānu,Sargon II,1
izuzzu+ina+muhhu,Ashurbanipal,1
mahāru+ina+pānu,Esarhaddon or Ashurbanipal,1
haṭû+ina+libbu,Sargon II,1
halāqu+ištu+qātu,Esarhaddon,1
hamû+ina+pānu,Sargon II,1
hardu+ištu+pānu,Ashurbanipal,1
harādu+ina+muhhu,Esarhaddon,1
harāpu+ina+muhhu,Tiglath-pileser III,1
hasāsu+ištu+muhhu,Tiglath-pileser III,1
hašālu+ina+pānu,Tiglath-pileser III,1
haṭû+ina+libbu,Sennacherib,1
izuzzu+ina+libbu,Sargon II,1
haṭû+ina+pānu,Ashurbanipal,1
haṭû+ištu+rēšu,Ashurbanipal,1
hepû+ina+libbu,Ashurbanipal,1
hepû+ina+muhhu,Ashurbanipal,1
izuzzu+ana+pānu,Ashurbanipal,1
izuzzu+ina+libbu,Esarhaddon,1
izuzzu+ina+libbu,Esarhaddon or Ashurbanipal,1
kamāsu+ina+pānu,Esarhaddon,1
kanāku+ina+libbu,Esarhaddon,1
kapādu+ina+muhhu,Ashurbanipal,1
madādu+ina+muhhu,Esarhaddon,1
laššu+ina+libbu,Esarhaddon,1
laššu+ina+libbu,Tiglath-pileser III,1
laššu+ina+pānu,Esarhaddon or Ashurbanipal,1
laššu+ina+pānu,Sargon II,1
leqû+ina+libbu,Esarhaddon,1
leqû+ištu+libbu,Esarhaddon or Ashurbanipal,1
madādu+ina+muhhu,Ashurbanipal,1
magāru+ana+muhhu,Sargon II,1
karābu+ina+libbu,Ashurbanipal,1
magāru+ina+muhhu,Sargon II,1
mahru+ina+pānu,Ashurbanipal,1
mahru+ina+pānu,Esarhaddon,1
mahāru+ina+libbu,Ashurbanipal,1
mahāru+ina+muhhu,Esarhaddon,1
mahāru+ina+muhhu,Esarhaddon or Ashurbanipal,1
mahāru+ina+pānu,Ashurbanipal,1
lawû+ana+muhhu,Ashurbanipal,1
lasāmu+ina+libbu,Sennacherib,1
lapnu+ina+libbu,Esarhaddon,1
kânu+ina+pānu,Tiglath-pileser III,1
karābu+ina+pānu,Tiglath-pileser III,1
karāru+ina+kišādu,Esarhaddon,1
karāru+ina+libbu,Sargon II,1
karāru+ina+libbu,Tiglath-pileser III,1
karāru+ina+muhhu,Sargon II,1
karāru+ina+pānu,Tiglath-pileser III,1
kašādu+ina+libbu,Esarhaddon or Ashurbanipal,1
kaṣāpu+itti+libbu,Ashurbanipal,1
kullumu+ina+libbu,Esarhaddon or Ashurbanipal,1
kuṣṣupu+ina+libbu,Ashurbanipal,1
kuṣṣupu+itti+libbu,Ashurbanipal,1
kânu+ina+libbu,Tiglath-pileser III,1
kânu+ina+muhhu,Esarhaddon,1
kânu+ina+pānu,Esarhaddon or Ashurbanipal,1
kânu+ina+pānu,Sargon II,1
ṭābu+ina+muhhu,Ashurbanipal,1