FID	LID	problem	pnum	ppos	label	index	form	lemma	UPOS	XPOS	morphology	head_index	syn_dep	8	9
L1095265-F1	L1095265		Q003234	Q003234.3.1	i 1'	1	ša	ša	ADP	PRP		2	case	_	_
L1095266-F1	L1095266		Q003234	Q003234.3.2	i 1'	2	ahhīya	ahu	NOUN	N	Case=Gen|Gender=Masc|Number=Plur|PossSuffGen=Com|PossSuffNum=Sing|PossSuffPer=1	4	nmod	_	_
L1087016-F3	L1087016		Q003234	Q003234.3.3	i 1'	3	rabûti	rabû	ADJ	AJ	Case=Gen|Gender=Masc|Number=Plur	2	amod	_	_
L1095266-F5	L1095266		Q003234	Q003234.3.4	i 1'	4	ahušunu	ahu	NOUN	N	Case=Nom|Gender=Masc|Number=Sing|PossSuffGen=Masc|PossSuffNum=Plur|PossSuffPer=3	_	_	_	_
L1095273-F1	L1095273		Q003234	Q003234.3.5	i 1'	5	ṣehru	ṣehru	ADJ	AJ	Gender=Masc|Number=Sing|Case=Nom	4	amod	_	_
L1095284-F1	L1095284		Q003234	Q003234.3.6	i 1'	6	anāku	anāku	PRON	IP	Case=Nom|Gender=Com|Number=Sing|Person=1	4	nsubj	_	_
L1086604-F1	L1086604		Q003234	Q003234.4.1	i 2'	7	ina	ina	ADP	PRP		8	case	_	_
L1087000-F3	L1087000		Q003234	Q003234.4.2	i 2'	8	qibīt	qibītu	NOUN	N	Case=Gen|Gender=Fem|NounBase=Bound|Number=Sing	28	obl	_	_
L1086329-F1	L1086329		Q003234	Q003234.4.3	i 2'	9	Aššur	aššur	PROPN	DN	Case=Gen|Gender=Masc|Number=Sing	8	nmod:poss	_	_
L1088307-F1	L1086329		Q003234	Q003234.4.4	i 2'	10	Sin	sin	PROPN	DN	Case=Gen|Gender=Masc|Number=Sing	9	conj	_	_
L1087107-F3	L1087107		Q003234	Q003234.4.5	i 2'	11	Šamaš	šamšu	PROPN	DN	Case=Gen|Gender=Masc|Number=Sing	9	conj	_	_
L1095296-F1	L1095296		Q003234	Q003234.4.6	i 2'	12	Bel	bel	PROPN	DN	Case=Gen|Gender=Masc|Number=Sing	9	conj	_	_
L1095297-F1	L1095297		Q003234	Q003234.4.7	i 2'	13	u	u	CONJ	CCONJ		14	cc	_	_
L1095298-F1	L1095298		Q003234	Q003234.4.8	i 2'	14	Nabu	nabu	PROPN	DN	Case=Gen|Gender=Masc|Number=Sing	9	conj	_	_
L1095300-F2	L1086617		Q003234	Q003234.5.1	i 3'	15	Ištar	ištaru	PROPN	DN	Case=Gen|Gender=Fem|Number=Sing	9	conj	_	_
L1095265-F3	L1095265		Q003234	Q003234.5.2	i 3'	16	ša	ša	ADP	PRP		17	case	_	_
L1095304-F1	L1095304		Q003234	Q003234.5.3	i 3'	17	Ninua	ninua	PROPN	SN	Case=Gen|Gender=Masc|Number=Sing	15	nmod	_	_
L1095300-F2	L1095300		Q003234	Q003234.5.4	i 3'	18	Ištar	ištaru	PROPN	DN	Case=Gen|Gender=Fem|Number=Sing	9	conj	_	_
L1095265-F3	L1095265		Q003234	Q003234.5.5	i 3'	19	ša	ša	ADP	PRP		20	case	_	_
L1095312-F1	L1095312	x	Q003234	Q003234.5.6	i 3'	20	Arba-ili	arba-ili	PROPN	SN	Case=Gen|Gender=Masc|Number=Sing	18	nmod	_	_
L1086264-F3	L1086264		Q003234	Q003234.6.1	i 4'	21	abu	abu	NOUN	N	Case=Nom|Gender=Masc|Number=Sing	28	nsubj	_	_
L1095314-F1	L1095314		Q003234	Q003234.6.2	i 4'	22	bānûya	bānû	NOUN	N	Case=Nom|Gender=Masc|NounBase=Free|Number=Sing|PossSuffNum=Sing|PossSuffPer=1|PossSuffGen=Com	21	appos	_	_
L1086604-F4	L1086604		Q003234	Q003234.6.3	i 4'	23	ina	ina	ADP	PRP		24	case	_	_
L749818-F3	L749818		Q003234	Q003234.6.4	i 4'	24	puhur	puhru	NOUN	N	Case=Gen|Gender=Masc|NounBase=Bound|Number=Sing	28	obl	_	_
L1086287-F7	L1086287		Q003234	Q003234.6.5	i 4'	25	ahhīya	ahu	NOUN	N	Case=Gen|Gender=Masc|Number=Plur|PossSuffGen=Com|PossSuffNum=Sing|PossSuffPer=1	24	nmod	_	_
L1087049-F3	L1087049		Q003234	Q003234.6.6	i 4'	26	rēšīya	rēšu	NOUN	N	Case=Acc|Gender=Masc|Number=Sing|PossSuffGen=Com|PossSuffNum=Sing|PossSuffPer=1	28	obj	_	_
L1095316-F1	L1095316		Q003234	Q003234.6.7	i 4'	27	kēniš	kīniš	ADV	AV	Case=Ter	28	advmod	_	_
L1086427-F2	L1086427	x	Q003234	Q003234.6.8	i 4'	28	ullima	elû	VERB	V	Gender=Masc|Mood=Ind|Number=Sing|Person=3|Tense=Past|VerbForm=Fin|VerbStem=D|Focus=Yes	_	_	_	_
L1095317-F1	L1095317		Q003234	Q003234.7.1	i 5'	29	umma	umma	PART	Quotative		31	discourse	_	_
L1095318-F1	L1095318		Q003234	Q003234.7.2	i 5'	30	annû	annû	DET	DP	Case=Nom|Gender=Masc|Number=Sing	31	nsubj	_	_
L744202-F3	L744202		Q003234	Q003234.7.3	i 5'	31	māru	māru	NOUN	N	Case=Nom|Gender=Masc|NounBase=Bound|Number=Sing	28	ccomp	_	_
L1095330-F1	L1095330		Q003234	Q003234.7.4	i 5'	32	ridûtiya	ridûtu	NOUN	N	Case=Gen|Gender=Fem|Number=Sing|PossSuffGen=Com|PossSuffNum=Sing|PossSuffPer=1	31	nmod:poss	_	_
L1087107-F4	L1087107		Q003234	Q003234.8.1	i 6'	33	Šamaš	šamšu	PROPN	DN	Gender=Masc|Number=Sing|Case=Acc	38	obj	_	_
L1095297-F2	L1095297		Q003234	Q003234.8.2	i 6'	34	u	u	CONJ	CNJ		35	cc	_	_
L1086267-F3	L1086267		Q003234	Q003234.8.3	i 6'	35	Adad	adad	PROPN	DN	Case=Acc|Gender=Masc|Number=Sing	33	conj	_	_
L1086604-F5	L1086604		Q003234	Q003234.8.4	i 6'	36	ina	ina	ADP	PRP		37	case	_	_
L1095343-F1	L1095343		Q003234	Q003234.8.5	i 6'	37	bīri	bīru	NOUN	N	Case=Gen|Gender=Masc|NounBase=Free|Number=Sing	38	obl	_	_
L1095344-F1	L1095344		Q003234	Q003234.8.6	i 6'	38	išālma	šâlu	VERB	V	Focus=Yes|Gender=Masc|Mood=Ind|Number=Sing|Person=3|Tense=Past|VerbForm=Fin|VerbStem=G	_	_	_	_
L1095345-F1	L1095345		Q003234	Q003234.8.7	i 6'	39	annu	annu	NOUN	N	Case=Acc|Gender=Masc|Number=Sing	41	obj	_	_
L1086697-F3	L1086697		Q003234	Q003234.8.8	i 6'	40	kēnu	kīnu	ADJ	AJ	Case=Acc|Gender=Masc|Number=Sing	39	amod	_	_
L1086311-F2	L1086311		Q003234	Q003234.9.1	i 7'	41	ēpulūšuma	apālu	VERB	V	Gender=Com|Mood=Ind|Number=Sing|Person=1|Tense=Past|VerbForm=Fin|VerbStem=G|Focus=Yes|VerbSuffNum=Sing|VerbSuffPer=3|VerbSuffGen=Masc	38	conj	_	_
L1095317-F2	L1095317		Q003234	Q003234.9.2	i 7'	42	umma	umma	PART	Quotative		44	discourse	_	_
L1095346-F1	L1095346		Q003234	Q003234.9.3	i 7'	43	šū	šū	PRON	IP	Case=Nom|Gender=Masc|Number=Sing|Person=3	44	nsubj	_	_
L1095347-F1	L1095347		Q003234	Q003234.9.4	i 7'	44	tēnûka	tēnû	NOUN	N	Case=Nom|Gender=Masc|Number=Sing|PossSuffGen=Masc|PossSuffNum=Sing|PossSuffPer=2	41	ccomp	_	_
L1088428-F3	L1088428		Q003234	Q003234.10.1	i 8'	45	zikiršun	zikru	NOUN	N	Case=Acc|Gender=Masc|NounBase=Free|Number=Sing|PossSuffNum=Plur|PossSuffPer=3|PossSuffGen=Masc	47	obj	_	_
L744688-F4	L744688		Q003234	Q003234.10.2	i 8'	46	kabtu	kabtu	ADJ	AJ	Case=Acc|Gender=Masc|Number=Sing	45	amod	_	_
L1095381-F1	L1095381		Q003234	Q003234.10.3	i 8'	47	ittaʾʾidma	naʾādu	VERB	V	Focus=Yes|Gender=Masc|Mood=Ind|Number=Sing|Person=3|Tense=Perf|VerbForm=Fin|VerbStem=G	_	_	_	_
L744926-F1	L744926		Q003234	Q003234.10.4	i 8'	48	nišī	nišu	NOUN	N	Case=Acc|Gender=Fem|Number=Plur|NounBase=Bound	58	obj	_	_
L1086795-F3	L1086795		Q003234	Q003234.10.5	i 8'	49	māt	mātu	NOUN	N	Case=Gen|Gender=Fem|NounBase=Bound|Number=Sing	48	nmod:poss	_	_
L1086329-F3	L1086329		Q003234	Q003234.10.6	i 8'	50	Aššur	aššur	PROPN	GN	Case=Gen|Gender=Masc|Number=Sing	49	nmod:poss	_	_
L1095382-F1	L1095382		Q003234	Q003234.10.7	i 8'	51	ṣeher	ṣehru	NOUN	N	Case=Acc|Gender=Masc|NounBase=Free|Number=Sing	48	appos	_	_
L1087016-F4	L1087016		Q003234	Q003234.10.8	i 8'	52	rabi	rabû	ADJ	AJ	Case=Acc|Gender=Masc|NounBase=Free|Number=Sing	51	conj	_	_
L1086287-F8	L1086287		Q003234	Q003234.11.1	i 9'	53	ahhīya	ahu	NOUN	N	Case=Acc|Gender=Masc|Number=Plur|PossSuffGen=Com|PossSuffNum=Sing|PossSuffPer=1	47	conj	_	_
L1095383-F1	L1095383		Q003234	Q003234.11.2	i 9'	54	zēr	zēru	NOUN	N	Case=Nom|Gender=Masc|NounBase=Bound|Number=Sing	53	appos	_	_
L744363-F10	L744363		Q003234	Q003234.11.3	i 9'	55	bīt	bītu	NOUN	N	Case=Gen|Gender=Masc|NounBase=Bound|Number=Sing	54	nmod	_	_
L1086264-F4	L1086264		Q003234	Q003234.11.4	i 9'	56	abiya	abu	NOUN	N	Case=Gen|Gender=Masc|Number=Sing|PossSuffNum=Sing|PossSuffPer=1|PossSuffGen=Com	55	nmod:poss	_	_
L1095384-F1	L1095384		Q003234	Q003234.11.5	i 9'	57	ištēniš	ištēniš	ADV	AV	Case=Ter	58	advmod	_	_
		x	Q003234	Q003234.11.6	i 9'	58	upahhir	pahāru	VERB	V	Gender=Masc|Mood=Ind|Number=Sing|Person=3|Tense=Past|VerbForm=Fin|VerbStem=D	47	conj	_	_
L1086759-F3	L1086759		Q003234	Q003234.12.1	i 10'	59	mahar	mahru	NOUN	N	Case=Gen|Gender=Masc|NounBase=Bound|Number=Sing	78	obl	_	_
L1086329-F4	L1086329		Q003234	Q003234.12.2	i 10'	60	Aššur	aššur	PROPN	DN	Case=Gen|Gender=Masc|Number=Sing	59	nmod:poss	_	_
L1088307-F3	L1088307		Q003234	Q003234.12.3	i 10'	61	Sin	sin	PROPN	DN	Case=Gen|Gender=Masc|Number=Sing	60	conj	_	_
L1087107-F5	L1087107		Q003234	Q003234.12.4	i 10'	62	Šamaš	šamšu	PROPN	DN	Case=Gen|Gender=Masc|Number=Sing	60	conj	_	_
L1095298-F2	L1095298		Q003234	Q003234.12.5	i 10'	63	Nabu	nabu	PROPN	DN	Case=Gen|Gender=Masc|Number=Sing	60	conj	_	_
L1086776-F2	L1086776		Q003234	Q003234.12.6	i 10'	64	Marduk	marduk	PROPN	DN	Case=Gen|Gender=Masc|Number=Sing	60	conj	_	_
L744344-F3	L744344		Q003234	Q003234.12.7	i 10'	65	ilāni	ilu	NOUN	N	Case=Gen|Gender=Masc|Number=Plur|NounBase=Bound	60	conj	_	_
L1086795-F4	L1086795		Q003234	Q003234.12.8	i 10'	66	māt	mātu	NOUN	N	Case=Gen|Gender=Fem|NounBase=Bound|Number=Sing	65	nmod:poss	_	_
L1086329-F4	L1086329		Q003234	Q003234.12.9	i 10'	67	Aššur	aššur	PROPN	GN	Case=Gen|Gender=Masc|Number=Sing	66	nmod:poss	_	_
L744344-F4	L744344		Q003234	Q003234.13.1	i 11'	68	ilāni	ilu	NOUN	N	Case=Gen|Gender=Masc|Number=Plur	60	conj	_	_
L1095385-F1	L1095385		Q003234	Q003234.13.2	i 11'	69	āšibūte	wāšibu	ADJ	AJ	Case=Gen|Gender=Masc|Number=Plur	68	amod	_	_
		x	Q003234	Q003234.13.3	i 11'	70	šamê	šamû	NOUN	N	Case=Gen|Focus=No|Gender=Masc|NounBase=Free|Number=Plur	69	obl	_	_
L1095297-F3	L1095297		Q003234	Q003234.13.4	i 11'	71	u	u	CONJ	CNJ		72	cc	_	_
L1086490-F2	L1086490		Q003234	Q003234.13.5	i 11'	72	erṣetim	erṣetu	NOUN	N	Case=Gen|Focus=No|Gender=Fem|NounBase=Free|Number=Sing	70	conj	_	_
L1095386-F1	L1095386		Q003234	Q003234.13.6	i 11'	73	aššu	aššu	ADP	PRP		74	case	_	_
L1086866-F3	L1086866		Q003234	Q003234.13.7	i 11'	74	naṣār	naṣāru	VERB	V	Case=Gen|Gender=Masc|NounBase=Bound|Number=Sing|VerbForm=Inf|VerbStem=G	78	obl	_	_
L1095330-F2	L1095330		Q003234	Q003234.13.8	i 11'	75	ridûtiya	ridûtu	NOUN	N	Case=Gen|Gender=Fem|Number=Sing|PossSuffGen=Com|PossSuffNum=Sing|PossSuffPer=1	74	nmod:poss	_	_
L1088428-F4	L1088428		Q003234	Q003234.14.1	i 12'	76	zikiršun	zikru	NOUN	N	Case=Acc|Gender=Masc|NounBase=Free|Number=Sing|PossSuffGen=Masc|PossSuffNum=Plur|PossSuffPer=3	78	obj	_	_
L744688-F5	L744688		Q003234	Q003234.14.2	i 12'	77	kabtu	kabtu	ADJ	AJ	Case=Acc|Gender=Masc|NounBase=Free|Number=Sing	76	amod	_	_
		x	Q003234	Q003234.14.3	i 12'	78	ušazkiršunūti	zakāru	VERB	V	Gender=Com|Mood=Ind|Number=Sing|Person=1|Tense=Past|VerbForm=Fin|VerbStem=Š|VerbSuffGen=Masc|VerbSuffNum=Plur|VerbSuffPer=3	58	ROOT	_	_
L1086604-F6	L1086604		Q003234	Q003234.15.1	i 13'	79	ina	ina	ADP	PRP		80	case	_	_
L1088404-F3	L1088404		Q003234	Q003234.15.2	i 13'	80	arhi	warhu	NOUN	N	Case=Gen|Gender=Masc|NounBase=Free|Number=Sing	99	obl	_	_
L1087097-F3	L1087097		Q003234	Q003234.15.3	i 13'	81	šalme	šalmu	ADJ	AJ	Case=Gen|Gender=Masc|Number=Sing	80	amod	_	_
L1088386-F3	L1088386		Q003234	Q003234.15.4	i 13'	82	ūmu	ūmu	NOUN	N	Case=Gen|Gender=Masc|Number=Sing	80	parataxis	_	_
L1095387-F1	L1095387		Q003234	Q003234.15.5	i 13'	83	šemê	šemû	ADJ	AJ	Case=Gen|Gender=Masc|Number=Sing	82	amod	_	_
L1095388-F1	L1095388		Q003234	Q003234.15.6	i 13'	84	kī	kī	ADP	PRP		85	case	_	_
L1087000-F4	L1087000		Q003234	Q003234.15.7	i 13'	85	qibītišunu	qibītu	NOUN	N	Case=Gen|Gender=Fem|Number=Sing|PossSuffGen=Masc|PossSuffNum=Plur|PossSuffPer=3	99	obl	_	_
L1095389-F1	L1095389		Q003234	Q003234.15.8	i 13'	86	ṣīrti	ṣīru	ADJ	AJ	Case=Gen|Gender=Fem|NounBase=Free|Number=Sing	85	amod	_	_
L1086604-F7	L1086604		Q003234	Q003234.16.1	i 14'	87	ina	ina	ADP	PRP		88	case	_	_
L744363-F9	L744363		Q003234	Q003234.16.2	i 14'	88	bīt	bītu	NOUN	N	Case=Gen|Gender=Masc|NounBase=Bound|Number=Sing	99	obl	_	_
L1095330-F3	L1095330		Q003234	Q003234.16.3	i 14'	89	ridûti	ridûtu	NOUN	N	Case=Gen|Gender=Fem|NounBase=Free|Number=Sing	88	nmod:poss	_	_
L1086328-F3	L1086328		Q003234	Q003234.16.4	i 14'	90	ašri	ašru	NOUN	N	Gender=Masc|NounBase=Bound|Number=Sing	88	appos	_	_
L1095390-F1	L1095390		Q003234	Q003234.16.5	i 14'	91	šugluddi	šuglutu	NOUN	N	Case=Gen|Gender=Fem|NounBase=Free|Number=Sing	90	nmod:poss	_	_
L1095391-F1	L1095391		Q003234	Q003234.16.6	i 14'	92	ša	ša	PRON	REL		96	nmod	_	_
L1095392-F1	L1095392		Q003234	Q003234.16.7	i 14'	93	šikin	šiknu	NOUN	N	Case=Nom|Gender=Masc|NounBase=Bound|Number=Sing	97	nsubj	_	_
L1088275-F3	L1088275		Q003234	Q003234.16.8	i 14'	94	šarrūti	šarrūtu	NOUN	N	Case=Gen|Gender=Fem|NounBase=Free|Number=Sing	93	nmod	_	_
L1086604-F8	L1086604		Q003234	Q003234.17.1	i 15'	95	ina	ina	ADP	PRP		96	case	_	_
L744183-F3	L744183		Q003234	Q003234.17.2	i 15'	96	libbišu	libbu	NOUN	N	Case=Gen|Gender=Masc|Number=Sing|PossSuffGen=Masc|PossSuffNum=Sing|PossSuffPer=3	97	obl	_	_
L1095393-F1	L1095393		Q003234	Q003234.17.3	i 15'	97	bāšû	bāšû	VERB	V	Gender=Masc|Mood=Ind|Number=Sing|Person=3|VerbForm=Stat|VerbStem=G|Subordinative=Yes	90	acl	_	_
L1095394-F1	L1095394		Q003234	Q003234.17.4	i 15'	98	hadîš	hadîš	ADV	AV	Case=Ter	99	advmod	_	_
L1086480-F2	L1086480		Q003234	Q003234.17.5	i 15'	99	ērumma	erēbu	VERB	V	Gender=Com|Mood=Ind|Number=Sing|Person=1|Tense=Past|VerbForm=Fin|VerbStem=G|Focus=Yes	_	_	_	_
		x	Q003234	Q003234.22.1	viii 1'	100	x	x	X	X		_	_	_	_
		x	Q003234	Q003234.22.2	viii 1'	101	x	x	X	X		_	_	_	_
		x	Q003234	Q003234.22.3	viii 1'	102	x	x	X	X		_	_	_	_
		x	Q003234	Q003234.22.4	viii 1'	103	x	x	X	X		_	_	_	_
		x	Q003234	Q003234.22.5	viii 1'	104	x	x	X	X		_	_	_	_
		x	Q003234	Q003234.23.1	viii 2'	105	x	x	X	X		_	_	_	_
L1094450-F2	L1094450	x	Q003234	Q003234.23.2	viii 2'	106	šitamduh	šadāhu	VERB	V	Case=Gen|Gender=Masc|NounBase=Bound|Number=Sing|VerbForm=Inf|VerbStem=G	_	_	_	_
L1086859-F3	L1086859		Q003234	Q003234.23.3	viii 2'	107	narkabāti	narkabtu	NOUN	N	Case=Gen|Gender=Fem|NounBase=Free|Number=Plur	106	nmod	_	_
L1086328-F4	L1086328		Q003234	Q003234.23.4	viii 2'	108	ašru	ašru	NOUN	N	Case=Nom|Focus=No|Gender=Masc|NounBase=Free|Number=Sing	110	nsubj	_	_
L1095396-F1	L1095396		Q003234	Q003234.23.5	viii 2'	109	šuātu	šuāti	PRON	IP	Case=Nom|Gender=Masc|Number=Sing|Person=3	108	det	_	_
L1095397-F1	L1095397		Q003234	Q003234.24.1	viii 3'	110	imīṣannima	wiāṣu	VERB	V	Focus=Yes|Gender=Masc|Mood=Ind|Number=Sing|Person=3|Tense=Past|VerbForm=Fin|VerbStem=G|VerbSuffGen=Com|VerbSuffNum=Sing|VerbSuffPer=1	_	_	_	_
L744926-F2	L744926		Q003234	Q003234.24.2	viii 3'	111	nišī	nišu	NOUN	N	Case=Acc|Gender=Fem|NounBase=Bound|Number=Plur	118	obj	_	_
L1086795-F5	L1086795		Q003234	Q003234.24.3	viii 3'	112	mātāti	mātu	NOUN	N	Case=Gen|Gender=Fem|NounBase=Free|Number=Plur	111	nmod	_	_
L1095398-F1	L1095398		Q003234	Q003234.24.4	viii 3'	113	hubut	hubtu	NOUN	N	Case=Acc|Gender=Masc|NounBase=Bound|Number=Sing	111	appos	_	_
L1086990-F3	L1086990		Q003234	Q003234.24.5	viii 3'	114	qaštiya	qaštu	NOUN	N	Case=Gen|Gender=Fem|Number=Sing|PossSuffGen=Com|PossSuffNum=Sing|PossSuffPer=1	113	nmod:poss	_	_
L744396-F1	L744396		Q003234	Q003234.24.6	viii 3'	115	allu	allu	NOUN	N	Case=Acc|Gender=Masc|NounBase=Free|Number=Sing	118	obj	_	_
L1095297-F4	L1095297		Q003234	Q003234.24.7	viii 3'	116	u	u	CONJ	CNJ		117	cc	_	_
L744203-F1	L744203		Q003234	Q003234.24.8	viii 3'	117	tupšikku	tupšikku	NOUN	N	Case=Acc|Gender=Masc|Number=Sing	115	conj	_	_
		x	Q003234	Q003234.25.1	viii 4'	118	ušaššišunūtima	našû	VERB	V	Focus=Yes|Gender=Com|Mood=Ind|Number=Sing|Person=1|Tense=Past|VerbForm=Fin|VerbStem=Š|VerbSuffGen=Masc|VerbSuffNum=Plur|VerbSuffPer=3	_	_	_	_
L1086723-F2	L1086723		Q003234	Q003234.25.2	viii 4'	119	ilbinū	labānu	VERB	V	Gender=Masc|Mood=Ind|Number=Plur|Person=3|Subordinative=No|Tense=Past|VerbForm=Fin|VerbStem=G	118	conj	_	_
L1086744-F3	L1086744		Q003234	Q003234.25.3	viii 4'	120	libittu	libittu	NOUN	N	Case=Acc|Gender=Fem|NounBase=Free|Number=Sing	119	obj	_	_
L1095399-F1	L1095399		Q003234	Q003234.25.4	viii 4'	121	egalturrâ	egalturrû	NOUN	N	Case=Acc|Gender=Masc|Number=Sing	125	obj	_	_
L1095400-F1	L1095400		Q003234	Q003234.25.5	viii 4'	122	šuātu	šuāti	PRON	IP	Case=Acc|Gender=Masc|Number=Sing|Person=3	121	det	_	_
L1086305-F3	L1086305		Q003234	Q003234.26.1	viii 5'	123	ana	ana	ADP	PRP		124	case	_	_
L1095401-F1	L1095401		Q003234	Q003234.26.2	viii 5'	124	sihirtiša	sihirtu	NOUN	N	Case=Gen|Gender=Fem|Number=Sing|PossSuffGen=Fem|PossSuffNum=Sing|PossSuffPer=3	125	obl	_	_
L1086857-F2	L1086857		Q003234	Q003234.26.3	viii 5'	125	aqqurma	naqāru	VERB	V	Focus=Yes|Gender=Com|Mood=Ind|Number=Sing|Person=1|Tense=Past|VerbForm=Fin|VerbStem=G	_	_	_	_
L958393-F3	L958393		Q003234	Q003234.26.4	viii 5'	126	qaqqaru	qaqqaru	NOUN	N	Case=Acc|Gender=Masc|NounBase=Free|Number=Sing	133	obj	_	_
L1095402-F1	L1095402		Q003234	Q003234.26.5	viii 5'	127	maʾdu	mādu	ADJ	AJ	Case=Acc|Gender=Masc|Number=Sing	126	amod	_	_
L1095403-F1	L1095403		Q003234	Q003234.26.6	viii 5'	128	kīma	kīma	ADP	PRP		129	case	_	_
L1095404-F1	L1095404		Q003234	Q003234.26.7	viii 5'	129	atartimma	watartu	NOUN	N	Case=Gen|Focus=Yes|Gender=Fem|Number=Sing	133	obl	_	_
L1095405-F1	L1095405		Q003234	Q003234.27.1	viii 6'	130	ultu	ištu	ADP	PRP		131	case	_	_
L744183-F4	L744183		Q003234	Q003234.27.2	viii 6'	131	libbi	libbu	NOUN	N	Case=Gen|Gender=Masc|NounBase=Bound|Number=Sing	133	obl	_	_
L744527-F3	L744527		Q003234	Q003234.27.3	viii 6'	132	eqlēti	eqlu	NOUN	N	Case=Gen|Gender=Fem|NounBase=Free|Number=Plur	131	nmod:poss	_	_
L1086351-F2	L1086351		Q003234	Q003234.27.4	viii 6'	133	abtuqma	batāqu	VERB	V	Focus=Yes|Gender=Com|Mood=Ind|Number=Sing|Person=1|Tense=Past|VerbForm=Fin|VerbStem=G	125	conj	_	_
L1095406-F1	L1095406		Q003234	Q003234.27.5	viii 6'	134	elišu	eli	ADP	PRP	PrepSuffGen=Masc|PrepSuffNum=Sing|PrepSuffPer=3	135	obl	_	_
		x	Q003234	Q003234.27.6	viii 6'	135	ušraddi	redû	VERB	V	Gender=Com|Mood=Ind|Number=Sing|Person=1|Tense=Past|VerbForm=Fin|VerbStem=ŠD	133	conj	_	_
L1086604-F9	L1086604		Q003234	Q003234.27.7	viii 6'	136	ina	ina	ADP	PRP		137	case	_	_
L1095407-F1	L1095407		Q003234	Q003234.27.8	viii 6'	137	pīli	pīlu	NOUN	N	Case=Gen|Gender=Masc|NounBase=Free|Number=Sing	142	obl	_	_
L1086262-F3	L1086262		Q003234	Q003234.27.9	viii 6'	138	aban	abnu	NOUN	N	Case=Nom|Gender=Masc|NounBase=Bound|Number=Sing	137	appos	_	_
L750238-F3	L750238		Q003234	Q003234.27.10	viii 6'	139	šadî	šadû	NOUN	N	Case=Gen|Gender=Masc|NounBase=Free|Number=Sing	138	nmod:poss	_	_
L1086400-F2	L1086400		Q003234	Q003234.28.1	viii 7'	140	danni	dannu	ADJ	AJ	Case=Gen|Gender=Masc|Number=Sing	139	amod	_	_
L1088396-F3	L1088396		Q003234	Q003234.28.2	viii 7'	141	uššīšu	uššu	NOUN	N	Case=Acc|Gender=Masc|Number=Plur|PossSuffGen=Masc|PossSuffNum=Sing|PossSuffPer=3	142	obj	_	_
L1086833-F3	L1086833		Q003234	Q003234.28.3	viii 7'	142	addima	nadû	VERB	V	Gender=Com|Mood=Ind|Number=Sing|Person=1|Tense=Past|VerbForm=Fin|VerbStem=G|Focus=Yes	_	_	_	_
L1095408-F1	L1095408		Q003234	Q003234.28.4	viii 7'	143	tamlâ	tamlīu	NOUN	N	Case=Acc|Gender=Masc|NounBase=Free|Number=Sing	144	obj	_	_
		x	Q003234	Q003234.28.5	viii 7'	144	umalli	malû	VERB	V	Gender=Com|Mood=Ind|Number=Sing|Person=1|Tense=Past|VerbForm=Fin|VerbStem=D	142	conj	_	_
L1093150-F2	L1093150		Q003234	Q003234.28.6	viii 1' - viii 7'	145	adkema	dekû	VERB	V	Focus=Yes|Gender=Com|Mood=Ind|Number=Sing|Person=1|Tense=Past|VerbForm=Fin|VerbStem=G	144	ROOT	_	_
L743580-F2	L743580		Q003234	Q003234.28.7	viii 1' - viii 7'	146	šarrāni	šarru	NOUN	N	Case=Acc|Gender=Masc|NounBase=Bound|Number=Plur	145	obj	_	_
L1095409-F1	L1095409		Q003234	Q003234.28.8	viii 1' - viii 7'	147	Hatti	hatti	PROPN	GN	Case=Gen|Gender=Masc|Number=Sing	146	amod	_	_
L1095297-F5	L1095297		Q003234	Q003234.29.1	viii 8'	148	u	u	CONJ	CNJ		149	cc	_	_
L1086415-F3	L1086415		Q003234	Q003234.29.2	viii 8'	149	ebēr	ebēru	VERB	V	Gender=Masc|Number=Sing|Case=Gen|VerbForm=Inf|VerbStem=G|NounBase=Bound	146	conj	_	_
L1086861-F3	L1086861		Q003234	Q003234.29.3	viii 8'	150	nāri	nāru	NOUN	N	Case=Gen|Gender=Masc|Number=Sing	149	nmod	_	_
L1095410-F1	L1095410		Q003234	Q003234.29.4	viii 8'	151	Baʾalu	baʾalu	PROPN	PN	Case=Nom|Gender=Masc|Number=Sing	146	appos	_	_
L743580-F3	L743580		Q003234	Q003234.29.5	viii 8'	152	šar	šarru	NOUN	N	Case=Nom|Gender=Masc|NounBase=Bound|Number=Sing	151	appos	_	_
L1095411-F1	L1095411		Q003234	Q003234.29.6	viii 8'	153	Ṣurri	ṣurru	PROPN	SN	Case=Gen|Gender=Masc|Number=Sing	152	nmod:poss	_	_
L1095412-F1	L1095412		Q003234	Q003234.29.7	viii 8'	154	Menasi	menasi	PROPN	PN	Case=Acc|Gender=Masc|Number=Sing	151	conj	_	_
L743580-F4	L743580		Q003234	Q003234.29.8	viii 8'	155	šar	šarru	NOUN	N	Case=Acc|Gender=Masc|NounBase=Bound|Number=Sing	154	appos	_	_
L1095413-F1	L1095413		Q003234	Q003234.29.9	viii 8'	156	Iaudi	iaudi	PROPN	GN	Case=Gen|Gender=Masc|Number=Sing	155	nmod:poss	_	_
L1095414-F1	L1095414	x	Q003234	Q003234.30.1	viii 9'	157	Qaʾuš-gabri	qaʾuš-gabri	PROPN	PN	Gender=Masc|Number=Sing|Case=Nom	151	conj	_	_
L743580-F5	L743580		Q003234	Q003234.30.2	viii 9'	158	šar	šarru	NOUN	N	Gender=Masc|NounBase=Bound|Number=Sing|Case=Acc	157	appos	_	_
L1095415-F1	L1095415		Q003234	Q003234.30.3	viii 9'	159	Udume	udume	PROPN	GN	Case=Gen|Gender=Masc|NounBase=Bound|Number=Sing	158	nmod:poss	_	_
L1095416-F1	L1095416		Q003234	Q003234.30.4	viii 9'	160	Muṣuri	muṣuri	PROPN	GN	Case=Acc|Gender=Masc|Number=Sing	151	conj	_	_
L743580-F5	L743580		Q003234	Q003234.30.5	viii 9'	161	šar	šarru	NOUN	N	Gender=Masc|NounBase=Bound|Number=Sing|Case=Acc	160	appos	_	_
L1095417-F1	L1095417		Q003234	Q003234.30.6	viii 9'	162	Maʾab	maʾab	PROPN	GN	Case=Gen|Gender=Masc|Number=Sing	161	nmod:poss	_	_
L1095418-F1	L1095418	x	Q003234	Q003234.31.1	viii 10'	163	Ṣil-Bel	ṣil-bel	PROPN	PN	Gender=Masc|Number=Sing|Case=Nom	151	conj	_	_
L743580-F6	L743580		Q003234	Q003234.31.2	viii 10'	164	šar	šarru	NOUN	N	Case=Nom|Gender=Masc|NounBase=Bound|Number=Sing	163	appos	_	_
L1095419-F1	L1095419		Q003234	Q003234.31.3	viii 10'	165	Haziti	haziti	PROPN	GN	Gender=Masc|Number=Sing|Case=Gen	164	nmod:poss	_	_
L1095420-F1	L1095420		Q003234	Q003234.31.4	viii 10'	166	Metinti	metinti	PROPN	PN	Gender=Masc|Number=Sing|Case=Nom	151	conj	_	_
L743580-F6	L743580		Q003234	Q003234.31.5	viii 10'	167	šar	šarru	NOUN	N	Gender=Masc|NounBase=Bound|Number=Sing|Case=Nom	166	appos	_	_
L1095421-F1	L1095421		Q003234	Q003234.31.6	viii 10'	168	Isqalluna	isqalluna	PROPN	GN	Case=Gen|Gender=Masc|Number=Sing	167	nmod:poss	_	_
L1095422-F1	L1095422		Q003234	Q003234.32.1	viii 11'	169	Ikausu	ikausu	PROPN	PN	Case=Nom|Gender=Masc|Number=Sing	151	conj	_	_
L743580-F7	L743580		Q003234	Q003234.32.2	viii 11'	170	šar	šarru	NOUN	N	Case=Nom|Gender=Masc|NounBase=Bound|Number=Sing	169	appos	_	_
L1095423-F1	L1095423		Q003234	Q003234.32.3	viii 11'	171	Amqarruna	amqarruna	PROPN	GN	Gender=Masc|Number=Sing|Case=Gen	170	nmod:poss	_	_
L1095424-F1	L1095424	x	Q003234	Q003234.32.4	viii 11'	172	Milki-ašapa	milki-ašapa	PROPN	PN	Gender=Masc|Number=Sing|Case=Nom	151	conj	_	_
L743580-F7	L743580		Q003234	Q003234.32.5	viii 11'	173	šar	šarru	NOUN	N	Case=Nom|Gender=Masc|NounBase=Bound|Number=Sing	172	appos	_	_
L1095425-F1	L1095425		Q003234	Q003234.32.6	viii 11'	174	Gubli	gubli	PROPN	GN	Gender=Masc|Number=Sing|Case=Gen	173	nmod:poss	_	_
L1095426-F1	L1095426	x	Q003234	Q003234.33.1	viii 12'	175	Matan-Baʾal	matan-baʾal	PROPN	RN	Gender=Masc	151	conj	_	_
L743580-F8	L743580		Q003234	Q003234.33.2	viii 12'	176	šar	šarru	NOUN	N	Gender=Masc|NounBase=Bound|Number=Sing|Case=Nom	175	appos	_	_
L1095427-F1	L1095427		Q003234	Q003234.33.3	viii 12'	177	Aruadda	aruadda	PROPN	SN	Gender=Masc|Number=Sing|Case=Gen	176	nmod:poss	_	_
L1095428-F1	L1095428	x	Q003234	Q003234.34.1	viii 13'	178	Abi-Baʾali	abi-baʾali	PROPN	PN	Gender=Masc|Number=Sing|Case=Nom	151	conj	_	_
L743580-F9	L743580		Q003234	Q003234.34.2	viii 13'	179	šar	šarru	NOUN	N	Gender=Masc|NounBase=Bound|Number=Sing|Case=Nom	178	appos	_	_
L1095429-F1	L1095429		Q003234	Q003234.34.3	viii 13'	180	Samsimurruna	samsimurruna	PROPN	SN	Case=Gen|Gender=Masc|Number=Sing	179	nmod:poss	_	_
L1095430-F1	L1095430	x	Q003234	Q003234.35.1	viii 14'	181	Budu-il	budu-il	PROPN	PN	Gender=Masc|Number=Sing|Case=Nom	151	conj	_	_
L743580-F10	L743580		Q003234	Q003234.35.2	viii 14'	182	šar	šarru	NOUN	N	Case=Nom|Gender=Masc|NounBase=Bound|Number=Sing	181	appos	_	_
L1095431-F1	L1095431	x	Q003234	Q003234.35.3	viii 14'	183	Bit-Ammana	bit-ammana	PROPN	GN	Gender=Masc|Number=Sing|Case=Gen	182	nmod:poss	_	_
L1095432-F1	L1095432	x	Q003234	Q003234.35.4	viii 14'	184	Ahi-Milki	ahi-milki	PROPN	PN	Case=Nom|Gender=Masc|Number=Sing	151	conj	_	_
L743580-F10	L743580		Q003234	Q003234.35.5	viii 14'	185	šar	šarru	NOUN	N	Case=Nom|Gender=Masc|NounBase=Bound|Number=Sing	184	appos	_	_
L1095433-F1	L1095433		Q003234	Q003234.35.6	viii 14'	186	Asdudi	asdudi	PROPN	SN	Case=Gen|Gender=Masc|Number=Sing	185	nmod:poss	_	_
L1095434-F1	L1095434		Q003234	Q003234.36.1	viii 15'	187	12	12	NUM	NUM		188	nummod	_	_
L743580-F11	L743580		Q003234	Q003234.36.2	viii 15'	188	šarrāni	šarru	NOUN	N	Case=Nom|Gender=Masc|Number=Plur	151	parataxis	_	_
L1095265-F4	L1095265		Q003234	Q003234.36.3	viii 15'	189	ša	ša	ADP	PRP		190	case	_	_
L1086701-F3	L1086701		Q003234	Q003234.36.4	viii 15'	190	kišādi	kišādu	NOUN	N	Case=Gen|Gender=Masc|Number=Sing|NounBase=Bound	188	nmod	_	_
L1088352-F3	L1088352		Q003234	Q003234.36.5	viii 15'	191	tâmtim	tiāmtu	NOUN	N	Case=Gen|Gender=Fem|Number=Sing	190	nmod	_	_
L1095435-F1	L1095435		Q003234	Q003234.36.6	viii 15'	192	Ekištura	ekištura	PROPN	PN	Case=Nom|Gender=Masc|Number=Sing	151	conj	_	_
L743580-F12	L743580		Q003234	Q003234.36.7	viii 15'	193	šar	šarru	NOUN	N	Case=Nom|Gender=Masc|NounBase=Bound|Number=Sing	192	appos	_	_
L1095436-F1	L1095436		Q003234	Q003234.36.8	viii 15'	194	Edīl	edīl	PROPN	SN	Case=Gen|Gender=Masc|Number=Sing	193	nmod:poss	_	_
L1095437-F1	L1095437		Q003234	Q003234.37.1	viii 16'	195	Pilagura	pilagura	PROPN	PN	Gender=Masc|Number=Sing|Case=Nom	192	conj	_	_
L743580-F13	L743580		Q003234	Q003234.37.2	viii 16'	196	šar	šarru	NOUN	N	Case=Nom|Gender=Masc|NounBase=Bound|Number=Sing	195	appos	_	_
L1095438-F1	L1095438		Q003234	Q003234.37.3	viii 16'	197	Kitrusi	kitrusi	PROPN	SN	Case=Gen|Gender=Masc|Number=Sing	196	nmod:poss	_	_
L1095439-F1	L1095439		Q003234	Q003234.37.4	viii 16'	198	Kisu	kisu	PROPN	PN	Gender=Masc|Number=Sing|Case=Nom	192	conj	_	_
L743580-F13	L743580		Q003234	Q003234.37.5	viii 16'	199	šar	šarru	NOUN	N	Case=Nom|Gender=Masc|NounBase=Bound|Number=Sing	198	appos	_	_
L1095440-F1	L1095440		Q003234	Q003234.37.6	viii 16'	200	Silluwa	silluwa	PROPN	SN	Case=Gen|Gender=Masc|Number=Sing	199	nmod:poss	_	_
L1086305-F4	L1086305		P313448	P313448.2.1	o 1	1	ana	ana	ADP	ADP		2	case	_	_
L743580-F14	L743580		P313448	P313448.2.2	o 1	2	šarri	šarru	NOUN	NOUN	Case=Gen|Gender=Masc|Number=Sing	0	ROOT	_	_
L744596-F3	L744596		P313448	P313448.2.3	o 1	3	bēlīya	bēlu	NOUN	NOUN	Case=Gen|Gender=Masc|Number=Sing|PossSuffGen=Com|PossSuffNum=Sing|PossSuffPer=1	2	appos	_	_
L744650-F1	L744650		P313448	P313448.3.1	o 2	4	urdaka	ardu	NOUN	NOUN	Case=Nom|Gender=Masc|Number=Sing|PossSuffGen=Masc|PossSuffNum=Sing|PossSuffPer=2	2	nsubj	_	_
L1095445-F1	L1095445	x	P313448	P313448.3.2	o 2	5	Aššur-dur-paniya	aššur-dur-paniya	PROPN	PN	Case=Nom|Gender=Masc|Number=Sing	4	appos	_	_
L1095446-F1	L1095446		P313448	P313448.4.1	o 3	6	lū	lū	PART	PART		7	advmod	_	_
L1088325-F3	L1088325		P313448	P313448.4.2	o 3	7	šulmu	šulmu	NOUN	NOUN	Case=Nom|Gender=Masc|Number=Sing	_	_	_	_
L1086305-F5	L1086305		P313448	P313448.4.3	o 3	8	ana	ana	ADP	ADP		9	case	_	_
L743580-F15	L743580		P313448	P313448.4.4	o 3	9	šarri	šarru	NOUN	NOUN	Case=Gen|Gender=Masc|Number=Sing	7	nsubj	_	_
L744596-F4	L744596		P313448	P313448.4.5	o 3	10	bēlīya	bēlu	NOUN	NOUN	Case=Gen|Gender=Masc|Number=Sing|PossSuffGen=Com|PossSuffNum=Sing|PossSuffPer=1	9	appos	_	_
L1086604-F10	L1086604		P313448	P313448.5.1	o 4	11	ina	ina	ADP	ADP		12	case	_	_
L1086810-F3	L1086810		P313448	P313448.5.2	o 4	12	muhhi	muhhu	NOUN	NOUN	Case=Gen|Gender=Masc|NounBase=Bound|Number=Sing	32	dislocated	_	_
L997485-F1	L997485		P313448	P313448.5.3	o 4	13	etinnāni	itinnu	NOUN	NOUN	Case=Gen|Gender=Masc|Number=Plur	12	nmod	_	_
L1095391-F2	L1095391		P313448	P313448.5.4	o 4	14	ša	ša	PRON	PRON		17	obl	_	_
L743580-F16	L743580		P313448	P313448.5.5	o 4	15	šarru	šarru	NOUN	NOUN	Case=Nom|Gender=Masc|Number=Sing	17	nsubj	_	_
L744596-F5	L744596		P313448	P313448.5.6	o 4	16	bēlī	bēlu	NOUN	NOUN	Case=Nom|Gender=Masc|Number=Sing|PossSuffGen=Com|PossSuffNum=Sing|PossSuffPer=1	15	appos	_	_
L1088248-F3	L1088248		P313448	P313448.6.1	o 5	17	išpuranni	šapāru	VERB	VERB	Gender=Masc|Mood=Ind|Number=Sing|Person=3|SubSuff=Yes|Tense=Past|Ventive=Yes|VerbForm=Fin|VerbStem=G	13	acl	_	_
L1095447-F1	L1095447		P313448	P313448.6.2	o 5	18	mā	mā	PART	PART		22	discourse	_	_
L1086305-F6	L1086305		P313448	P313448.6.3	o 5	19	ana	ana	ADP	ADP		20	case	_	_
L1095448-F1	L1095448		P313448	P313448.6.4	o 5	20	rabiūti	rabiu	NOUN	NOUN	Case=Gen|Gender=Masc|Number=Plur	22	iobj	_	_
L1095449-F1	L1095449		P313448	P313448.6.5	o 5	21	qallūti	qallu	NOUN	NOUN	Case=Acc|Gender=Masc|Number=Plur	22	obj	_	_
L1095077-F2	L1095077		P313448	P313448.7.1	o 6	22	dīni	tadānu	VERB	VERB	Gender=Masc|Mood=Imp|Number=Sing|Person=2|VerbStem=G	17	ccomp	_	_
L1095450-F1	L1095450		P313448	P313448.7.2	o 6	23	mā	mā	PART	Quotative		27	discourse	_	_
L1086959-F2	L1086959		P313448	P313448.7.3	o 6	24	pilkušunu	pilku	NOUN	NOUN	Case=Acc|Gender=Masc|Number=Sing|PossSuffGen=Masc|PossSuffNum=Plur|PossSuffPer=3	27	obj	_	_
L1086604-F11	L1086604		P313448	P313448.7.4	o 6	25	ina	ina	ADP	ADP		26	case	_	_
L744183-F5	L744183		P313448	P313448.7.5	o 6	26	libbi	libbu	NOUN	NOUN	Case=Gen|Gender=Masc|Number=Sing	27	obl	_	_
L1086472-F2	L1086472		P313448	P313448.8.1	o 7	27	lēpuš	epēšu	VERB	VERB	Gender=Masc|Mood=Prec|Number=Sing|Person=3|VerbStem=G	22	conj	_	_
L1095451-F1	L1095451		P313448	P313448.8.2	o 7	28	16	16	NUM	NUM		29	nummod	_	_
L997485-F2	L997485		P313448	P313448.8.3	o 7	29	etinnānīya	itinnu	NOUN	NOUN	Case=Nom|Gender=Masc|Number=Plur|PossSuffGen=Com|PossSuffNum=Sing|PossSuffPer=1	32	dislocated	_	_
L1095452-F1	L1095452		P313448	P313448.9.1	o 8	30	3	3	NUM	NUM		32	nsubj	_	_
L1086604-F12	L1086604		P313448	P313448.9.2	o 8	31	ina	ina	ADP	ADP		32	case	_	_
L1086913-F3	L1086913		P313448	P313448.9.3	o 8	32	pān	pānu	NOUN	NOUN	Case=Gen|Gender=Masc|NounBase=Bound|Number=Sing	10	ROOT	_	_
L1095453-F1	L1095453		P313448	P313448.9.4	o 8	33	nāgir	nāgiru	NOUN	NOUN	Gender=Masc|NounBase=Bound|Number=Sing	32	nmod	_	_
L1086418-F2	L1086418		P313448	P313448.9.4	o 8	34	ēkalli	ēkallu	NOUN	NOUN	Case=Gen|Gender=Masc|Number=Sing	33	nmod	_	_
L1095454-F1	L1095454		P313448	P313448.10.1	o 9	35	3	3	NUM	NUM		40	nsubj	_	_
L1086604-F13	L1086604		P313448	P313448.10.2	o 9	36	ina	ina	ADP	ADP		37	case	_	_
L747140-F3	L747140		P313448	P313448.10.3	o 9	37	qabli	qablu	NOUN	NOUN	Case=Gen|Gender=Masc|Number=Sing|NounBase=Bound	40	obl	_	_
L744716-F3	L744716		P313448	P313448.10.4	o 9	38	āli	ālu	NOUN	NOUN	Case=Gen|Gender=Masc|NounBase=Free|Number=Sing	37	nmod	_	_
L1086406-F2	L1086406		P313448	P313448.10.5	o 9	39	dullu	dullu	NOUN	NOUN	Case=Acc|Gender=Masc|Number=Sing	40	obj	_	_
L1086472-F3	L1086472		P313448	P313448.10.6	o 9	40	eppuš	epēšu	VERB	VERB	Gender=Masc|Mood=Ind|Number=Sing|Person=3|Tense=Pres|VerbForm=Fin|VerbStem=G	34	ROOT	_	_
L1095455-F1	L1095455		P313448	P313448.11.1	o 10	41	10	10	NUM	NUM		47	nsubj	_	_
L1095391-F3	L1095391		P313448	P313448.11.2	o 10	42	ša	ša	PRON	PRON		47	nsubj	_	_
L1086959-F3	L1086959		P313448	P313448.11.3	o 10	43	pilkī	pilku	NOUN	NOUN	Gender=Masc|Number=Sing|Case=Acc|PossSuffNum=Sing|PossSuffPer=1|PossSuffGen=Com	47	obj	_	_
		x	P313448	P313448.11.4	o 10	44	o	o	X	X		_	_	_	_
L1086604-F14	L1086604		P313448	P313448.11.5	o 10	45	ina	ina	ADP	ADP		46	case	_	_
L744195-F2	L744195		P313448	P313448.11.6	o 10	46	dūri	dūru	NOUN	NOUN	Case=Gen|Gender=Masc|Number=Sing	47	obl	_	_
L1087039-F2	L1087039		P313448	P313448.12.1	o 11	47	iraṣṣipūni	raṣāpu	VERB	VERB	Gender=Masc|Mood=Ind|Number=Plur|Person=3|Tense=Pres|VerbForm=Fin|VerbStem=G|SubSuff=Yes	40	ROOT	_	_
L1095456-F1	L1095456		P313448	P313448.12.2	o 11	48	gimru	gimru	NOUN	NOUN	Case=Nom|Gender=Masc|Number=Sing	50	nsubj	_	_
L1095457-F1	L1095457		P313448	P313448.12.3	o 11	49	16	16	NUM	NUM		50	nummod	_	_
L997485-F3	L997485		P313448	P313448.12.4	o 11	50	etinnāni	itinnu	NOUN	NOUN	Case=Acc|Gender=Masc|Number=Plur	47	ROOT	_	_
L1095391-F4	L1095391		P313448	P313448.13.1	o 12	51	ša	ša	PRON	PRON		53	nsubj	_	_
L1086406-F3	L1086406		P313448	P313448.13.2	o 12	52	dullu	dullu	NOUN	NOUN	Case=Acc|Gender=Masc|Number=Sing	53	obj	_	_
L1086472-F4	L1086472		P313448	P313448.13.3	o 12	53	eppašūni	epēšu	VERB	VERB	Gender=Masc|Mood=Ind|Number=Plur|Person=3|SubSuff=Yes|Tense=Pres|VerbForm=Fin|VerbStem=G	50	acl	_	_
L1095297-F7	L1095297		P313448	P313448.14.1	o 13	54	u	u	CCONJ	CNJ		55	cc	_	_
L744202-F4	L744202		P313448	P313448.14.2	o 13	55	marʾēšunu	māru	NOUN	NOUN	Gender=Masc|Number=Plur|PossSuffGen=Masc|PossSuffNum=Plur|PossSuffPer=3	58	dislocated	_	_
L1086981-F3	L1086981		P313448	P313448.14.3	o 13	56	qallūti	qallu	ADJ	ADJ	Case=Nom|Gender=Masc|NounBase=Free|Number=Plur	55	amod	_	_
L1095458-F1	L1095458		P313448	P313448.15.1	o 14	57	talmīdāni	talmīdu	NOUN	NOUN	Case=Nom|Gender=Masc|Number=Plur	53	ROOT	_	_
L1095459-F1	L1095459		P313448	P313448.15.2	o 14	58	šunu	šunu	PRON	PRON	Case=Nom|Gender=Masc|Number=Plur|Person=3	57	nsubj	_	_
L1086406-F4	L1086406		P313448	P313448.16.1	o 15	59	dullu	dullu	NOUN	NOUN	Case=Acc|Gender=Masc|Number=Sing	62	obj	_	_
L1095460-F1	L1095460		P313448	P313448.16.2	o 15	60	memmēni	memēni	DET	DET	Case=Acc|Gender=Masc|Number=Sing	59	det	_	_
L1095461-F1	L1095461		P313448	P313448.16.3	o 15	61	lā	lā	PART	NEG		62	advmod	_	_
L1086472-F5	L1086472		P313448	P313448.16.4	o 15	62	eppušu	epēšu	VERB	VERB	Gender=Masc|Mood=Ind|Number=Plur|Person=3|Tense=Pres|VerbForm=Fin|VerbStem=G	58	ROOT	_	_
L1086604-F15	L1086604		P313448	P313448.17.1	o 16	63	ina	ina	ADP	ADP		64	case	_	_
L744183-F6	L744183		P313448	P313448.17.2	o 16	64	libbišunu	libbu	NOUN	NOUN	Case=Gen|Gender=Masc|Number=Sing|PossSuffGen=Masc|PossSuffNum=Plur|PossSuffPer=3	66	nsubj	_	_
L1095461-F2	L1095461		P313448	P313448.18.1	o 17	65	lā	lā	PART	MOD		66	advmod	_	_
L1095463-F1	L1095463		P313448	P313448.18.2	o 17	66	hakim	hakmu	NOUN	NOUN	Gender=Masc|Number=Sing	62	ROOT	_	_
L1095464-F1	L1095464		P313448	P313448.20.1	r 1	67	unīnāte	umnīnu	NOUN	NOUN	Gender=Fem|Number=Plur|Case=Acc	71	obj	_	_
L1086604-F16	L1086604		P313448	P313448.20.2	r 1	68	ina	ina	ADP	PRP		_	_	_	_
L1086604-F16	L1086604		P313448	P313448.20.3	r 1	69	ina	ina	ADP	PRP		70	case	_	_
L1095465-F1	L1095465		P313448	P313448.20.3	r 1	70	dātuššunu	dātu	NOUN	NOUN	Case=Gen|Gender=Fem|Number=Sing|PossSuffGen=Masc|PossSuffNum=Plur|PossSuffPer=3	71	obl	_	_
L1088414-F3	L1088414		P313448	P313448.21.1	r 2	71	izabbilu	zabālu	VERB	VERB	Gender=Masc|Mood=Ind|Number=Plur|Person=3|Tense=Pres|VerbForm=Fin|VerbStem=G	66	ROOT	_	_
L1095466-F4	L1095466		P313448	P313448.21.2	r 2	72	mūku	muk	PART	Quotative		76	discourse	_	_
L1086406-F5	L1086406		P313448	P313448.21.3	r 2	73	dullu	dullu	NOUN	NOUN	Case=Nom|Gender=Masc|Number=Sing	76	nsubj	_	_
L1095265-F5	L1095265		P313448	P313448.21.4	r 2	74	ša	ša	ADP	ADP		75	case	_	_
L997485-F4	L997485		P313448	P313448.22.1	r 3	75	etinnāni	itinnu	NOUN	NOUN	Case=Gen|Gender=Masc|Number=Plur	73	nmod	_	_
L1093128-F2	L1093128		P313448	P313448.22.2	r 3	76	ibašši	bašû	VERB	VERB	Gender=Masc|Number=Sing|Person=3|Tense=Pres|Mood=Ind|VerbForm=Fin|VerbStem=G	71	ROOT	_	_
L1095467-F1	L1095467		P313448	P313448.22.3	r 3	77	memmēni	memēni	PRON	PRON	Case=Acc|Gender=Masc|Number=Sing	79	obj	_	_
L1095461-F3	L1095461		P313448	P313448.23.1	r 4	78	lā	lā	PART	PART		79	advmod	_	_
L1095077-F3	L1095077		P313448	P313448.23.2	r 4	79	addana	tadānu	VERB	VERB	Gender=Com|Mood=Ind|Number=Sing|Person=1|Tense=Pres|VerbForm=Fin|VerbStem=G|Ventive=Yes	76	conj	_	_
L997485-F5	L997485		P313448	P313448.23.3	r 4	80	etinnāni	itinnu	NOUN	NOUN	Case=Nom|Gender=Masc|Number=Plur	81	dislocated	_	_
L1095469-F1	L1095469		P313448	P313448.23.4	r 4	81	6	6	NUM	NUM		92	obj	_	_
L1086604-F17	L1086604		P313448	P313448.24.1	r 5	82	ina	ina	ADP	ADP		83	case	_	_
L1086810-F4	L1086810		P313448	P313448.24.2	r 5	83	muhhi	muhhu	NOUN	NOUN	Case=Gen|Gender=Masc|NounBase=Bound|Number=Sing	92	iobj	_	_
L1086959-F4	L1086959		P313448	P313448.24.3	r 5	84	pilki	pilku	NOUN	NOUN	Case=Gen|Gender=Masc|Number=Sing	83	nmod	_	_
L1095265-F6	L1095265		P313448	P313448.24.4	r 5	85	ša	ša	ADP	DET		86	case	_	_
L747140-F4	L747140		P313448	P313448.24.5	r 5	86	qabli	qablu	NOUN	N	Case=Gen|Gender=Masc|NounBase=Free|Number=Sing	84	nmod	_	_
L744716-F4	L744716		P313448	P313448.24.6	r 5	87	āli	ālu	NOUN	N	Case=Gen|Gender=Masc|NounBase=Free|Number=Sing	86	nmod	_	_
L1095265-F7	L1095265		P313448	P313448.25.1	r 6	88	ša	ša	ADP	ADP		89	case	_	_
L1095470-F1	L1095470		P313448	P313448.25.2	r 6	89	nāgir	nāgiru	NOUN	NOUN	Case=Gen|Gender=Masc|NounBase=Bound|Number=Sing	86	conj	_	_
L1086418-F3	L1086418		P313448	P313448.25.2	r 6	90	ēkalli	ēkallu	NOUN	NOUN	Case=Gen|Gender=Fem|NounBase=Free|Number=Sing	89	nmod	_	_
L1095284-F2	L1095284		P313448	P313448.25.3	r 6	91	anāku	anāku	PRON	PRON	Case=Nom|Gender=Com|Number=Sing|Person=1	92	nsubj	_	_
L1095077-F4	L1095077		P313448	P313448.26.1	r 7	92	attidin	tadānu	VERB	VERB	Gender=Com|Mood=Ind|Number=Sing|Person=1|Tense=Perf|VerbForm=Fin|VerbStem=G	79	ROOT	_	_
L1095297-F6	L1095297		P313448	P313448.26.2	r 7	93	u	u	CONJ	CCONJ		94	cc	_	_
L1086406-F6	L1086406		P313448	P313448.26.3	r 7	94	dullu	dullu	NOUN	NOUN	Case=Nom|Gender=Masc|Number=Sing	98	nsubj	_	_
L1095471-F1	L1095471		P313448	P313448.26.4	r 7	95	iyû	yāʾu	DET	DET	Case=Nom|Gender=Com|Number=Sing|Person=1	94	det	_	_
L1086604-F18	L1086604		P313448	P313448.27.1	r 8	96	ina	ina	ADP	ADP		97	case	_	_
L1086810-F5	L1086810		P313448	P313448.27.2	r 8	97	muhhīya	muhhu	NOUN	NOUN	Case=Gen|Gender=Masc|Number=Sing|PossSuffGen=Com|PossSuffNum=Sing|PossSuffPer=1	98	obl	_	_
L1095472-F1	L1095472		P313448	P313448.27.3	r 8	98	dān	dannu	VERB	VERB	Gender=Masc|Mood=Ind|Number=Sing|Person=3|VerbForm=Stat|VerbStem=G	92	conj	_	_
L1095473-F1	L1095473		P313448	P313448.27.4	r 8	99	adanniš	adanniš	ADV	ADV		98	advmod	_	_
L1095474-F1	L1095474		P313448	P313448.28.1	r 9	100	10	10	NUM	NUM		101	nummod	_	_
L997485-F6	L997485		P313448	P313448.28.2	r 9	101	etinnāni	itinnu	NOUN	NOUN	Case=Nom|Gender=Masc|Number=Plur	107	nsubj	_	_
L1095318-F2	L1095318		P313448	P313448.28.3	r 9	102	annūti	annû	DET	DET	Case=Nom|Gender=Masc|Number=Plur	101	det	_	_
L1095391-F5	L1095391		P313448	P313448.29.1	r 10	103	ša	ša	PRON	PRON		105	nsubj	_	_
L1086604-F19	L1086604		P313448	P313448.29.2	r 10	104	ina	ina	ADP	ADP		105	case	_	_
L1086913-F4	L1086913		P313448	P313448.29.3	r 10	105	pānīya	pānu	NOUN	NOUN	Case=Gen|Gender=Masc|Number=Plur|PossSuffGen=Com|PossSuffNum=Sing|PossSuffPer=1	101	acl	_	_
L1095461-F5	L1095461		P313448	P313448.29.4	r 10	106	lā	lā	PART	NEG		107	advmod	_	_
L1095483-F1	L1095483		P313448	P313448.29.5	r 10	107	uṣṣū	aṣû	VERB	VERB	Gender=Masc|Mood=Ind|Number=Plur|Person=3|Tense=Pres|VerbForm=Fin|VerbStem=G	99	ROOT	_	_
L1086744-F4	L1086744		P313448	P313448.30.1	r 11	108	libittumma	libittu	NOUN	NOUN	Gender=Fem|Number=Sing|Case=Acc|Focus=Yes	111	obj	_	_
		x	P313448	P313448.30.2	r 11	109	x	x	X	X		_	_	_	_
		x	P313448	P313448.30.3	r 11	110	x+x	x+x	X	X		_	_	_	_
L1095484-F1	L1095484		P313448	P313448.30.4	r 11	111	ihappiu	hepû	VERB	VERB	Gender=Masc|Mood=Ind|Number=Plur|Person=3|Tense=Pres|VerbForm=Fin|VerbStem=G	107	ROOT	_	_
L1086305-F7	L1086305		P334923	P334923.2.1	o 1	1	ana	ana	ADP	ADP		2	case	_	_
L743580-F17	L743580		P334923	P334923.2.2	o 1	2	šarri	šarru	NOUN	NOUN	Case=Gen|Gender=Masc|Number=Sing	0	ROOT	_	_
L744596-F6	L744596		P334923	P334923.2.3	o 1	3	bēlīya	bēlu	NOUN	NOUN	Case=Gen|Gender=Masc|Number=Sing|PossSuffGen=Com|PossSuffNum=Sing|PossSuffPer=1	2	appos	_	_
L744650-F2	L744650		P334923	P334923.3.1	o 2	4	urdaka	ardu	NOUN	NOUN	Gender=Masc|Number=Sing|PossSuffGen=Masc|PossSuffNum=Sing|PossSuffPer=2	2	nsubj	_	_
L1095485-F1	L1095485	x	P334923	P334923.3.2	o 2	5	Taklak-ana-Bel	taklak-ana-bel	PROPN	PN	Case=Nom|Gender=Masc|Number=Sing	4	appos	_	_
L1095446-F2	L1095446		P334923	P334923.4.1	o 3	6	lū	lū	PART	PART		7	advmod	_	_
L1088325-F4	L1088325		P334923	P334923.4.2	o 3	7	šulmu	šulmu	NOUN	NOUN	Case=Nom|Gender=Masc|Number=Sing	5	ROOT	_	_
L1086305-F8	L1086305		P334923	P334923.4.3	o 3	8	ana	ana	ADP	ADP		9	case	_	_
L743580-F18	L743580		P334923	P334923.4.4	o 3	9	šarri	šarru	NOUN	NOUN	Case=Gen|Gender=Masc|Number=Sing	7	nsubj	_	_
L744596-F7	L744596		P334923	P334923.4.5	o 3	10	bēlīya	bēlu	NOUN	NOUN	Case=Gen|Gender=Masc|Number=Sing|PossSuffGen=Com|PossSuffNum=Sing|PossSuffPer=1	9	appos	_	_
L1095391-F6	L1095391		P334923	P334923.5.1	o 4	11	ša	ša	PRON	PRON		_	_	_	_
L743580-F19	L743580		P334923	P334923.5.2	o 4	12	šarru	šarru	NOUN	NOUN	Case=Nom|Gender=Masc|Number=Sing	_	_	_	_
L744596-F8	L744596		P334923	P334923.5.3	o 4	13	bēlī	bēlu	NOUN	NOUN	Case=Nom|Gender=Masc|Number=Sing|PossSuffGen=Com|PossSuffNum=Sing|PossSuffPer=1	12	appos	_	_
		x	P334923	P334923.5.4	o 4	14	x	x	X	X		_	_	_	_
		x	P334923	P334923.5.5	o 4	15	x	x	X	X		_	_	_	_
		x	P334923	P334923.5.6	o 4	16	x	x	X	X		_	_	_	_
		x	P334923	P334923.5.7	o 4	17	x	x	X	X		_	_	_	_
		x	P334923	P334923.5.8	o 4	18	x	x	X	X		_	_	_	_
L1086305-F9	L1086305		P281764	P281764.3.1	o 1	1	ana	ana	ADP	PRP		2	case	_	_
L1095486-F1	L1095486	x	P281764	P281764.3.2	o 1	2	Aššur-bela-šallim	aššur-bela-šallim	PROPN	PN	Case=Gen|Gender=Masc|Number=Sing	5	iobj	_	_
L1095297-F8	L1095297		P281764	P281764.4.1	o 2	3	u	u	CONJ	CNJ		4	cc	_	_
L1095487-F1	L1095487	x	P281764	P281764.4.2	o 2	4	Aššur-suqpanni	aššur-suqpanni	PROPN	PN	Case=Nom|Gender=Masc|Number=Sing	2	conj	_	_
L1086976-F3	L1086976		P281764	P281764.5.1	o 3	5	qibima	qabû	VERB	V	Focus=Yes|Gender=Masc|Mood=Imp|Number=Sing|Person=2|VerbStem=G	_	_	_	_
L1095317-F3	L1095317		P281764	P281764.6.1	o 4	6	umma	umma	PART	PRP		7	orphan	_	_
L1095488-F1	L1095488	x	P281764	P281764.6.2	o 4	7	Babu-aha-iddinamma	babu-aha-iddina	PROPN	PN	Focus=Yes|Case=Nom|Gender=Masc|Number=Sing	5	ccomp	_	_
L1095489-F1	L1095489		P281764	P281764.7	nan	8	Maʾnayu	maʾnayu	PROPN	PN	Case=Acc|Gender=Masc|Number=Sing	14	obj	_	_
L1095490-F1	L1095490	x	P281764	P281764.8.1	o 5	9	Mušallim-Aššur	mušallim-aššur	PROPN	PN	Case=Acc|Gender=Fem|Number=Sing	8	conj	_	_
L1095491-F1	L1095491	x	P281764	P281764.8.2	o 5	10	Nabu-belu-daʾeq	nabu-belu-daʾeq	PROPN	PN	Case=Acc|Gender=Masc|Number=Sing	8	conj	_	_
L1095297-F9	L1095297		P281764	P281764.9.1	o 6	11	u	u	CONJ	CNJ		12	cc	_	_
L1095492-F1	L1095492	x	P281764	P281764.9.2	o 6	12	Innammar-den-ili	innammar-den-ili	PROPN	PN	Case=Acc|Gender=Masc|Number=Sing	8	conj	_	_
L1095493-F1	L1095493		P281764	P281764.9.3	o 6	13	qēpūteya	qīpu	NOUN	N	Case=Acc|Gender=Masc|Number=Plur|PossSuffGen=Masc|PossSuffNum=Sing|PossSuffPer=1	8	appos	_	_
L1088248-F4	L1088248		P281764	P281764.10.1	o 7	14	altaprakkunu	šapāru	VERB	V	Gender=Com|Number=Sing|Person=1|Tense=Perf|Mood=Ind|VerbForm=Fin|VerbStem=G|Ventive=Yes|VerbSuffNum=Plur|VerbSuffPer=2|VerbSuffGen=Masc	7	ccomp	_	_
L1095494-F1	L1095494	x	P281764	P281764.10.2	o 7	15	Adad-tura	adad-tura	PROPN	PN	Case=Nom|Gender=Masc|Number=Sing	17	nsubj	_	_
L1095495-F1	L1095495		P281764	P281764.11.1	o 8	16	kāṣiru	kāṣiru	NOUN	N	Case=Nom|Gender=Masc|Number=Sing	15	appos	_	_
L1095405-F2	L1095405		P281764	P281764.11.2	o 8	17	iltešunu	ištu	ADP	PRP	PrepSuffGen=Masc|PrepSuffNum=Plur|PrepSuffPer=3	14	conj	_	_
		x	P281764	P281764.11.3	o 8	18	x	x	X	u		_	_	_	_
L1086963-F6	L1086963		P281764	P281764.12.1	o 9	19	pî	pû	NOUN	N	Gender=Masc|NounBase=Bound|Number=Sing	_	_	_	_
L1095496-F1	L1095496		P281764	P281764.12.2	o 9	20	tupninnāte	tupninnu	NOUN	N	Case=Gen|Gender=Fem|Number=Plur	19	nmod	_	_
		x	P281764	P281764.12.3	o 9	21	x	x	X	X		_	_	_	_
		x	P281764	P281764.14.1	r 1'	22	x	x	X	X		_	_	_	_
L1095265-F8	L1095265		P281764	P281764.14.2	r 1'	23	ša	ša	ADP	PRP		24	case	_	_
L744183-F7	L744183		P281764	P281764.14.3	r 1'	24	libbi	libbu	NOUN	N	Case=Gen|Gender=Masc|NounBase=Bound|Number=Sing	_	_	_	_
L1087007-F2	L1087007		P281764	P281764.14.4	r 1'	25	quppe	quppu	NOUN	N	Case=Gen|Gender=Masc|Number=Sing	24	nmod	_	_
L1095265-F8	L1095265		P281764	P281764.14.5	r 1'	26	ša	ša	ADP	PRP		27	case	_	_
L1095497-F1	L1095497		P281764	P281764.15.1	r 2'	27	kuddile	kuddilu	NOUN	N	Case=Gen|Gender=Masc|Number=Sing	_	_	_	_
L1086604-F20	L1086604		P281764	P281764.15.2	r 2'	28	ina	ina	ADP	PRP		29	case	_	_
L1086709-F3	L1086709		P281764	P281764.15.3	r 2'	29	kitāʾē	kitû	NOUN	N	Case=Gen|Gender=Masc|NounBase=Bound|Number=Plur	_	_	_	_
L1086913-F5	L1086913		P281764	P281764.15.4	r 2'	30	pāni	pānu	NOUN	N	Case=Gen|Gender=Masc|NounBase=Free|Number=Sing	29	nmod:poss	_	_
L1095498-F1	L1095498		P281764	P281764.15.5	r 2'	31	1	1	NUM	NUM		32	nummod	_	_
L1086709-F4	L1086709		P281764	P281764.16.1	r 3'	32	kitāʾa	kitû	NOUN	N	Case=Acc|Gender=Masc|Number=Sing	38	obj	_	_
L1095446-F3	L1095446		P281764	P281764.16.2	r 3'	33	lū	lū	PART	PART		34	advmod	_	_
L1086836-F3	L1086836		P281764	P281764.16.3	r 3'	34	nahlapta	nahlaptu	NOUN	N	Case=Acc|Gender=Masc|Number=Sing	32	appos	_	_
L1095446-F3	L1095446		P281764	P281764.16.4	r 3'	35	lū	lū	PART	PART		36	advmod	_	_
L1095499-F1	L1095499		P281764	P281764.16.5	r 3'	36	kusīta	kusītu	NOUN	N	Case=Acc|Gender=Fem|Number=Sing	34	conj	_	_
L1087016-F5	L1087016		P281764	P281764.16.6	r 3'	37	rabīta	rabû	ADJ	AJ	Case=Acc|Gender=Fem|NounBase=Free|Number=Sing	36	amod	_	_
		x	P281764	P281764.16.7	r 3'	38	šeliāne	elû	VERB	V	Gender=Masc|Number=Plur|Person=2|Mood=Imp|VerbStem=Š|Ventive=Yes	_	_	_	_
L1086713-F3	L1086713		P281764	P281764.17.1	r 4'	39	kunukkēkunu	kunukku	NOUN	N	Gender=Masc|Number=Plur|PossSuffGen=Masc|PossSuffNum=Plur|PossSuffPer=2	_	_	_	_
L1093579-F2	L1093579		P281764	P281764.17.2	r 4'	40	kunkā	kanāku	VERB	V	Gender=Masc|Number=Plur|Person=2|Mood=Imp|VerbStem=G	39	conj	_	_
L1086305-F10	L1086305		P281764	P281764.18.1	r 5'	41	ana	ana	ADP	PRP		42	case	_	_
L1086810-F6	L1086810		P281764	P281764.18.2	r 5'	42	muhhiya	muhhu	NOUN	N	Case=Gen|Gender=Masc|Number=Sing|PossSuffNum=Sing|PossSuffPer=1	43	iobj	_	_
		x	P281764	P281764.18.3	r 5'	43	šēbilāne	wabālu	VERB	V	Gender=Masc|Number=Plur|Person=2|Mood=Imp|VerbStem=Š|Ventive=Yes	_	_	_	_
L1095500-F1	L1095500		P281764	P281764.19.1	r 6'	44	tupninnāte	tupninnu	NOUN	N	Case=Acc|Gender=Fem|NounBase=Free|Number=Plur	52	obj	_	_
L1095297-F10	L1095297		P281764	P281764.19.2	r 6'	45	u	u	CONJ	CNJ		46	cc	_	_
L749968-F1	L749968		P281764	P281764.20.1	r 7'	46	nakkamta	nakkamtu	NOUN	N	Case=Acc|Gender=Fem|Number=Sing	44	conj	_	_
L1086713-F4	L1086713		P281764	P281764.20.2	r 7'	47	kunukka	kunukku	NOUN	N	Case=Acc|Gender=Masc|Number=Sing	52	obl	_	_
L1095318-F3	L1095318		P281764	P281764.20.3	r 7'	48	annīamma	annû	DET	DP	Focus=Yes|Case=Acc|Gender=Masc|Number=Sing	47	det	_	_
L1095265-F9	L1095265		P281764	P281764.20.4	r 7'	49	ša	ša	ADP	PRP		50	case	_	_
L1086963-F7	L1086963		P281764	P281764.21.1	r 8'	50	pî	pû	NOUN	N	Case=Gen|Gender=Masc|NounBase=Bound|Number=Sing	47	nmod	_	_
L1095501-F1	L1095501		P281764	P281764.21.2	r 8'	51	tupninnāte	tupninnu	NOUN	N	Case=Gen|Gender=Fem|NounBase=Free|Number=Plur	50	nmod:poss	_	_
L1093579-F3	L1093579		P281764	P281764.21.3	r 8'	52	kunkā	kanāku	VERB	V	Gender=Masc|Mood=Imp|Number=Plur|Person=2|VerbStem=G	43	conj	_	_
L1086604-F21	L1086604		P281764	P281764.21.4	r 8'	53	ina	ina	ADP	PRP		54	case	_	_
L1086963-F8	L1086963		P281764	P281764.22.1	r 9'	54	pî	pû	NOUN	N	Case=Gen|Gender=Masc|NounBase=Bound|Number=Sing	57	obl	_	_
L1086713-F5	L1086713		P281764	P281764.22.2	r 9'	55	kunukkiya	kunukku	NOUN	N	Case=Gen|Gender=Masc|Number=Sing|PossSuffNum=Sing|PossSuffPer=1|PossSuffGen=Com	54	nmod:poss	_	_
L1086713-F6	L1086713		P281764	P281764.22.3	r 9'	56	kunukkēkunu	kunukku	NOUN	N	Gender=Masc|Number=Plur|PossSuffGen=Masc|PossSuffNum=Plur|PossSuffPer=3	55	conj	_	_
L1093579-F4	L1093579		P281764	P281764.22.4	r 9'	57	kunkā	kanāku	VERB	V	Gender=Masc|Mood=Imp|Number=Plur|Person=2|VerbStem=G	_	_	_	_
L744672-F1	L744672		P281764	P281764.22.5	r 9'	58	ellabbuhha	ellabbuhhu	NOUN	N	Case=Acc|Gender=Masc|NounBase=Free|Number=Sing	63	obj	_	_
L1095265-F10	L1095265		P281764	P281764.23	nan	59	ša	ša	ADP	PRP		60	case	_	_
L1087111-F3	L1087111		P281764	P281764.24.1	r 10'	60	šamne	šamnu	NOUN	N	Case=Gen|Gender=Masc|Number=Sing	58	nmod	_	_
L1095265-F11	L1095265		P281764	P281764.24.2	r 10'	61	ša	ša	ADP	PRP		62	case	_	_
		x	P281764	P281764.24.3	r 10'	62	napšušiya	pašāšu	VERB	V	Case=Gen|Gender=Masc|Number=Sing|PossSuffNum=Sing|PossSuffPer=1|PossSuffGen=Yes	60	nmod:poss	_	_
		x	P281764	P281764.24.4	r 10'	63	ultēbilakkunu	wabālu	VERB	V	Gender=Com|Mood=Ind|Number=Sing|Person=1|Tense=Perf|VerbForm=Fin|VerbStem=Š|Ventive=Yes|VerbSuffNum=Plur|VerbSuffPer=2|VerbSuffGen=Masc	_	_	_	_
L1086755-F3	L1086755		P281764	P281764.24.5	r 10'	64	muhrā	mahāru	VERB	V	Gender=Masc|Mood=Imp|Number=Plur|Person=2|VerbStem=G	_	_	_	_
L1086305-F11	L1086305		P281764	P281764.26.1	t.e. 11'	65	ana	ana	ADP	PRP		66	case	_	_
L744363-F11	L744363		P281764	P281764.26.2	t.e. 11'	66	bēte	bītu	NOUN	N	Gender=Masc|Number=Sing|Case=Gen	67	iobj	_	_
L1086827-F3	L1086827		P281764	P281764.27.1	t.e. 12'	67	dinā	nadānu	VERB	V	Gender=Masc|Mood=Imp|Number=Plur|Person=2|VerbStem=G	_	_	_	_
		x	P281764	P281764.27.2	t.e. 12'	68	luhammiṭū	hamāṭu	VERB	V	Gender=Masc|Number=Plur|Person=3|Mood=Prec|VerbStem=D	_	_	_	_
L1095502-F1	L1095502		P281764	P281764.27.3	t.e. 12'	69	Hibur	hibur	PROPN	MN	Case=Nom|Gender=Masc|Number=Sing	_	_	_	_
		x	P281764	P281764.27.4	t.e. 12'	70	ūmu	ūmu	NOUN	N	Case=Nom|Gender=Masc|Number=Sing	69	parataxis	_	_
L1095503-F1	L1095503	x	P281764	P281764.29.1	l.e. 13'	71	x-KAM₂	x-kam₂	ADJ	AJ		70	amod	_	_
L1095504-F1	L1095504		P281764	P281764.29.2	l.e. 13'	72	līmu	līmu	NUM	N	Case=Nom|Gender=Masc|NounBase=Bound|Number=Sing	70	parataxis	_	_
L1095505-F1	L1095505		P281764	P281764.29.3	l.e. 13'	73	Ubru	wabru	PROPN	PN	Case=Gen|Gender=Masc|Number=Sing	72	nmod	_	_
L1086305-F12	L1086305		P313527	P313527.2.1	o 1	1	ana	ana	ADP	_		2	case	_	_
L743580-F20	L743580		P313527	P313527.2.2	o 1	2	šarri	šarru	NOUN	_	Gender=Masc|Number=Sing|Case=Gen	0	ROOT	_	_
L744596-F9	L744596		P313527	P313527.2.3	o 1	3	bēlīya	bēlu	NOUN	_	Gender=Masc|Number=Sing|Case=Gen|PossSuffNum=Sing|PossSuffPer=1	2	appos	_	_
L744650-F3	L744650		P313527	P313527.3.1	o 2	4	urdaka	ardu	NOUN	_	Gender=Masc|Number=Sing|Case=Nom|PossSuffNum=Sing|PossSuffPer=2	2	nsubj	_	_
L1095506-F1	L1095506	x	P313527	P313527.3.2	o 2	5	Ṭab-šar-Aššur	Ṭab-šar-Aššur	PROPN	_	Gender=Masc|Number=Sing|Case=Nom	4	appos	_	_
L1095446-F4	L1095446		P313527	P313527.4.1	o 3	6	lū	lū	PART	_		7	advmod	_	_
L1088325-F5	L1088325		P313527	P313527.4.2	o 3	7	šulmu	šulmu	NOUN	_	Gender=Masc|Number=Sing|Case=Nom	5	ROOT	_	_
L1086305-F13	L1086305		P313527	P313527.4.3	o 3	8	ana	ana	ADP	_		9	case	_	_
L743580-F21	L743580		P313527	P313527.4.4	o 3	9	šarri	šarru	NOUN	_	Gender=Masc|Number=Sing|Case=Gen	7	nsubj	_	_
L744596-F10	L744596		P313527	P313527.4.5	o 3	10	bēlīya	bēlu	NOUN	_	Gender=Masc|Number=Sing|Case=Gen|PossSuffNum=Sing|PossSuffPer=1	9	appos	_	_
L1095388-F2	L1095388		P313527	P313527.5.1	o 4	11	kî	kī	ADP	_		_	_	_	_
L1095507-F1	L1095507		P313527	P313527.5.2	o 4	12	ša	ša	SCONJ	_		16	mark	_	_
L1086305-F14	L1086305		P313527	P313527.5.3	o 4	13	ana	ana	ADP	_		14	case	_	_
L743580-F22	L743580		P313527	P313527.5.4	o 4	14	šarri	šarru	NOUN	_	Gender=Masc|Number=Sing|Case=Gen	16	obl	_	_
L744596-F11	L744596		P313527	P313527.5.5	o 4	15	bēlīya	bēlu	NOUN	_	Gender=Masc|Number=Sing|Case=Gen|PossSuffNum=Sing|PossSuffPer=1	14	appos	_	_
		x	P313527	P313527.5.6	o 4	16	ašpuranni	šapāru	VERB	_	Tense=Past|Gender=Com|Mood=Ind|Number=Sing|Person=1|Subordinative=Yes|Ventive=Yes|SubSuff=Yes	25	advcl	_	_
		x	P313527	P313527.6.1	o 5	17	ūm	ūmu	NOUN	_	Gender=Masc|Number=Sing|NounBase=Bound	25	obl	_	_
L1095508-F1	L1095508	x	P313527	P313527.6.2	o 5	18	16-KAM	16-KAM	ADJ	_		17	amod	_	_
L1086604-F22	L1086604		P313527	P313527.6.3	o 5	19	ina	ina	ADP	_		20	case	_	_
L1087080-F3	L1087080		P313527	P313527.6.4	o 5	20	sahar	sahāru	VERB	_	Gender=Masc|Number=Sing|Case=Gen|VerbForm=Inf|VerbStem=G|NounBase=Bound	25	obl	_	_
		x	P313527	P313527.6.5	o 5	21	ūme	ūmu	NOUN	_	Gender=Masc|Number=Sing|Case=Gen	20	nmod	_	_
L1095509-F1	L1095509		P313527	P313527.7.1	o 6	22	mugirrī	mugerru	NOUN	_	Gender=Masc|Number=Plur|Case=Acc	25	obj	_	_
L1095265-F12	L1095265		P313527	P313527.7.2	o 6	23	ša	ša	ADP	_		24	case	_	_
L1095448-F2	L1095448		P313527	P313527.7.3	o 6	24	rabiūti	rabiu	NOUN	_	Gender=Masc|Number=Plur|Case=Gen	22	nmod	_	_
L1086755-F4	L1086755		P313527	P313527.7.4	o 6	25	amahhar	mahāru	VERB	_	Tense=Pres|Gender=Com|Mood=Ind|Number=Sing|Person=1|VerbForm=Ind|VerbStem=G	10	ROOT	_	_
L1095077-F5	L1095077		P313527	P313527.8.1	o 7	26	iddanūni	tadānu	VERB	_	Tense=Pres|Gender=Masc|Mood=Ind|Number=Plur|Person=3|Subordinative=Yes|VerbForm=Ind|VerbStem=G|SubSuff=Yes	25	conj	_	_
L1088362-F3	L1088362		P313527	P313527.8.2	o 7	27	turtānu	tartānu	NOUN	_	Gender=Masc|Number=Sing|Case=Nom	38	dislocated	_	_
L1095510-F1	L1095510		P313527	P313527.9.1	o 8	28	sartennu	sartennu	NOUN	_	Gender=Masc|Number=Sing|Case=Nom	27	conj	_	_
L1095511-F1	L1095511		P313527	P313527.9.2	o 8	29	šukkallu	šukkallu	NOUN	_	Gender=Masc|Number=Sing|Case=Nom	27	conj	_	_
		x	P313527	P313527.10.1	o 9	30	nāgir	nāgiru	NOUN	_	Gender=Masc|Number=Sing|NounBase=Bound	27	conj	_	_
L1086418-F4	L1086418		P313527	P313527.10.1	o 9	31	ēkalli	ēkallu	NOUN	_	Gender=Masc|Number=Sing|Case=Gen	30	nmod	_	_
L1087017-F2	L1087017		P313527	P313527.10.2	o 9	32	rab	rabû	NOUN	_	Gender=Masc|Number=Sing|NounBase=Bound	27	conj	_	_
L1095512-F1	L1095512		P313527	P313527.10.2	o 9	33	šāqê	šāqû	NOUN	_	Gender=Masc|Number=Sing|Case=Gen	32	nmod	_	_
L1086785-F3	L1086785		P313527	P313527.11.1	o 10	34	masennu	mašennu	NOUN	_	Gender=Masc|Number=Sing|Case=Nom	27	conj	_	_
L1086958-F3	L1086958		P313527	P313527.11.2	o 10	35	pāhutu	pīhātu	NOUN	_	Gender=Fem|Number=Sing|Case=Nom	27	conj	_	_
L1095265-F13	L1095265		P313527	P313527.11.3	o 10	36	ša	ša	ADP	_		37	case	_	_
L1095513-F1	L1095513		P313527	P313527.11.4	o 10	37	Kalha	Kalhu	PROPN	_	Gender=Masc|Number=Sing|Case=Gen	35	nmod	_	_
L1095456-F2	L1095456		P313527	P313527.12.1	o 11	38	gimru	gimru	NOUN	_	Gender=Masc|Number=Sing|Case=Nom	41	nsubj	_	_
L1095514-F1	L1095514		P313527	P313527.12.2	o 11	39	1	1	NUM	_		40	nummod	_	_
L1095515-F1	L1095515		P313527	P313527.12.3	o 11	40	mē	meʾatu	NUM	_		41	nummod	_	_
L1095516-F1	L1095516		P313527	P313527.12.4	o 11	41	mugirrī	mugerru	NOUN	_	Gender=Masc|Number=Plur|Case=Gen	_	_	_	_
L1095391-F7	L1095391		P313527	P313527.12.5	o 11	42	ša	ša	PRON	_		47	obj	_	_
		x	P313527	P313527.12.6	o 11	43	sal	sal	X	_		_	_	_	_
		x	P313527	P313527.12.7	o 11	44	šab	šab	X	_		_	_	_	_
		x	P313527	P313527.12.8	o 11	45	x	x	X	_		_	_	_	_
		x	P313527	P313527.12.9	o 11	46	x	x	X	_		_	_	_	_
L1093680-F2	L1093680		P313527	P313527.13.1	o 12	47	imattahūni	matāhu	VERB	_	Tense=Pres|Gender=Masc|Mood=Ind|Number=Plur|Person=3|Subordinative=Yes|VerbForm=Ind|VerbStem=G|SubSuff=Yes	41	acl	_	_
L1095265-F14	L1095265		P313527	P313527.13.2	o 12	48	ša	ša	ADP	_		60	nsubj	_	_
L1087017-F3	L1087017		P313527	P313527.13.3	o 12	49	rab	rabû	NOUN	_	Gender=Masc|Number=Sing|NounBase=Bound	_	_	_	_
L1095265-F14	L1095265		P313527	P313527.13.3	o 12	50	ša	ša	ADP	_		52	case	_	_
		x	P313527	P313527.14.1	o 13	51	-	-	X	_		_	_	_	_
L1087049-F4	L1087049		P313527	P313527.14.2	o 13	52	rēši	rēšu	NOUN	_	Gender=Masc|Number=Sing|Case=Gen	49	nmod	_	_
L1095297-F11	L1095297		P313527	P313527.14.3	o 13	53	u	u	CONJ	_		54	cc	_	_
L1086958-F4	L1086958		P313527	P313527.14.4	o 13	54	pāhutu	pīhātu	NOUN	_	Gender=Fem|Number=Sing|Case=Nom	49	conj	_	_
L1095265-F15	L1095265		P313527	P313527.14.5	o 13	55	ša	ša	ADP	_		56	case	_	_
L1095517-F1	L1095517		P313527	P313527.14.6	o 13	56	Ninua	Ninua	PROPN	_	Gender=Masc|Number=Sing|Case=Gen	54	nmod	_	_
		x	P313527	P313527.15.1	o 14	57	x	x	X	_		_	_	_	_
		x	P313527	P313527.15.2	o 14	58	x	x	X	_		_	_	_	_
		x	P313527	P313527.15.3	o 14	59	x	x	X	_		_	_	_	_
L1095518-F1	L1095518		P313527	P313527.16.1	o 15	60	muṭê	muṭû	NOUN	_	Gender=Masc|Number=Plur|Case=Gen	_	_	_	_
L1095519-F1	L1095519		P313527	P313527.16.2	o 15	61	mīnu	mīnu	PRON	_	Gender=Masc|Number=Sing|Case=Nom	60	ROOT	_	_
L1095391-F8	L1095391		P313527	P313527.16.3	o 15	62	ša	ša	PRON	_		65	obj	_	_
L743580-F23	L743580		P313527	P313527.16.4	o 15	63	šarru	šarru	NOUN	_	Gender=Masc|Number=Sing|Case=Nom	_	_	_	_
L744596-F12	L744596		P313527	P313527.17.1	o 16	64	bēlī	bēlu	NOUN	_	Gender=Masc|Number=Sing|Case=Nom|PossSuffNum=Sing|PossSuffPer=1	63	appos	_	_
L1086976-F4	L1086976		P313527	P313527.17.2	o 16	65	iqabbûni	qabû	VERB	_	Tense=Pres|Gender=Masc|Mood=Ind|Number=Sing|Person=3|Subordinative=Yes|VerbForm=Ind|VerbStem=G|SubSuff=Yes	61	nsubj	_	_
		x	P313527	P313527.17.3	o 16	66	x	x	X	_		_	_	_	_
		x	P313527	P313527.17.4	o 16	67	a	a	X	_		_	_	_	_
		x	P313527	P313527.17.5	o 16	68	mu	mu	X	_		_	_	_	_
		x	P313527	P313527.17.6	o 16	69	nu	nu	X	_		_	_	_	_
		x	P313527	P313527.17.7	o 16	70	ni	ni	X	_		_	_	_	_
L1095520-F1	L1095520		P313527	P313527.18.1	o 17	71	mar	ammar	PRON	_		_	_	_	_
L1095521-F1	L1095521		P313527	P313527.18.2	o 17	72	mugirrī	mugerru	NOUN	_		_	_	_	_
		x	P313527	P313527.18.3	o 17	73	x	x	X	_		_	_	_	_
		x	P313527	P313527.18.4	o 17	74	x	x	X	_		_	_	_	_
		x	P313527	P313527.18.5	o 17	75	-	-	X	_		_	_	_	_
		x	P313527	P313527.18.6	o 17	76	ni	ni	X	_		_	_	_	_
		x	P313527	P313527.20.1	b.e. 18	77	-	-	X	_		_	_	_	_
		x	P313527	P313527.20.2	b.e. 18	78	tu	tu	X	_		_	_	_	_
		x	P313527	P313527.20.3	b.e. 18	79	tu	tu	X	_		_	_	_	_
		x	P313527	P313527.20.4	b.e. 18	80	-	-	X	_		_	_	_	_
		x	P313527	P313527.20.5	b.e. 18	81	x	x	X	_		_	_	_	_
		x	P313527	P313527.20.6	b.e. 18	82	x	x	X	_		_	_	_	_
		x	P313527	P313527.20.7	b.e. 18	83	x	x	X	_		_	_	_	_
		x	P313527	P313527.24.1	e. 1	84	x	x	X	_		_	_	_	_
		x	P313527	P313527.24.2	e. 1	85	x	x	X	_		_	_	_	_
		x	P313527	P313527.24.3	e. 1	86	x	x	X	_		_	_	_	_
L1095297-F12	L1095297		P313527	P313527.24.4	e. 1	87	u	u	CONJ	_		_	_	_	_
		x	P313527	P313527.24.5	e. 1	88	ni	ni	X	_		_	_	_	_
		x	P313527	P313527.24.6	e. 1	89	x	x	X	_		_	_	_	_
		x	P313527	P313527.24.7	e. 1	90	x	x	X	_		_	_	_	_
		x	P313527	P313527.24.8	e. 1	91	x	x	X	_		_	_	_	_
		x	P313527	P313527.24.9	e. 1	92	x	x	X	_		_	_	_	_
		x	P313527	P313527.24.10	e. 1	93	x	x	X	_		_	_	_	_
		x	P313527	P313527.24.11	e. 1	94	x	x	X	_		_	_	_	_
		x	P313820	P313820.3.1	o 1'	1	x	x	X	X		_	_	_	_
		x	P313820	P313820.3.2	o 1'	2	x	x	X	X		_	_	_	_
		x	P313820	P313820.3.3	o 1'	3	x	x	X	X		_	_	_	_
		x	P313820	P313820.3.4	o 1'	4	x	x	X	X		_	_	_	_
		x	P313820	P313820.3.5	o 1'	5	x+x	x+x	X	X		_	_	_	_
		x	P313820	P313820.3.6	o 1'	6	x	x	X	X		_	_	_	_
		x	P313820	P313820.3.7	o 1'	7	x	x	X	X		_	_	_	_
		x	P313820	P313820.4.1	o 2'	8	{	{	X	X		_	_	_	SpaceAfter=No
		x	P313820	P313820.4.2	o 2'	9	1}{d}x-APIN-eš	1}{d}x-apin-eš	PROPN	PN	Gender=Masc|Number=Sing|Case=Nom	18	nsubj	_	_
L1097063-F1	L1097063		P313820	P313820.4.2	o 2'	10	mār šipri	mār šipri	NOUN	NOUN	Gender=Masc|Number=Sing|Case=Nom	9	appos	_	_
		x	P313820	P313820.5.1	o 3'	11	x	x	X	X		_	_	_	_
		x	P313820	P313820.5.2	o 3'	12	x	x	X	X		_	_	_	_
		x	P313820	P313820.5.3	o 3'	13	x-a.a	x-a.a	PROPN	PN	Gender=Masc|Number=Sing|Case=Nom	9	conj	_	_
L1095265-F16	L1095265		P313820	P313820.5.4	o 3'	14	ša	ša	ADP	PRP		13	appos	_	_
L1086995-F3	L1086995		P313820	P313820.5.5	o 3'	15	qātē	qātu	NOUN	N	Case=Gen|Gender=Masc|NounBase=Bound|Number=Plur	_	_	_	_
		x	P313820	P313820.5.6	o 3'	16	{1}x	{1}x	PROPN	PN	Case=Gen|Gender=Masc|Number=Sing	15	nmod	_	_
		x	P313820	P313820.5.7	o 3'	17	x	x	X	X		_	_	_	_
		x	P313820	P313820.6.1	o 4'	18	ittalkūni	alāku	VERB	VERB	Gender=Masc|Number=Plur|Person=3|Tense=Perf|Mood=Ind|VerbForm=Fin|VerbStem=G|Ventive=Yes	0	ROOT	_	_
L743580-F24	L743580		P313820	P313820.6.2	o 4'	19	šarru	šarru	NOUN	N	Case=Nom|Gender=Masc|Number=Sing	20	nsubj	_	_
L1097064-F1	L1097064		P313820	P313820.6.3	o 4'	20	ūda	wadû	VERB	VERB	Gender=Masc|Number=Sing|Person=3|Tense=Past|Mood=Ind|VerbForm=Fin|VerbStem=G	18	ROOT	_	_
		x	P313820	P313820.7.1	o 5'	21	x	x	X	X		_	_	_	_
		x	P313820	P313820.7.2	o 5'	22	x	x	X	X		_	_	_	_
		x	P313820	P313820.7.3	o 5'	23	x	x	X	X		_	_	_	_
L1097065-F1	L1097065		P313820	P313820.7.4	o 5'	24	patiūte	patiu	ADJ	ADJ	Case=Nom|Gender=Masc|Number=Plur	_	_	_	_
