term,LID,non-lexeme,questionable,lexical_category,sense,CDA_page,CAD_page,RlA_page,AHw_page,FrayneStuckey_page,alternate_spelling,logogram,alternative_logogram,assyrian_dialect,sumerian_loanword,aramaic_loanword,west_semitic
aguhhu,L1086285,,,noun,sash,6,,,,,,,,,,,
ahāzu,L1086286,,,verb,"to take,to marry",7,,,,,,,,,,,
ahu,L1086287,,,noun,brother,8,,,,,,ŠEŠ;PAP,PAP,,,,
ahu,L1086288,,,noun,"side,arm",8,,,,,,,,,,,
ahû,L1086289,,,adj,"outside,strange",8,,,,,,BAR,,,,,
akālu,L1086290,,,verb,to eat,9,,,,,,GU₇,,,,,
aklu,L1086291,,,adj,eaten,10,,,,,,,,,,,
alāku,L1086292,,,verb,to go,11,,,,,,DU,,,,,
alālu,L1086293,,,verb,to suspend,11,,,,,,,,,,,
alālu,L1086294,,,noun,work song,11,,,,,,,,,,,
alālu,L1086295,,,verb,"to sign a joyful song,to boast",11,,,,,,,,,,,
ālānû,L1086296,,,adj,"living in a foreign place,exile",11,,,,,,,,,,,
alātu,L1086297,,,verb,to swallow,11,,,,,,,,,,,
alpu,L1086298,,,noun,"bull,ox",12,,,,,,GU₄,,,,,
ālu,L1086299,,,noun,"city,town",13,,,,,,URU,,,,,
amahhu,L1086300,,,noun,city-wall,14,,,,,amuhhu,,,,,,
amāru,L1086301,,,verb,to see,14,,,,,,IGI;IGI.DU₈,IGI.DU₈,,,,
amurru,L1086302,,,noun,"Amurru,west",16,,,,,,MAR.TU,,,,,
amūtu,L1086303,,,noun,status of a maid,16,,,,,,,,,,,
amūtu,L1086304,,,noun,liver,16,,,,,,BA₃,,,,,
ana,L1086305,,,prep,"to,for",16,,,,,,DIŠ,,,,,
anāhu,L1086306,,,verb,to be tired,16,,,,,,,,,,,
andurāru,L1086307,,,noun,"freedom,exemption",17,,,,,"andarāru,addurāru",,,,,,
anqullu,L1086308,,,noun,"an atmospheric phenomenon, a fiery glow",18,,,,,,IZI.AN.NE,,,,,
anuntu,L1086309,,,noun,"fight,combat",18,,,,,anantu,,,,,,
Anzu,L1086310,,,pn,mythical eagle-like bird monster,,,,,26,,DINGIR.IM.DUGUD,,,,,
apālu,L1086311,,,verb,"to answer,to pay",19,,,,,,,,,,,
apālu,L1086312,,,verb,to be late,19,,,,,,,,,,,
appu,L1086313,,,noun,"nose,beak",20,,,,,,KIR₄,,,,,
apsû,L1086314,,,noun,underground water,21,,,,,,ABZU,,,,,
arāhu,L1086315,,,verb,to hasten,21,,,,,warāhu,,,,,,
arāhu,L1086316,,,verb,to devour,22,,,,,,,,,,,
arallû,L1086317,,,noun,netherworld,22,,,,,arallu,ARALI,,,,,
arāmu,L1086318,,,verb,to cover,22,,,,,erēmu,,,,,,
arhu,L1086319,,,adj,fast,,A2 259,,,,,,,,,,
arītu,L1086320,,,adj,pregnant,23,,,,,,MUNUS.PEŠ₄,,,,,
arītu,L1086321,,,noun,shield,23,,,,,,,,,,,
arkû,L1086322,,,adj,"rear,later",434,,,,,warkû,,,urkû,,,
arnu,L1086323,,,verb,"guilt,fault,penaly",24,,,,,annu,NAM.TAG.GA,,,,,
āšipu,L1086324,,,noun,sorcerer,436,,,,,wāšipu,LU₂.MAŠ.MAŠ;LU₂.MU₇.MU₇,LU₂.MU₇.MU₇,,,,
aškāpu,L1086325,,,noun,leatherworker,28,,,,,,AŠGAB,,,,,
askuppu,L1086326,,,noun,threshold slab,26,,,,,,NA₄.I.DIB,,aksuppu,,,
ašqulālu,L1086327,,,noun,"lasso,whirlwind,a marine plant",28,,,,,isqulālu,,,,,,
ašru,L1086328,,,noun,place,28,,,,,,KI,,,,,
Aššur,L1086329,,,pn,Chief god of Assyria,,,1;196,,,,DINGIR.AN.ŠAR₂,,,,,
Aššur-bani-apli,,x,,pn,"Assurbanipal, king of Assyria (r. 669-631 BCE)",,,,,,,,,,,,
asurrû,L1086330,,,noun,lower course of wall,26,,,,,,,,,yes,,
atappu,L1086331,,,noun,small canal,30,,,,,adappu,PA₅,,,,,
awātu,L1086332,,,noun,"word,matter",31,,,,,amātu,INIM,,,,,
ayyābu,L1086333,,,noun,enemy,32,,,,,yābu,LU₂.ERIM₂,,,,,
ayyalu,L1086334,,,noun,"deer,stag",32,,,,,,DARA₃.MAŠ,,"yalu,ya'alu",,,
bābu,L1086335,,,noun,"gate,door",35,,,,,,KA₂,,,,,
bakû,L1086336,,,verb,to weep,36,,,,,,ER₂,,,,,
balāmu,L1086337,,,verb,to gag,36,,,,,,,,,,yes,
balāṣu,L1086338,,,verb,to stare,36,,,,,,,,,,,
balāṣu,L1086339,,x,verb,to thrust?,36,,,,,,,,,,,
balāṭu,L1086340,,,verb,to live,36,,,,,,TI,,,,,
banû,L1086341,,,verb,to be good,37,,,,,,,,,,,
banû,L1086342,,,adj,"good,beautiful",37,,,,,,,,,,,
barāmu,L1086343,,,verb,"to be variegated,to be multicolored",38,,,,,,GUN₃.A,,,,,
barāqu,L1086344,,,verb,"to lighten,to shine",38,,,,,,HI.HI,,,,,
barārītu,L1086345,,,noun,"dusk,evening watch",38,,,,,,EN.NUN.USAN;EN.NUN.USAN₂;EN.NUN.AN.TA;EN.NUN.BAR.RA,,,,,
barmu,L1086346,,,adj,"multicolored,variegated",39,,,,,,GUN₃.A,,,,,
barû,L1086347,,,verb,"to see,to look at",39,,,,,,IGI.KAR₂;IGI;IGI.TAB;BA.AN.E₃;E₃,,,,,
bārû,L1086348,,,noun,diviner,39,,,,,,LU₂.MAŠ₂.ŠU.GID₂.GID₂;LU₂.HAL;LU₂.AZU;LU₂.NUMUN.LUM,,,,,
bašāmu,L1086349,,,verb,to create,40,,,,,,,,,,,
bašmu,L1086350,,,noun,"snake,horned viper",40,,,,,,MUŠ.ŠA₃.TUR;MUŠ.ŠA₃.TUR₃,,,,,
batāqu,L1086351,,,verb,"to cut off, to divide",41,,,,,,,,,,,
batiqtu,L1086352,,,noun,denunciation,41,,,,,,,,,,,
batqu,L1086353,,,adj,cut off,41,,,,,,,,,,,
bēl āli,L1086354,,,noun,ruler of a city,42,,,,,,,,,,,
belû,L1086355,,,verb,"to be extinguished,to come to an end",42,,,,,,,,,,,
belû,L1086356,,,adj,extinguished,42,,,,,,,,,,,
bêlu,L1086357,,,verb,"to rule over,to dispose of",42,,,,,,EN,,,,,
bēlu,L1086358,,,noun,"lord,proprietor",42,,,,,,EN,,,,,
bēru,L1086359,,,noun,"double hour, league",43,,,,,,DANNA,,,,,
bibbulu,L1086360,,,noun,"flood,day of the disappearance of the moon",43,,,,,,,,,,,
biltu,L1086361,,,noun,"load,talent,yield,rent,tribute",44,,,,,,GU₂;GUN,,,,,
binītu,L1086362,,,noun,"creation,shape",44,,,,,,,,,,,
birbirrū,L1086363,,,noun,"radiance,sparkle",45,,,,,,,,,,,
birītu,L1086364,,,noun,"space between,distance",45,,,,,,DAL.BA.AN.NA,,,,,
birku,L1086365,,,noun,"knee,lap",45,,,,,,,,,,,
birqu,L1086366,,,noun,lightning,43,,,,,berqu,NIM.GIR₂,,,,,
birtu,L1086367,,,noun,fortress,45,,,,,bištu,URU.HAL.SU,,,,,
bītu,L1086368,,,noun,house,46,,,,,,E₂,,bētu,,,
bu''û,L1086369,,,verb,to look for,51,,,,,,,,,,,
bubūtu,L1086370,,,noun,"hunger,starvation",47,,,,,,ŠA₃.GAR;SU.GU₇,,,,,
būlu,L1086371,,,noun,"animals,livestock",49,,,,,,MAŠ₂.ANŠE,,,,,
būrtu,L1086372,,,noun,cow,49,,,,,,,,,,,
būrtu,L1086373,,,noun,"cistern,well",49,,,,,,PU₂,,,,,
būrtu,L1086374,,,noun,cow,49,,,,,,,,,,,
būru,L1086375,,,noun,"proof,attestation",49,,,,,,,,,,,
būṣu,L1086376,,,noun,hyaena,50,,,,,,,,,,,
būṣu,L1086377,,,noun,rock partridge,50,,,,,,,,,,,
da'īmu,L1086378,,,noun,lance,53,,,,,,,,,,,
dabābu,L1086379,,,verb,to talk,52,,,,,,DU₁₁.DU₁₁,,,,,
daddu,L1086380,,,noun,sole of shoe,53,,,,,,,,,,,
dadmû,L1086381,,,noun,"the inhabited world,villages,settlements",53,,,,,,,,,,,
dādu,L1086382,,,noun,"darling,favorite",53,,,,,daddu,,,,,,
dagālu,L1086383,,,verb,"to see,to look",53,,,,,,,,,,,
dakāku,L1086384,,,verb,to crush,53,,,,,,,,,,,
dakāku,L1086385,,,verb,"to scamper,to gambol",53,,,,,,,,,,,
dakāšu,L1086386,,,verb,to press in,53,,,,,,,,,,,
dâku,L1086387,,,verb,"to kill,to beat",53,,,,,,GAZ,,,,,
dalālu,L1086388,,,verb,"to be small,to be wretched",54,,,,,,,,,,,
dalālu,L1086389,,,verb,to praise,54,,,,,,,,,,,
daltu,L1086390,,,noun,door,54,,,,,,GIŠ.IG;GI.IG,,,,,
dalû,L1086391,,,noun,bucket,54,,,,,,,,,,,
dalû,L1086392,,,verb,to draw water,54,,,,,,BAL,,,,,
dalû,L1086393,,,noun,"needle,pin",54,,,,,,,,,yes,,
damāmu,L1086394,,,verb,"to wail,to moan",54,,,,,,,,,,,
damiqtu,L1086395,,,noun,good fortune,55,,,,,,MUNUS.SIG₅,,,,,
damqu,L1086396,,,adj,good,55,,,,,,SIG₅,,,,,
dāmu,L1086397,,,noun,blood,55,,,,,,UŠ₂,,,,,
danānu,L1086398,,,noun,force;strength,55,,,,,,,,,,,
dannatu,L1086399,,,noun,hardship;stronghold,56,,,,,,,,,,,
dannu,L1086400,,,adj,strong;difficult;full-grown;heavy,56,,,,,,,,,,,
dapānu,L1086120,,,verb,to bear down on violently,56,,,,,,,,,,,
dašpu,L1086122,,,adj,sweet,57,,,,,,,,,,,
dayyānu,L1086401,,,noun,judge,58,,,,,,,,,,,
di'u,L1086402,,,noun,an illness affecting the head,61,,,,,,,,,,,
diāšu,L1086403,,,verb,to tread down,59,,,,,,,,,,,
dimtu,L908479,,,noun,tower,60,,,,,,AN.ZA.GAR₃,,,,,
dīnu,L1086092,,,noun,legal decision;trial,60,,,,,,DI;DI.KUD,,,,,
dipāru,L1086404,,,noun,lantern;torch,60,,,,,,,,,,,
dīšu,L1086405,,,noun,spring grass;spring,61,D 163,,,,,,,,,,
dullu,L1086406,,,noun,ritual;treatment;trouble;work,61,,,,,,,,,,,
dummuqu,L1086407,,,adj,elite (soldier);made beautiful;very good,62,,,,,,,,,,,
Dumuzi,L1086408,,,pn,a divine shepherd,,,2;239,,75,,,,,,,
Duranki,,x,,pn,name of Enlil,,,2;242,,79,,,,,,,
dūru,L1086409,,,noun,(city) wall;fortification wall;fortress,62,,,,,,,,,,,
dūru,L1086410,,,noun,(validity) period;eternity,62,,,,,,,,,,,
e'iltu,L1086411,,,noun,bond;obligation,67,,,,,,,,,,,
Ea,L1086093,,,pn,god of the sweetwater (abzu),,,2;374,,,,DINGIR.EN.KI,,,,,
ebbu,L1086412,,,adj,clean (garment);clear;pure,64,,,,,,,,,,,
ebēbu,L1086413,,,verb,purify,64,,,,,,,,,,,
ebēhu,L1086414,,,verb,gird,64,,,,,,,,,,,
ebēru,L1086415,,,verb,cross over,64,,,,,,BALA,,,,,
eblu,L1086416,,,noun,rope,65,,,,,,,,,,,
ebūru,L1086417,,,noun,harvest,65,,,,,,,,,,,
ēkallu,L1086418,,,noun,palace (personnel);palace,67,,,,,,,,,,,
ekēlu,L1086419,,,verb,be(come) dark;darken,67,,,,,,,,,,,
ekletu,L1086420,,,noun,darkness,68,,,,,,,,,,,
eklu,L1086421,,,adj,dark (thing);dark,68,,,,,,,,,,,
elamû,L1086422,,,adj,Elamite,68,,,,,,,,,,,
elēlu,L1086423,,,verb,be(come) pure;cleanse oneself;clear;purify,69,,,,,,,,,,,
elēnu,L1086424,,,adv,above;above;in addition to;upstream;upward,69,,,,,,,,,,,
eleppu,L1086425,,,noun,boat;ship,69,,,,,,,,,,,
ellu,L1086426,,,adj,clean (person);clean;holy;pure,70,,,,,,,,,,,
elû,L1086427,,,verb,arise;be(come) exalted;be(come) raised (as) high;bring up;come forward;come up;dedicate;dedication;donate;extol;go out;go up;going up;installation;load;mount;move up;promote;raise;raising;removal;remove;rise;slip;swear;take up,71,,,,,,,,,,,
elû,L1086428,,,adj,above;upper,71,,,,,,,,,,,
elû,L1086429,,,adj,high;tall,71,,,,,,,,,,,
emdu,L1086430,,,noun,wood as fumigant,71,,,,,,,,,,,
emdu,L1086431,,,adj,adjacent;imposed,71,,,,,,,,,,,
emēdu,L1086432,,,verb,be(come) joined;be(come) stationary;find (refuge);impose;imposition;join;lay;lean on;meet;put on;resort to;set,71,,,,,,,,,,,
emūqu,L1086461,,,noun,ability;army;power;strength;troops,73,,,,,,,,,,,
enēnu,L1086462,,,verb,punish;punishment,73,,,,,,,,,,,
enēšu,L1086463,,,verb,be(come) weak;make weak;weaken,73,,,,,,,,,,,
Enkidu,L1086464,,,pn,Friend of Gilgamesh,,,2;382,,93,Enkimdu,,,,,,
ennettu,L1086465,,,noun,punishment,74,,,,,,,,,,,
enû,L1086466,,,verb,alter;change,74,,,,,,BAL,,,,,
Enūma Anu Enlil,L1086467,,,pn,an astrological compendium,,,2;403,,,,,,,,,
Enūma eliš,L1086468,,,pn,a Babylonian literary work,,,2;403,,,,,,,,,
enūtu,L1086469,,,noun,lordship,74,,,,,,,,,,,
epēqu,L1086470,,,verb,embrace;grow around,74,,,,,,,,,,,
epertu,L1086471,,,noun,fired brick,74,,,,,,,,,,,
epēšu,L1086472,,,verb,do;make;build,75,,,,,,,,,,,
epru,L1086473,,,noun,dust,74,,,,,eperu,,,,,,
eqel qašti,L1086474,,,noun,bow-field' (estate of military colonist),286,,,,,,,,,,,
eqlu,L1086475,,,noun,country;field;land,76,,,,,,A.ŠA₃,,,,,
erbettu,L1086476,,,num,four,76,,,,,,,,,,,
erbu,L1086477,,,noun,income,76,,,,,,,,,,,
erbu,L1086478,,,noun,sunset,77,,,,,,,,,,,
erbû,L1086479,,,noun,locust,77,,,,,,,,,,,
erēbu,L1086480,,,verb,bring in;bringing in;come in;coming in;delivery;enter;entering;entrance;entry;have enter;introduce;make enter;occultation;onset;set;setting,77,,,,,,,,,,,
erēbu,L1086481,,,noun,raven,77,,,,,,,,,,,
ereqqu,L1086482,,,noun,wagon,77,,,,,,GIŠ.MAR.GID₂,,,,,
Ereškigal,L1086483,,,pn,goddess of the underworld,,,2;463,,100,,,,,,,
erēšu,L1086484,,,verb,desire;request;request,77,,,,,,,,,,,
erēšu,L1086485,,,verb,cultivate;cultivation;sowing,77,,,,,,,,,,,
erkallu,L1086486,,,noun,netherworld,77,,,242,,,,,,L1086084,,
ermu,L1086487,,,noun,cover;envelope,79,,,,,,,,,,,
erru,L1086488,,,noun,entrails;intestine(s),79,,,,,,,,,,,
eršahungû,L1086489,,,noun,liturgical work meant to appease the heart of a god,,,2;471,,,,,,,,,
erṣetu,L1086490,,,noun,earth;netherworld,79,,,,,,,,,,,
erû,L1086491,,,noun,bronze;copper,80,,,,,,,,,,,
erû,L1086492,,,noun,eagle,80,,,,,,,,,,,
erû,L1086493,,,noun,grindstone,80,,,,,,,,,,,
Esagil,L1086494,,,pn,temple of Marduk in Babylon,,,2;474,,,,,,,,,
Esarhaddon,,x,,pn,,,,,,,,,,,,,
eṣēdu,L1086495,,,verb,harvest;harvest,80,,,,,,,,,,,
ešertu,L1086496,,,noun,shrine,82,,,,,,,,,,,
ešertu,L1086497,,,noun,group of ten,82,,,,,,,,,,,
ešēru,L1086498,,,verb,be well;be straight,82,,,,,,,,,,,
eṣēru,L1086499,,,verb,design;draw,81,,,,,,,,,,,
eššēšu,L1086500,,,noun,(a feast day),83,,,,,,,,,,,
Etana,L1086501,,,pn,epic literary figure,,,2;481,,,,,,,,,
eṭemmu,L1086502,,,noun,ghost,84,,,,,,,,,,,
etēqu,L1086503,,,verb,bring over;carry out;cross over;crossing;execute;forward;get moved by;go past;ignore continually;let avert;let exercise;let go by;make pass by;make pass on;make pass;making pass by;making pass by;march;move past;pass by;pass on;pass;passing on;passing;perform;prevention;proceed;sweep;sweeping;traverse,84,,,,,,,,,,,
eṭēru,L1086504,,,verb,pay off,85,,,,,,,,,,,
eṭēru,L1086505,,,verb,be(come saved);be(come) saved;rescue;save;take away,85,,,,,,,,,,,
ewû,L1086506,,,verb,become,85,,,,,,,,,,,
ezēhu,L1086507,,,verb,gird on,85,,,,,,,,,,,
gabadibbu,L1086118,,,noun,parapet,87,,,,,,GABA.DIB,,,,,
gadāmu,L1086508,,,verb,cut off,87,,,,,,,,,,,
gadmu,,x,,adj,cut off,,,,,,,,,,,,
gāgu,L1086509,,,noun,necklace,88,,,,,,,,,,,
gallû,L1086510,,,noun,(a demon),88,,,,,,,,,,,
galû,L1086511,,,verb,be(come) deported;deport;emigrate;exile;send into exile;smuggle,88,,,,,,,,,,,
gamāru,L1086512,,,verb,be(come) finished;be(come) used up;come to an end;complete;completion;do to the full;finish off;finish;finishing;perfect,89,,,,,,,,,,,
garāru,L1086513,,,verb,"writhe,grovel,roll",90,,,,,qarāru,,,,,,
gaṣāṣu,L1086514,,,verb,grind,91,,,,,kaṣāṣu;kazāzu,,,,,,
gaṣṣu,L1086515,,,adj,murderous,91,,,,,,,,,,,
gaṣṣu,L1086516,,,adj,disfigured;severed;trimmed,91,,,,,,,,,,,
gaṣṣu,L1086517,,,noun,gypsum,91,,,,,,,,,,,
gerru,L1086518,,,noun,(military) campaign;road,92,,,,,,,,,,,
gerû,L1086519,,,verb,argue;claim;contest;initiate;quarrel;start a lawsuit,92,,,,,,,,,,,
gidimmu,L1086520,,,noun,ladle,92,,,,,,,,,,,
Gilgameš,L1086521,,,pn,legendary Mesopotamian hero,,,3;357,,,,,,,,,
Gimir,L1086522,,,pn,Cimmerians,,,3;376,,,,,,,,,
ginû,L1086523,,,noun,ordinary;regular offering,93,,,,,,,,,,,
gipāru,L1086524,,,noun,resident of entu in temple,93,,,,,,,,,,,
girru,L1086525,,,noun,fire;fire-god,93,,,,,gīru,,,,,,
gišallu,L1086526,,,noun,"rudder,boat-pole",94,,,,,,,,,,,
giskimmu,L1086527,,,noun,sign;omen,94,,,,,,,,,,,
gišparru,L1086528,,,noun,trap,94,,,,,,,,,,,
giṣṣu,L1086529,,,noun,thorn;thorn-bush,94,,,,,,,,,,,
gullubu,L1086530,,,verb,shear;shave,96,,,,,,,,,,,
gullubu,L1086531,,,adj,shaved,96,,,,,,,,,,,
habālu,L1086532,,,verb,borrow;owe,98,,,,,,,,,,,
habālu,L1086533,,,verb,do wrong;do wrong;harm;injustice;oppression;take away by force;wrong,98,,,,,,,,,,,
habātu,L1086534,,,noun,harm;injustice;oppression;take away by force,98,,,,,,,,,,,
habātu,L1086535,,,verb,"plunder,rob",99,,,,,,,,,,,
habtu,L1086536,,,adj,carried off;plundered one;plundered;robbed;stolen;taken captive,100,,,,,,,,,,,
hadādu,L1086537,,,verb,"roar,rustle",100,,,,,,,,,,,
hadû,L1086538,,,verb,be(come) glad;be(come) joyful,100,,,,,,,,,,,
hadû,L1086539,,,verb,cut off,100,,,,,,,,,,yes,
hadû,L1086540,,,noun,joy,100,,,,,,,,,,,
hadû,L1086541,,,adj,joyful,100,,,,,,,,,,,
halālu,L1086542,,,verb,slink,101,,,,,,,,,,,
halālu,L1086543,,,verb,pipe;murmur,101,,,,,,,,,,,
hallu,L1086544,,,noun,thigh,102,,,,,,,,,L643752,,
hallu,L1086545,,,noun,vinegar,102,,,,,,,,,,yes,
halluptu,L1086546,,,noun,armor,102,,,,,,,,,,,
halqu,L1086547,,,adj,lost;fugitive,102,,,,,,,,,,,
halṣu,L1086548,,,adj,filtered;combed,103,,,,,,,,,,,
halṣu,L1086549,,,noun,district;fortress,103,,,,,,,,,,,
hamāmu,L1086550,,,verb,gather;collect,103,,,,,,,,,,,
hamāṭu,L1086557,,,verb,hasten,103,,,,,,,,,,,
hamāṭu,L1086558,,,verb,burn (up),104,,,,,,,,,,,
hammu,L1086559,,,noun,family head,104,,,,,,,,,,,
hammu,,x,,adj,gathered,,,,,,,,,,,,
hammu,L1086560,,,noun,pond,104,,,,,,,,,,,
hamṭu,,x,,adj,flaming,,,,,,,,,,,,
hamṭu,,x,,adj,hot,,,,,,,,,,,,
hamṭu,L1086561,,,adj,quick,105,,,,,,,,,,,
hanābu,L1086562,,,verb,be(come) luxuriant,105,,,,,,,,,,,
hanāṣu,L1086563,,,verb,bare teeth,105,,,,,,,,,,,
harāšu,L1086564,,,verb,be in labor,107,,,,,,,,,,,
hargullu,L1086565,,,noun,locking ring,108,,,,,,,,,,,
Harran,L1086566,,,pn,city in northwestern Mesopotamia,,,4;122,,,,,,,,,
harrānu,L1086567,,,noun,road;caravan;expedition,108,,,,,,KASKAL,,,,,
harurtu,L1086568,,,noun,throat,109,,,,,,,,,,,
haṣānu,L1086569,,,verb,embrace;protect,110,,,,,,,,,,,
hašāšu,L1086570,,,verb,swell;be happy,111,,,,,,,,,,,
hašāšu,L1086571,,,verb,gather,111,,,,,,,,,,,
hašhūru,L1086572,,,noun,apple (tree),111,,,,,,,,,,,
hašû,L1086573,,,noun,lung(s),111,,,,,,MUR,,,,,
haṭāmu,L1086574,,,verb,block;muzzle,112,,,,,,,,,,,
hatānu,L1086575,,,verb,protect,112,H 148,,,,,,,,,,
hatāpu,L1086576,,,verb,slaughter,112,,,,,,,,,,,
haṭû,L1086577,,,adj,faulty;criminal,112,,,,,,,,,,,
haṭû,L1086578,,,verb,do wrong; commit crime,112,,,,,,,,,,,
hazāmu,L1086579,,,verb,mutilate,113,,,,,,,,,,,
hazannu,L1086580,,,noun,mayor,113,,,,,,,,,,,
hazmu,L1086581,,,adj,with mutilated ear,113,,,,,,,,,,,
herû,L1086582,,,verb,dig,114,,,,,,,,,,,
hiāṭu,L1086583,,,verb,examine;search out;supervise;weigh,114,,,,,,,,,,,
hilibû,L1086584,,,noun,underworld,115,,,,,,HI.LI.BA,,,L709283,,
himiltu,L1086585,,,noun,plan,116,,,,,,,,,,,
hubbulu,L1086586,,,adj,indebted,118,,,,,,,,habullu,,,
hubšu,L1086587,,,noun,dust;flotsam,118,,,,,,,,,,,
hubūru,L1086588,,,noun,noise,118,,,,,,,,,,,
huliam,L1086589,,,noun,helmet,119,,,,,,,,,,,
hulluqu,,x,,,,,,,,,,,,,,,
hurāṣu,L1086590,,,noun,gold,121,,,,,,KU₃.GI,,,,,
idu,L1086591,,,noun,arm;side,125,,,,,,A₂,,,,,
īdû,L1086592,,,verb,know,432,,,,,,ZU,,,,,
igāru,L1086593,,,noun,wall,125,,,,,,E₂.GAR₈;IZ.ZI,,,,,
ikkaru,L1086594,,,noun,farmer,126,,,,,inkaru,LU₂.ENGAR,,,,,
ikkillu,L1086595,,,noun,"lamentation,clamour",126,,,AKKIL,,,,,,,,
ilāni,,x,,,,,,,,,,,,,,,
illatu,L1086596,,,noun,group;family clan,127,,,,,illitu;allatu,ILLAT,,ellutu,,,
illurtu,L1086597,,,noun,handcuffs,127,,,,,,,,,,,
ilu,L1086598,,,noun,god,127,,,,,,DINGIR,,,,,
imbaru,L1086599,,,noun,fog;fine drizzle,128,,,,,ibbaru,MURU₉,,,,,
imēru,L1086600,,,noun,donkey,128,,,,,imāru,ANŠE;DUR₃,,emāru,,,
imittu,L1086601,,,noun,right side,128,,,,,emittu,ZAG;A₂.ZI;A₂.ZI.DA;15,,,,,
imittu,L1086602,,,noun,support;imposition;shoulder of animal,128,,,,,emittu,UZU.ZAG;UZU.ZAG.LU,,,,,
imtu,L1086603,,,noun,poison,129,,,,,,,,,,,
ina,L1086604,,,prep,according to;against;among;around;at;behind;by means of;during;for;from;in consequence of;into;on;through;to;under;with,129,,,,,,AŠ,,,,,
Inanna,L1086605,,,pn,goddess of love and war,,,5;74,,143,Ištar,,,,,,
Inšušinak,L1086606,,,pn,Elamite god of Susa,,,5;117,,150,,,,,,,
īnu,L1086607,,,noun,eye;eye-stone;spring,130,,,,,,,,,,,
irtu,L1086608,,,noun,breast;edge;front;towards,131,,,,,iratu,GABA,,,,,
išaru,L1086609,,,adj,straight;correct;normal,132,,,,,išeru,SI.SA₂,,,,,
išātu,L1086610,,,noun,fire,133,,,,,,IZI,,,,,
išdu,L1086611,,,noun,base (a part of the liver);base;stump,133,,,,,,SUHUŠ;UR₂;DUR₂;DU,,,,,
išparu,L1086612,,,noun,weaver,134,,,,,ušparu,LU₂.UŠ.BAR,,,,,
iṣṣu,L1086613,,,noun,tree;wood,132,,,,,iṣu,GIŠ,,eṣṣu,,,
iṣṣur hurri,L1086614,,,noun,rock partridge(?),132,,,,,,BURU₅.HABRUD.DA,,,,,
iṣṣuru,L1086615,,,noun,bird,132,,,,,,MUŠEN,,,,,
ištānu,L1086616,,,noun,north,135,,,,,iltānu,IM.SI.SA₂,,,,,
ištaru,L1086617,,,noun,goddess,135,,,,,ištartu,DINGIR.INNIN,,,,,
isu,L1086618,,,noun,jaw,132,,,,,,UZU.ME.ZE₂.SI,,,,,
ittu,L1086619,,,noun,character;peculiarity;regularity,137,,,,,,A₂,,,,,
ittu,L1086620,,,noun,omen;sign,137,,,,,,ISKIM,,,,,
itû,L1086621,,,noun,"boundary,neighbor",137,,,,,,US₂.SA.DU,,,,,
izbu,L1086622,,,noun,anomaly;malformed birth,137,,,,,,,,,,,
izuzzu,L1086623,,,verb,go to assistance of;make stand;serve;set up;stand;step upon;stop;take up position,138,,,,,uzuzzu,GUB,,itussu,,,
kabābu,L1086624,,,verb,burn,139,,,,,,,,,,,
kabāsu,L1086625,,,verb,tread;trample,139,,,,,kabāšu (Am.),ZUKUM,,,,,
kabāšu,L1086626,,,verb,put headgear on,139,,,,,,,,,,,
kabattu,L1086627,,,noun,liver;mind;mood,139,,,,,,,,,,,
kabātu,L1086628,,,verb,honour,139,,,,,,DUGUD,,,,,
kabbaru,L1086629,,,adj,very thick,140,,,,,,GUR₄.GUR₄,,,,,
kabbu,L1086630,,,adj,glowing,140,,,,,,,,,,,
kabtu,L1086631,,,adj,heavy;honored,140,,,,,,DUGUD;IDIM,,,,,
kadrû,L1086632,,,noun,gift,141,,,,,,,,,,,
kakkišu,L1086633,,,noun,weasel,141,,,,,,,,,,,
kakku,L1086634,,,noun,weapon-mark;weapon,141,,,,,,GIŠ.TUKUL,,,,,
kallâmāri,L1086635,,,adv,in the early morning,142,,,,,,,,,,,
kalû,L1086636,,,adj,detained,143,,,,,,,,,,,
kalû,L1086637,,,verb,arrest;hinder;hold back,143,,,,,,GUL,,,,,
kalû,L1086638,,,noun,lamentation-priest,143,,,,,,LU₂.GALA,,,,,
kalû,L1086639,,,det,all;totality;whole,143,,,,,,DU₃;DU₃.A.BI,,,,,
kalūmu,L1086640,,,noun,lamb,143,,,,,,UDU.SILA₄,,,,,
kalûtu,L1086642,,,noun,discipline of lamentation;textual corpus of lamentation-priests,143,,,,,,,,,,,
kamāsu,L1086643,,,verb,collect;gather,144,,,,,,,,,,,
kamāsu,L1086644,,,verb,kneel down;kneel;make bow down;make to crouch,144,,,,,,GAM,,,,,
kamû,L1086645,,,verb,bind,145,,,,,,LAL,,,,,
kamû,L1086646,,,adj,vanquished,144,,,,,,,,,,,
kamû,L1086647,,,adj,outer,145,,,,,kawû,AN.AŠ.A.AN;AŠ.A.AN;BAR;BAR.RA,,,,,
kandu,L1086648,,,noun,jar,145,,,,,,,,,,yes,
kapālu,L1086649,,,verb,roll up,147,,,,,,,,,,,
kapāru,L1086650,,,verb,smear,147,,,,,,,,,,,
kapāru,L1086651,,,verb,wipe,147,,,,,,,,,,,
kapāru,L1086652,,,verb,peel,147,,,,,,,,,,,
kapāṣu,L1086653,,,verb,bend back;distort,147,,,,,,,,,,,
kappu,L1086654,,,noun,wing,147,,,,,,PA,,,,,
kappu,L1086656,,,noun,hand;palm,147,,,,,,A₂,,,,,
karābu,L1086657,,,verb,pray;bless;greet,148,,,,,,ŠUD₃,,,,,
karāru,L1086658,,,verb,set down;discard,148,,,,,,,,,,,
karāṣu,L1086659,,,verb,break off;pinch off,148,,,,,garāṣu;harāṣu,,,,,,
karātu,L1086660,,,verb,cut off,149,,,,,,KID₂,,,,,
karšu,L1086661,,,noun,centre;mind;stomach,149,,,,,,,,,,,
karṣu,L1086662,,,noun,slander,149,,,,,,EME.SIG,,,,,
kartu,L1086663,,,adj,shredded,149,,,,,,,,,,,
karû,L1086664,,,verb,be(come) short;diminish,150,,,,,,LUGUD₂,,,,,
kašādu,L1086665,,,verb,achieve;arrive;conquer,152,,,,,,KUR,,,,,
kasāmu,L1086666,,,verb,chop,150,,,,,,GAZ,,,,,
kasāpu,L1086667,,,verb,break (into bits);cut,150,,,,,,,,,,,
kasāpu,L1086668,,,verb,make funerary offering,150,,,,,,,,,,,
kašāpu,L1086669,,,verb,cast spells,152,,,,,,,,,,,
kaṣāru,L1086670,,,verb,tie;gather,151,,,,,,KEŠDA;KAD₂;KAD₃,,,,,
kaṣāṣu,L1086671,,,verb,grind;grate,151,,,,,,KA.GUZ,,,,,
kašdu,L1086672,,,adj,achieved;arrived;conquered,152,,,,,,KUR,,,,,
kasmu,L1086673,,,adj,chopped,150,,,,,,,,,,,
kaspu,,x,,adj,broken,,,,,,,,,,,,
kaspu,L1086674,,,noun,money;silver,150,,,,,,KU₃.BABBAR,,,,,
kašpu,,x,,,,,,,,,,,,,,,
kaṣru,L1086675,,,adj,firmly joined;solid,151,,,,,,,,,,,
kasû,L1086676,,,verb,bind,150,,,,,,,,,,,
kasû,L1086677,,,noun,(a spice plant),150,,,,,,,,,,,
kaṣû,L1086678,,,verb,cool down,151,,,,,,ŠED₇,,,,,
kaṣû,L1086679,,,adj,cold,151,,,,,,ŠED₇,,,,,
kâṣu,L1086680,,,verb,flay,152,,,,,,,,,,,
kāsu,L1086681,,,noun,cup,151,,,,,,GAL,,,,,
katāmu,L1086682,,,verb,cover,153,,,,,,DUL,,,,,
katāru,L1086683,,,verb,get help,153,,,,,,,,,,,
katāru,L1086684,,,verb,hesitate;wait,153,,,,,,,,,,yes,
kātimtu,L1086685,,,noun,net for birds;a kind of door,153,,,,,,,,,,,
katmu,L1086686,,,adj,covered,153,,,,,,,,,,,
kerṣu,L1086687,,,noun,pinced-off piece;lump,155,,,,,gerṣu,,,,,,
kiāšu,L1086688,,,verb,help,155,,,,,,,,,,,
kibrat erbetti,L1086689,,,noun,four edges of the world,156,,,,,,UB.DA.LIMMU₂.DA,,,,,
kibru,L1086690,,,noun,bank;shore,156,,,,,,PIŠ₁₀,,,,,
kigallu,L1086691,,,noun,pedestal;socle,156,,,,,,KI.GAL,,,,,
kilīlu,L1086692,,,noun,wreath,157,,,,,,GILIM,,,,,
kīlu,L1086693,,,noun,captivity;prison,157,,,,,,KI.ŠU₂,,,,,
kilūbu,L1086694,,,noun,cage;trap,157,,,,,,,,,,,yes
kimtu,L1086695,,,noun,family,158,,,,,kintu,IM.RI.A,,,,,
kindabašše,L1086696,,,noun,loincloth,158,,,,,kindabasse,,,,,,
kīnu,L1086697,,,adj,permanent;firm;true,159,,,,,kēnu,GIN;GI.NA,,,,,
kippatu,L1086698,,,noun,circle;circumference;perimeter,159,,,,,,GAM,,,,,
kirinnu,L1086699,,,noun,clay lump,160,,,,,,,,,yes,,
kirû,L1086700,,,noun,plantation;orchard,160,,,,,,GIŠ.KIRI₆,,,L751517,,
kišād nāri,,x,,,,,,,,,,,,,,,
kišādu,L1086701,,,noun,neck;necklace,161,,,,,,UZU.GU₂,,,,,
kisallu,L1086702,,,noun,courtyard,160,,,,,,KISAL,,,L701614,,
kisittu,L1086703,,,noun,branch;stem,161,,,,,,,,,,,
kispu,L1086704,,,noun,funerary offering,161,,,,,,KI.SI₃.GA,,,,,
kiṣru,L1086705,,,noun,knot;concentration;group;rental,161,,,,,,KEŠDA;KA.KEŠDA;I₃.KEŠDA,,,,,
kiṣru šatû,,x,,,,,,,,,,,,,,,
kiššatu,L1086706,,,noun,totality;world,162,,,,,,ŠU₂;ŠAR₂;KIŠ;KI.ŠAR₂.RA,,,,,
kiṣṣu,L1086707,,,noun,shrine,161,,,,,,ITIMA,,,,,
kišukku,L1086708,,,noun,grate,161,,,,,,,,,,,
kitû,L1086709,,,noun,flax;linen;linen garment,163,,,,,,TUG₂.GADA,,,,,
kubšu,L1086710,,,noun,headcloth;turban,164,,,,,,TUG₂.SAGŠU,,,,,
kullulu,L1086711,,,verb,veil;crown,166,,,,,,,,,,,
kullulu,L1086712,,,adj,veiled;crowned,166,,,,,,,,,,,
kummusu,,x,,,,,,,,,,,,,,,
kunukku,L1086713,,,noun,seal;sealed tablet;vertebra,167,,,,,,KIŠIB,,,,,
kuppuṣu,,x,,,,,,,,,,,,,,,
kurrû,L1086714,,,adj,short,169,,,,,,,,,,,
kursimtu,L1086715,,,noun,scale;plate,169,,,,,kurṣimtu;kursittu,,,,,,
kursinnu,L1086716,,,noun,kursinnu,169,,,,,,,,,,,
kurṣiptu,L1086717,,,noun,butterfly,169,,,,,,,,,,,
kurummutu,L1086718,,,noun,rations,169,,,,,kurmatu,ŠUK;ŠUK.HI.A,,,,,
kussû,L1086719,,,noun,chair;sedan chair;throne,170,,,,,,GIŠ.GU.ZA;GIŠ.AŠ.TE,,,,,
kuššudu,L1086720,,,adj,chased (off),171,,,,,,,,,,,
kūṣu,L1086721,,,noun,cold;winter,170,,,,,,EN.TE.NA,,,,,
labābu,L1086722,,,verb,rage,,B 7,,,,,,,,,,
labānu,L1086723,,,verb,stroke;mold bricks,174,,,,,,,,,,,
labāšu,L1086724,,,verb,clothe oneself,174,,,,,,,,,,,
labbu,L1086725,,,noun,lion,,B 24,,,,,,,,,,
labbu,L1086726,,,adj,raging,,B 24,,,,,,,,,,
lagā'u,L1086727,,,noun,scale;dirt;scum,175,,,,,,,,,,,
lagabbu,L1086728,,,noun,lump;clot,175,,,,,,,,,,,
lalā'u,L1086729,,,noun,young goat,176,,,,,laliu;lalû,,,,,,
lamassu,L1086730,,,noun,(female) tutelary deity,177,,,,,,DINGIR.LAMMA,,,,,
lamaštu,L1086731,,,noun,a demoness attacking new-borns,177,,,,,,DINGIR.DIM₃.ME,,,,,
lānu,L1086732,,,noun,body;figure;trunk,177,,,,,,ALAN,,,,,
lapātu,L1086733,,,verb,touch;affect;ruin,177,,,,,,TAG,,,,,
laptu,L1086734,,,adj,touched;affected;ruined,177,,,,,,TAG,,,,,
laqātu,L1086735,,,verb,gather up;glean,177,,,,,,,,,,,
lardu,L1086736,,,noun,a type of grass,178,,,,,,U₂.KI.KAL.HI.RI.IN,,,,,
lawû,L1086737,,,verb,surround;besiege,179,,,,,,NIGIN,,,,,
lawû,L1086738,,,adj,besieged;surrounding,179,,,,,,,,,,,
lemnu,L1086739,,,adj,bad,180,,,,,,HUL,,,,,
leqû,L1086740,,,verb,take,180,,,,,,ŠU.TI;TI;ŠU.BA.AN,,,,,
leqû,L1086741,,,adj,acquired;adopted,180,,,,,,,,,,,
lētu,L1086742,,,noun,cheek;side,180,,,,,,TE,,,,,
libbu,L1086743,,,noun,heart;inner body,181,,,,,,ŠA₃,,,,,
libittu,L1086744,,,noun,mudbrick,181,,,,,,SIG₄,,,,,
līpu,L1086746,,,noun,descendant,183,,,,,lēpu,NUNUZ,,,,,
lišānu,L1086747,,,noun,tongue;language,183,,,,,,EME,,,,,
lu''û,L1086748,,,verb,make dirty,186,,,,,,,,,,,
lubāru,L1086749,,,noun,garment,184,,,,,,TUG₂.HI.A,,,,,
lubuštu,L1086750,,,noun,clothes,184,,,,,,SIKI.BA;TUG₂.HI.A,,,,,
lumāšu,L1086751,,,noun,constellation,185,,,,,,,,,,,
madādu,L1086752,,,verb,measure,187,,,,,,AGA₂,,,,,
magāgu,L1086753,,,verb,have cramps;stick out,188,,,,,,,,,,,
magarru,L1086754,,,noun,chariot;wheel,188,,,,,,GIŠ.UMBIN,,,,,
mahāru,L1086755,,,verb,face;confront;receive,189,,,,,,IGI,,,,,
mahāṣu,L1086756,,,verb,beat;weave,190,,,,,,SIG₃;RA,,,,,
māhāzu,L1086757,,,noun,cult centre,190,,,,,,KI.ŠU.PEŠ₅,,,,,
mahhû,L1086758,,,noun,ecstatic prophet,190,,,,,muhhû,LU₂.GUB.BA,,,,,
mahru,L1086759,,,noun,front;past,191,,,,,,IGI,,,,,
mahru,L1086760,,,adj,acceptable;received;withstood,191,,,,,,IGI,,,,,
mahrû,L1086761,,,adj,former;older,191,,,,,,IGI,,,,,
mahṣu,L1086762,,,adj,beaten;smitten,191,,,,,,,,,,,
mahû,L1086763,,,verb,rave,191,,,,,,,,,,,
mākālu,L1086764,,,noun,food;meal,191,,,,,,,,,,,
makāsu,L1086765,,,verb,levy customs or rental dues,191,,,,,,,,,,,
makāṣu,L1086766,,,noun,slaughtering block,191,,,,,,,,,,,
maksû,L1086767,,,noun,fetters;bandage,192,,,,,,,,,,,
malahhu,L1086768,,,noun,sailor,192,,,,,malāhu,LU₂.MA₂.LAH₄;LU₂.MA₂.LAH₅,,,,,
malīlu,L1086769,,,noun,flute,193,,,,,,GI.GID₂,,,,,
mamītu,L1086770,,,noun,oath;curse,194,,,,,,NAM.ERIM₂,,,,,
maqātu,L1086771,,,verb,fall,196,,,,,,ŠUB,,,,,
maqlû,L1086772,,,noun,burning,196,,,,,,,,,,,
Maqlû,L1086773,,,noun,anti-witchcraft composition,196,,,,,,,,,,,
marāqu,L1086774,,,verb,rub smooth;grind,197,,,,,,,,,,,
marāṣu,L1086775,,,verb,be ill;be difficult,197,,,,,,GIG,,,,,
Marduk,L1086776,,,pn,god of Babylon,,,7;360,,201,,,,,,,
markasu,L1086777,,,noun,bond;moorings;rope,198,,,,,,DUR,,,,,
marru,L1086778,,,adj,bitter,198,,,,,,SES,,,,,
marru,L1086779,,,noun,shovel,198,,,,,,GIŠ.MAR;URUDU.MAR,,,,,
marṣu,L1086780,,,adj,ill;difficult,198,,,,,,,,,,,
mārtu,L1086781,,,noun,daughter;girl,198,,,,,,DUMU.MUNUS,,,,,
māru,L1086782,,,noun,son;descendant,199,,,,,,DUMU,,,,,
maṣallu,L1086783,,,noun,shelter;sleeping place,200,,,,,,,,,,,
mašāšu,L1086784,,,verb,wipe off,201,,,,,,,,,,,
mašennu,L1086785,,,noun,treasurer,201,,,,,,LU₂.AGRIG,,,,,
maṣhatu,L1086786,,,noun,a kind of flour,200,,,,,,ZI₃.MA.AD.GA;ZI₃.MAD.AD.GA,,,,,
mašku,L1086787,,,noun,hide;leather;skin,202,,,,,,KUŠ,,,,,
mašmaššu,L1086788,,,noun,incantation priest,202,,,,,,LU₂.MAŠ.MAŠ,,,,,
mašqaltu,L1086789,,,noun,scales;payment,203,,,,,,,,,,,
maṣṣartu,L1086790,,,noun,garrison;guard;observation;watch,200,,,,,,EN.NUN,,,,,
mašû,L1086791,,,adj,forgotten,203,,,,,,,,,,,
māt Aššur,L1086792,,,noun,land of Assyria,,M1 417,,,,,,,,,,
matqu,L1086793,,,adj,sweet,204,,,,,,KU₇.KU₇,,,,,
mâtu,L1086794,,,verb,die,204,,,,,,UŠ₂,,,,,
mātu,L1086795,,,noun,area;land,204,,,,,,KUR,,,,,
mazû,L1086796,,,adj,squeezed,205,,,,,,KAŠ.SUR.RA,,,,,
melammu,L1086797,,,noun,awesome radiance,207,,,,,,ME.LAM,,,,,
mešrēti,L1086798,,,noun,limbs,209,,,,,,A₂.UR₂,,,,,
mesû,L1086799,,,verb,wash,208,,,,,masû,LUH,,masā'u,,,
mesû,L1086800,,,adj,washed;pure,208,,,,,,,,,,,
mihiṣtu,L1086801,,,noun,blow;cuneiform sign,210,,,,,,,,,,,
mīlu,L1086802,,,noun,flood,210,,,,,,ILLU,,,,,
minûtu,L1086803,,,noun,counting;physique,211,,,,,,ŠITI,,,,,
mīrānu,L1086804,,,noun,puppy,211,,,,,mērānu,,,,,,
misarru,L1086805,,,noun,"belt,band",211,,,,,,KUŠ.E.IB₂,,,,,
miṭirtu,L1086806,,,noun,watercourse,213,,,,,miṭru;miṭratu,,,,,,
miṭṭu,L1086807,,,noun,divine weapon,213,,,,,,GIŠ.TUKUL.DINGIR,,,,,
mītu,L1086808,,,adj,dead,213,,,,,,UŠ₂,,,,,
mû,L1086809,,,noun,watercourse,213,,,,,,A;A.MEŠ,,,,,
muddudu,,x,,,,,,,,,,,,,,,
muhhu,L1086810,,,noun,about;brain;concerning;for;in charge of;in;on;over;skull;to;top,215,,,,,,UGU,,,,,
mukanzibtu,L1086811,,,noun,water clock,215,,,,,,,,,,,
mukru,L1086812,,,noun,loincloth,216,,,,,,,,,,,
muma''iru,L1086813,,,noun,commander,216,,,,,,LU₂.GAL.UKKIN,,,,,
mungu,L1086814,,,noun,cramp,217,,,,,muggu,,,,,,
muraššû,L1086815,,,noun,one who does wrong;quarreler;a wildcat,218,,,,,,,,,,,
mūru,L1086816,,,noun,calf;young foal,219,,,,,,DUR₃,,,,,
mušarû,L1086817,,,noun,inscription,221,,,,,musarû;mušarrû,MU.SAR,,,,,
mušhuššu,L1086818,,,noun,serpent-dragon,222,,,,,,MUŠ.HUŠ,,,,,
mūšu,L1086819,,,noun,night,224,,,,,,GE₆,,,,,
nabalkutu,L1086820,,,verb,cross over;revolt;oppose,227,,,,,,BALA,,,,,
nabalkutu,L1086821,,,adj,overturned;rebellious;turned upside down,227,,,,,,,,,,,
nabāṭu,L1086822,,,verb,be bright;shine,228,,,,,,,,,,,
nabnītu,L1086823,,,noun,creation,228,,,,,,,,,,,
nabṭû,L1086824,,,noun,horizon,228,,,,,,,,,,,
nabû,L1086825,,,adj,called;named,228,,,,,,,,,,,
nabû,L1086826,,,verb,appoint;call;name,228,,,,,,SA₄,,,,,
nadānu,L1086827,,,verb,give,229,,,,,,SUM,,,,,
nadû,,,,adj,abandoned;set down,230,,,,,,ŠUB,,,,,
nadû,,,,verb,throw down;lay down,230,,,,,,ŠUB,,,,,
nagarruru,,x,,verb,writhe;grovel,285,,,,,,,,,,,
naharmuṭu,,,,verb,dissolve;melt,231,,,,,,,,,,,
naharmuṭu,,x,,adj,melted,,,,,,,,,,,,
nahīru,,,,noun,nostril,232,,,,,,KA.BUN₂,,,,,
nahlaptu,,,,noun,garment;cloak;coat,232,,,,,,TUG₂.GU₂.E₃.A,,,,,
nâhu,,,,verb,rest,232,,,,,,HUN.GA₂,,,,,
nakādu,,,,verb,beat;throb,233,,,,,,,,,,,
nakāpu,,,,verb,push;thrust,233,,,,,,DU₇,,,,,
nakāsu,,,,verb,"cut,fell",233,,,,,,KUD,,,,,
nakāšu,,,,verb,set aside,233,,,,,,,,,,,
nakru,,,,adj,strange;foreign;hostile,234,,,,,,KUR₂,,,,,
naksu,,,,adj,cut (off);slaughtered,234,,,,,,,,,,,
nalšu,,,,noun,(nocturnal) dew,234,,,,,,ŠEG₃,,,,,
nâlu,,,,verb,lie down,235,,,,,niālu,NU₂,,,,,
nammaštû,,,,noun,"moving things,animals",236,,,,,,A.ZA.LU.LU;NIG₂.ZI.GAL₂,,,,,
namzāqu,,,,noun,key,237,,,,,,GIŠ.E₁₁,,,,,
namzītu,,,,noun,mash tub,237,,,,,,DUG.NIG₂.DUR₂.BUR₃,,,,,
nannāru,,,,noun,light (of the sky),237,,,,,,DINGIR.NANNA,,,,,
napalsuhu,,,,verb,prostrate oneself,237,,,,,,,,,,,
napālu,,,,verb,dig out;demolish,237,,,,,,,,,,,
napaštu,,,,noun,life;throat,238,,,,,napaltu;napšutu;napšatu,,,,,,
napāšu,,,,verb,"breathe,become wide",238,,,,,,PEŠ₅;PA.AN,,,,,
napāšu,,,,verb,pluck,238,,,,,,,,,,,
Napiriša,,,,pn,"Elam deity, possibly a moon god",,,9;163,,228,,,,,,,
naplusu,,x,,,,,,,,,,IGI.BAR,,,,,
naprušu,,,,verb,fly,239,,,,,,DAL,,,,,
naqāru,,,,verb,demolish,240,,,,,,,,,,,
narāmu,,,,noun,beloved,241,,,,,,,,,,,
narkabtu,,,,noun,chariot,242,,,,,,GIŠ.GIGIR,,,,,
nāru,,,,noun,musician;singer,242,,,,,,LU₂.NAR,,,,,
nāru,,,,noun,canal;river,242,,,,,,ID₂,,,,,
našābu,,,,verb,blow away,245,,,,,,,,,,,
nasāhu,,,,verb,"tear out, draw out",242,,,,,,ZI,,,,,
našāku,,,,verb,bite,244,,,,,,ZU₂.KUD,,,,,
našāru,,,,verb,"deduct,reduce",245,,,,,,,,,,,
naṣāru,,,,verb,guard;keep guard;keeping guard;look for;observe;protect;protection;watch,244,,,,,,URU₃,,,,,
nasāsu,,,,verb,moan,243,,,,,,,,,,,
našāšu,,,,verb,shake,245,,,,,,,,,,,
nashuru,,,,noun,favourable attention,243,,,,,,,,,,,
našru,,,,noun,eagle,245,,,,,,,,,,,
našû,,,,verb,"lift,carry",246,,,,,,IL₂,,,,,
našû,,,,adj,"lifted,carried",246,,,,,,,,,,,
nâšu,,,,verb,rock;shift,246,,,,,,TUKU₄,,,,,
naṭālu,,,,verb,look at,247,,,,,,IGI;IGI.DU₈;IGI.GAL₂,,,,,
naṭû,,,,verb,beat;flog,247,,,,,,,,,,,
naṭû,,,,adj,suitable,247,,,,,,,,,,,
nawāru,,,,verb,be bright;shine,247,,,,,,ZALAG₂,,,,,
nazāzu,,,,verb,make swIshing sound,248,,,,,,,,,,,
ne'û,,,,verb,turn around,251,,,,,,,,,,,
nēbuhu,,,,noun,belt,248,,,,,,TUG₂.IB₂.LA₂,,,,,
nēhu,,,,adj,calm;quiet,249,,,,,,,,,,,
nekelmû,,,,verb,glare at,249,,,,,,,,,,,
nēmelu,,,,noun,profit,249,,,,,,A₂.TUKU,,nēmulu,,,
nēmequ,,,,noun,wisdom,249,,,,,,NAM.KU₃.ZU,,,,,
nepelkû,,,,verb,be wide,250,,,,,nepalkû,,,,,,
neqelpû,,,,verb,glide;sail downstream,250,,,,,,DIRI,,,,,
nērāru,,,,noun,aid,250,,,,,ne'rāru,ERIN₂.TAH₂,,,,,
nêru,,,,verb,kill,250,,,,,,SAG.GIŠ.RA,,,,,
nēšu,,,,noun,lion,251,,,,,,UR.MAH;UR.A,,,,,
Nineveh,,,,pn,Capital of neo-assyrian empire,,,9;388,,,,,,,,,
Ningirsu,,x,,pn,,,,9;512,,,Ninurta,,,,,,
nīqu,,,,noun,offering,254,,,,,,UDU.SISKUR₂;UDU.SISKUR,,,,,
nīš ili,,,,noun,oath on life of the gods,256,,,,,,,,,,,
niṣirtu,,,,noun,secret;treasure,255,,,,,,MUNUS.URU₃,,,,,
nišû,,,,noun,people,255,,,,,nīšû;nēšû,UN.MEŠ,,,,,
nīšu,,,,noun,(oath on the) life,256,,,,,,MU,,,,,
nīšu,,,,noun,glance (of favour);honour;lifting,256,,,,,,IL₂;ZI.GA,,,,,
nuhšū,,,,noun,abundance;prosperity,257,,,,,,HE₂.NUN,,,,,
nūnu,,,,noun,fish,258,,,,,,KU₆,,,,,
pa'āṣu,,,,verb,crush;break up,260,,,,,pêṣu,,,,,,
padû,,,,verb,spare;set free,260,,,,,,,,,,,
pagālu,,,,verb,be strong,260,,,,,,,,,,,
pagru,,,,noun,body;corpse,261,,,,,,AD₆,,,,,
pahādu,,,,verb,be afraid,260,,,,,,,,,,,yes
pahāru,,,,verb,assemble;gather,261,,,,,,NIGIN,,,,,
pahāru,,,,noun,potter,261,,,,,,LU₂.BAHAR₂,,,L700735,,
palāhu,,,,verb,fear,261,,,,,,MUD,,,,,
palāsu,,,,verb,look at,261,,,,,,,,,,,
palgu,,,,noun,ditch,262,,,,,,PA₅,,,,,
palû,,,,noun,dynasty;period of office;regnal year;reign;staff,262,,,,,,BALA,,,L721514,,
panātu,,,,noun,front part,263,,,,,,IGI,,,,,
panītu,,,,noun,earlier time,263,,,,,,,,,,,
panû,,,,verb,face;be ahead,263,,,,,,,,,,,
pānu,,,,noun,face;front,263,,,,,,IGI,,,,,
pānû,,,,adj,previous,263,,,,,,,,,,,
paqādu,,,,verb,"entrust,appoint",264,,,,,,,,,,,
paqdu,,,,adj,appointed;entrusted,264,,,,,,,,,,,
par'u,,,,adj,sliced,267,,,,,,,,,,,
parā'u,,,,verb,sprout,266,,,,,,,,,,,
parā'u,,,,verb,slice through,266,,,,,parāhu,,,,,,
parādu,,,,verb,be scared,264,,,,,,,,,,,
parāku,,,,verb,lay across;block,265,,,,,parāhu,GIB,,,,,
parāsu,,,,verb,divide;decide,265,,,,,,KUD,,,,,
parīsu,,,,noun,punting pole,,,,,,,,,,,,
parsu,,,,adj,divided;decided,,,,,,,,,,,,
parṣu,,,,noun,rites;cultic function,,,,,,,,,,,,
pašāhu,,,,verb,calm down;be relieved,,,,,,,,,,,,
pasāmu,,,,verb,veil,268,,,,,,,,,,,
pašāqu,,,,verb,be narrow;be difficult,269,,,,,,,,,,,
pašāru,,,,verb,release;set free,269,,,,,,BUR₂,,,,,
pašāṭu,,,,verb,erase,269,,,,,,LAL,,,,,
pašru,,,,adj,released;undone,269,,,,,,BUR₂,,,,,
paššuru,,,,noun,table,270,,,,,,GIŠ.BANŠUR,,,L716960,,
pāštu,,,,noun,ax,270,,,,,,URUDU.DUR₁₀.TAB.BA,,,,,
pašû,,,,verb,exhale,270,,,,,,,,,,,
pāšu,,,,noun,ax,270,,,,,,GIN₂,,,,,
patālu,,,,verb,twist,270,,,,,,,,,,,
patānu,,,,verb,dine,270,,,,,,,,,,,
patānu,,,,verb,become strong,270,,,,,petēnu,,,,,,
paṭāru,,,,verb,loosen;release,271,,,,,,DU₈,,,,,
patru,,,,noun,dagger;sword,270,,,,,,GIR₂,,,,,
paṭru,,,,adj,released;loosened,271,,,,,,,,,,,
pāṭu,,,,noun,border;limit,271,,,,,,ZAG,,,,,
pazāru,,,,verb,hide,271,,,,,,,,,,,
pehû,,,,verb,close;block off,272,,,,,,UŠ₂,,,,,
pehû,,,,adj,closed,272,,,,,,SAG.GI₄,,,,,
pelludû,,,,noun,cultic rites,272,,,,,billudû;pilludû,,,,L711404,,
pelû,,,,adj,red,272,,,,,,,,,,,
pelû,,,,verb,be red,272,,,,,,,,,,,
pelû,,,,noun,egg,272,,,,,,NUNUZ,,,,,
pēmtu,,,,noun,charcoal,272,,,,,,NE,,,,,
pēmu,,,,noun,(upper) thigh,272,,,,,,HAŠ₂.GAL;UZU.UR₂,,,,,
pērtu,,,,noun,hair (of head),273,,,,,,,,,,,
pesēnu,,,,verb,cover up;veil,273,,,,,,,,,,,
peṣû,,,,adj,white;bare,273,,,,,paṣ'u;paṣû,BABBAR,,,,,
petû,,,,adj,distant;open;spread out,273,,,,,,,,,,,
petû,,,,verb,open;open up,273,,,,,,BAD,,,,,
piāqu,,,,verb,make narrow,274,,,,,,,,,,,
pīhātu,,,,noun,province;responsibility;provincial governor,274,,,,,pāhātu,NAM,,,,,
pilku,,,,noun,demarcated zone;work assignment,274,,,,,,,,,,,
pišannu,,,,noun,box;chest,276,,,,,pisannu,GIŠ.PISAN;GI.PISAN,,,,,
pitiltu,,,,noun,cord,276,,,,,,ŠU.SAR,,,,,
pû,,,,noun,chaff;hay,277,,,,,pā'u;pīu,IN.BUBBU,,,,,
pû,,,,noun,mouth;word,277,,,,,pā'u;pīu,KA,,,,,
puhādu,,,,noun,lamb,277,,,,,,SILA₄,,,,,
puhhu,,,,verb,exchange,277,,,,,,,,,,,
puhhuru,,,,adj,assembled,277,,,,,,,,,,,
puhpuhhû,,,,noun,brawl,277,,,,,,,,,,,
puhru,,,,noun,assembly,277,,,,,,UKKIN,,,,,
puhru,,x,,adj,gathered,,,,,,,,,,,,
pukkuru,,,,verb,tie up,278,,,,,,,,,,yes,
pulukku,,,,noun,needle;stake,278,,,,,,BULUG,,,,,
pūtu,,,,noun,forehead,278,,,,,,SAG.KI,,,,,
pūtu,,,,noun,opening,280,,,,,,,,,,,
qablu,,,,noun,battle;onslaught,281,,,,,,MURU₂,,,,,
qablu,,,,noun,hips;center,281,,,,,,MURU₂,,,,,
qablu,,,,noun,grove,281,,,,,,MURU₂,,,,,
qabû,,x,,adj,ordered;said,,,,,,,,,,,,
qabû,,,,verb,say;command,282,,,,,,DU₁₁,,,,,
qadādu,,,,verb,bend down,282,,,,,,,,,,,
qaddu,,,,adj,bent down,282,,,,,,,,,,,
qalāpu,,,,verb,peel,283,,,,,,,,,,,
qalliš,,,,adv,lightly,283,,,,,,,,,,,
qallu,,,,adj,light;slight,283,,,,,,QAL₃,,,,,
qan ṭuppi,,,,noun,writing reed,284,,,,,,GI.DUB.BA,,,,,
qannu,,,,noun,edge;border,284,,,,,,SI,,,,,
qanû,,,,noun,reed,284,,,,,,GI,,,,,
qaqqadu,,,,noun,head,284,,,,,,SAG.DU,,,,,
qaqqaru,,,,noun,ground,284,,,,,,KI,,,,,
qarābu,,,,noun,battle,285,,,,,,,,,,yes,
qarāru,,,,verb,writhe;grovel,285,,,,,,,,,,,
qarnu,,,,noun,horn,285,,,,,,SI,,,,,
qaštu,,,,noun,archer;bow,286,,,,,,GIŠ.PAN,,,,,
qatānu,,,,verb,be thin;narrow,286,,,,,,SIG,,,,,
qatāru,,,,noun,fumigant,286,,,,,,,,,,,
qatāru,,,,verb,smoke;be gloomy,286,,,,,,,,,,,
qatru,,,,adj,smoky,286,,,,,,,,,,,
qātu,,,,noun,hand,287,,,,,,ŠU,,,,,
qebēru,,,,verb,bury,287,,,,,qabāru,,,,,,
qebēru,,,,verb,burial;bury,288,,,,,,KU.NU,,,,,
qerû,,,,verb,call;invite,288,,,,,,,,qarā'u,,,
qiāšu,,,,verb,bestow,289,,,,,,BA,,,,,
qibītu,,,,noun,command;prayer;speech,289,,,,,,DU₁₁.GA,,,,,
qimmatu,,,,noun,plume,289,,,,,,SUHUR,,,,,
qinnatu,,,,noun,butt,289,,,,,,GU.DU,,,,,
qinnu,,,,noun,nest,289,,,,,,GUD₃,,,,,
qû,,,,noun,thread,290,,,,,,GU,,,,,
qû,,,,noun,a unit of capacity (approx. 1 liter),290,,,,,,SILA₃,,,,,
qu'û,,,,verb,to wait,298,,,,,,,,,,,
quppu,,,,noun,basket;box,291,,,,,,,,,,,
qurbu,,,,adj,near,291,,,,,,,,,,,
qurbu,,,,noun,neighbour;relative,291,,,,,,,,,,,
qurbūtu,,,,noun,closeness,291,,,,,,,,,,,
qurdu,,,,noun,heroic acts;heroism,291,,,,,,,,,,,
qurpissu,,,,noun,chainmail hood,291,,,,,,,,,,,
ra'ābu,,,,verb,tremble,293,,,,,,,,,,,
rabbu,,,,adj,soft;gentle,294,,,,,,,,,,,
rabû,,,,verb,be big,294,,,,,,GAL,,,,,
rabû,,,,adj,big,294,,,,,,GAL,,,,,
rabû,,,,noun,magnate,294,,,,,,,,,,,
rabû,,,,verb,set (of heavenly bodies),294,,,,,,ŠU₂,,,,,
radāpu,,,,verb,pursue,295,,,,,,,,,,,
ragāmu,,,,verb,shout;raise claim,295,,,,,,KA.GA,,,,,
rahāšu,,,,verb,move,295,,,,,,,,,,,
rahāṣu,,,,verb,flood;wash,295,,,,,,RA,,,,,
rahāṣu,,,,verb,trust,295,,,,,,,,,,,
rahṣu,,x,,adj,confident,,,,,,,,,,,,
rahṣu,,,,adj,drenched;destroyed,295,,,,,,,,,,,
rakāsu,,,,verb,bind,296,,,,,,KEŠDA,,,,,
raksu,,,,adj,bound;tied;recruited,297,,,,,,LAL,,,,,
ramāku,,,,verb,bathe,297,,,,,,TU₅,,,,,
ramānu,,,,noun,self,297,,,,,,,,ramunu,,,
rammû,,x,,adj,slack;released,,,,,,,,,,,,
ramû,,,,verb,slacken;become loose,297,,,,,,,,ramā'u,,,
ramû,,,,verb,throw down,297,,,,,,RI,,,,,
ramû,,,,verb,settle,,,,,,,,,,,,
ramû,,,,adj,slack;released,297,,,,,,,,,,,
râmu,,,,noun,love,297,,,,,ra'āmu,,,,,,
râmu,,,,verb,love,297,,,,,,AG₂,,ra'āmu,,,
râmu,,,,verb,endow,298,,,,,,,,,,,
rapāšu,,,,verb,be wide,298,,,,,,DAGAL,,,,,
rapšu,,,,adj,wide,298,,,,,,DAGAL,,,,,
raqādu,,,,verb,dance,298,,,,,,,,,,,
raṣāpu,,,,verb,build,299,,,,,,,,,,,
rašû,,,,verb,acquire,300,,,,,,TUKU,,,,,
rašû,,x,,adj,having (something),,,,,,,,,,,,
re'û,,,,verb,shepherd;pasture,303,,,,,,SIPA,,,,,
redû,,,,verb,accompany;lead;drive,301,,,,,,UŠ,,,,,
rehû,,,,verb,pour;have intercourse with,301,,,,,,,,,,,
rēma rašû,,,,verb phrase,have mercy,302,,,,,,,,,,,
rēmu,,,,noun,womb;compassion,301,,,,,,ARHUŠ,,,,,
rêqu,,,,verb,be(come) distant,302,,,,,,,,,,,
rēqu,,,,adj,distant;unemployed,302,,,,,,,,,,,
rêṣu,,,,verb,help,302,,,,,,,,,,,
rēšu,,,,noun,head;beginning;slave,302,,,,,,SAG,,,,,
riāqu,,,,verb,be empty;be unemployed,303,,,,,,SUD,,,,,
rigmu,,,,noun,roar,304,,,,,,GU₃,,,,,
riksu,,,,noun,bond;bundle;contract;assemblage;sinew,304,,,,,,DUR;KEŠDA,,,,,
rīmu,,,,noun,wild bull,305,,,,,,AM,,,,,
rīqu,,,,noun,aromatic substance,305,,,,,,ŠIM,,,,,
rīqu,,,,adj,empty;unemployed,305,,,,,,SUD,,,,,
ruddû,,,,adj,added to;increased,306,,,,,,,,,,,
rummû,,,,adj,released;slackened,307,,,,,,,,,,,
ruqqu,,,,noun,cauldron;kettle,307,,,,,,URUDU.ŠEN,,,,,
ruqqu,,,,noun,thinness;thin place;thin part of liver,307,,,,,,SAL.LA,,,,,
rušumtu,,,,noun,wet mud,308,,,,,,,,,,,
ruṭbu,,,,noun,dampness,308,,,,,,,,,,,
ruṭibtu,,,,noun,dampness,308,,,,,,KI.DURU₅,,,,,
ša panīti,,x,,,,,,,,,,,,,,,
ša pūtūni,,x,,,,,,,,,,,,,,,
ša qurbūti,,,,noun,bodyguard,291,,,,,,,,,,,
ša rēši,,,,noun,eunuch,302,,,,,,LU₂.SAG,,,,,
ša šēpē,,,,adj,personal,367,,,,,,,,,,,
ša'ālu,,,,verb,ask,352,,,,,ša'ālu,,,,,,
šā'ilu,,,,noun,dream interpreter,348,,,,,,LU₂.ENSI,,,,,
ṣabābu,,,,verb,flutter,330,,,,,,,,,,,
ṣabātu,,,,verb,seize;hold,330,,,,,,DAB,,,,,
ṣābu,,,,noun,people;troops,331,,,,,,LU₂.ERIN₂;LU₂.ERIN₂.MEŠ,,,,,
sadāru,,,,verb,place in order;do regularly,310,,,,,sedēru,,,,,,
šadû,,,,noun,east wind;east,345,,,,,,IM.KUR.RA;IM.3,,,,,
šadû,,,,noun,mountain,345,,,,,šaddû,,,,,,
šagalūtu,,,,noun,deportation,345,,,,,,,,,,,
šagāmu,,,,verb,roar,345,,,,,,GU₃.DE₂,,,,,
šagāšu,,,,verb,kill,345,,,,,šakāšu,,,,,,
sahālu,,,,verb,pierce,310,,,,,,,,,,,
šahānu,,,,verb,be hot,346,,,,,,,,,,,
sahāpu,,,,verb,envelop;overwhelm,311,,,,,,ŠU₂,,,,,
sahāru,,,,verb,go around;turn;search,311,,,,,,NIGIN,,,,,
sahāšu,,,,verb,catch in a net,311,,,,,,,,,,,
šahāṭu,,,,verb,be(come) angry,347,,,,,,,,,,,
šahāṭu,,,,verb,jump on;attack,346,,,,,,GU₄.UD,,,,,
šahāṭu,,,,verb,tear away;tear down,347,,,,,,,,,,,
šahāṭu,,,,verb,wash off;rinse,346,,,,,šahātu,,,,,,
šahṭu,,,,adj,stripped,347,,,,,,,,,,,
sakāku,,,,verb,block,312,,,,,,,,,,,
šakānu,,,,verb,place;set down,348,,,,,,GAR,,,,,
šalā'u,,,,verb,do wrong,351,,,,,,,,,,,
ṣalā'u,,,,verb,throw down;lay down,332,,,,,ṣalû,,,,,,
ṣalālu,,,,verb,lie (down);sleep,332,,,,,,NU₂,,,,,
šalamtu,,,,noun,corpse,350,,,,,,AD₆,,,,,
šalāmu,,,,verb,be healthy;be intact,350,,,,,,DI,,,,,
šalāmu,,,,noun,well-being,350,,,,,,DI,,,,,
šalāṭu,,,,verb,rule;be in authority,351,,,,,,,,,,,
salītu,,,,noun,net,314,,,,,,,,,,yes,
šalmu,,,,adj,intact;healthy,351,,,,,,DI,,,,,
ṣalmu,,,,adj,black,332,,,,,,GI₆,,,,,
ṣalmu,,,,noun,image;representation;statue,332,,,,,,ALAN;NU,,,,,
ṣāltu,,,,noun,combat,333,,,,,,DU₁₄,,,,,
šalû,,,,verb,shoot;cast away,352,,,,,,,,,,,
ṣâlu,,,,verb,fight,333,,,,,,,,,,,
šalummatu,,,,noun,divine splendour;radiance,352,,,,,,SU.LIM;SU.ZI,,,,,
šalummu,,,,adj,radiant,352,,,,,,,,,,,
ṣamādu,,,,verb,tie up;yolk,333,,,,,,LAL;LAL₂,,,,,
šamāhu,,,,verb,flourish,352,,,,,,,,,,,
Šamšu,,,,pn,sun god;sun,354,,,,,šamšu;šanšu;šaššu,DINGIR.UTU;2(u),,,,,
Šamaš-šumu-ukin,,x,,pn,,,,,,,,,,,,,
šamātu,,,,verb,mark (with sign of ownership),353,,,,,,,,,,,
šammahu,,,,adj,very prosperious,353,,,,,,,,,,,
šammu,,,,noun,drug;grass;herb;plant(s),353,,,,,,U₂,,,,,
šamnu,,,,noun,oil,354,,,,,,I₃.GIŠ,,,,,
šamû,,,,noun,heaven;sky,354,,,,,,AN,,,,,
ṣamû,,,,verb,be thirsty,333,,,,,,,,,,,
šanā'u,,,,verb,block off,355,,,,,,,,,,,
šanānu,,,,verb,equal;rival,354,,,,,,SA₂,,,,,
šangû,,,,noun,priest,355,,,,,,LU₂.SANGA,,,,,
šangūtu,,,,noun,priesthood,355,,,,,,,,,,,
šāninu,,,,noun,rival;of equal birth,355,,,,,,ZAG.DU,,,,,
šanītu,,,,noun,second time,355,,,,,,,,,,,
šanītu,,,,noun,something other,355,,,,,,,,,,,
santakku,,,,noun,cuneiform wedge,316,,,,,,SAG.DU₃,,,,,