term,LID,non-lexeme,questionable,lexical_category,sense,CDA_page,CDA_numeral,CAD_page,RlA_page,AHw_page,FrayneStuckey_page,alternate_spelling,logogram,alternative_logogram,assyrian_dialect,sumerian_loanword,aramaic_loanword,west_semitic,hurrian_loanword
ab abi,L1086258,,,noun,grandfather,3,,,,,,,,,,,,,
abālu,L1086259,,,verb,to dry,1,,,,,,,HAD₂.A,,,,,,
abāru,L1086260,,,verb,to embrace,2,III,,,,,,,,,,,,
abattu,L1086261,,,noun,river-gravel,2,,,,,,,,,,,,,
abnu,L1086262,,,noun,stone,2,,,,,,,NA₄,,,,,,
abru,L1086263,,,noun,wing,2,,,,,,apru,,,,,,,
abu,L1086264,,,noun,father,2,,,,,,,AD,,,,,,
abūbu,L1086265,,,noun,flood,3,,,,,,,A.MA.RU,,,,,,
abullu,L1086266,,,noun,gate,3,,,,,,,ABUL,,,,,,
Adad,L1086267,,,pn,chief Mesopotamian storm god,,,,1;22,,3,,DINGIR.IM,,,,,,
adānu,L1086268,,,noun,fixed data,4,,,,,,adannu,UD.DUG₄.GA;U₄.SUR,U₄.SUR,,,,,
adāru,L1086269,,,verb,to be dark,4,,,,,,hadāru,KANA₅,,,,,,
adāru,L1086270,,,verb,to be afraid,4,,,,,,,,,,,,,
adi,L1086271,,,prep,until,4,,,,,,,,,,,,,
adû,L1086272,,,noun,treaty,5,,,,,,,,,adiu,,,,
agāgu,L1086273,,,verb,to be furious,5,,,,,,,,,,,,,
agû,L1086274,,,noun,"crown,corona",6,,,,,,,AGA,,,,,,
agû,L1086275,,,noun,wave,6,,,,,,,A.GI₆.A,,,,,,
aguhhu,L1086285,,,noun,sash,6,,,,,,,,,,,,,
ahāzu,L1086286,,,verb,"to take,to marry",7,,,,,,,,,,,,,
ahu,L1086287,,,noun,brother,8,,,,,,,ŠEŠ;PAP,PAP,,,,,
ahu,L1086288,,,noun,"side,arm",8,,,,,,,,,,,,,
ahû,L1086289,,,adj,"outside,strange",8,,,,,,,BAR,,,,,,
akālu,L1086290,,,verb,to eat,9,,,,,,,GU₇,,,,,,
aklu,L1086291,,,adj,eaten,10,,,,,,,,,,,,,
alāku,L1086292,,,verb,to go,11,,,,,,,DU,,,,,,
alālu,L1086293,,,verb,to suspend,11,,,,,,,,,,,,,
alālu,L1086294,,,noun,work song,11,,,,,,,,,,,,,
alālu,L1086295,,,verb,"to sign a joyful song,to boast",11,,,,,,,,,,,,,
ālānû,L1086296,,,adj,"living in a foreign place,exile",11,,,,,,,,,,,,,
alātu,L1086297,,,verb,to swallow,11,,,,,,,,,,,,,
alpu,L1086298,,,noun,"bull,ox",12,,,,,,,GU₄,,,,,,
ālu,L1086299,,,noun,"city,town",13,,,,,,,URU,,,,,,
amahhu,L1086300,,,noun,city-wall,14,,,,,,amuhhu,,,,,,,
amāru,L1086301,,,verb,to see,14,,,,,,,IGI;IGI.DU₈,IGI.DU₈,,,,,
amurru,L1086302,,,noun,"Amurru,west",16,,,,,,,MAR.TU,,,,,,
amūtu,L1086303,,,noun,status of a maid,16,,,,,,,,,,,,,
amūtu,L1086304,,,noun,liver,16,,,,,,,BA₃,,,,,,
ana,L1086305,,,prep,"to,for",16,,,,,,,DIŠ,,,,,,
anāhu,L1086306,,,verb,to be tired,16,,,,,,,,,,,,,
andurāru,L1086307,,,noun,"freedom,exemption",17,,,,,,"andarāru,addurāru",,,,,,,
anqullu,L1086308,,,noun,"an atmospheric phenomenon, a fiery glow",18,,,,,,,IZI.AN.NE,,,,,,
anuntu,L1086309,,,noun,"fight,combat",18,,,,,,anantu,,,,,,,
Anzu,L1086310,,,pn,mythical eagle-like bird monster,,,,,,26,,DINGIR.IM.DUGUD,,,,,,
apālu,L1086311,,,verb,"to answer,to pay",19,,,,,,,,,,,,,
apālu,L1086312,,,verb,to be late,19,,,,,,,,,,,,,
appu,L1086313,,,noun,"nose,beak",20,,,,,,,KIR₄,,,,,,
apsû,L1086314,,,noun,underground water,21,,,,,,,ABZU,,,,,,
arāhu,L1086315,,,verb,to hasten,21,,,,,,warāhu,,,,,,,
arāhu,L1086316,,,verb,to devour,22,,,,,,,,,,,,,
arallû,L1086317,,,noun,netherworld,22,,,,,,arallu,ARALI,,,,,,
arāmu,L1086318,,,verb,to cover,22,,,,,,erēmu,,,,,,,
arhu,L1086319,,,adj,fast,,,A2 259,,,,,,,,,,,
arītu,L1086320,,,adj,pregnant,23,,,,,,,MUNUS.PEŠ₄,,,,,,
arītu,L1086321,,,noun,shield,23,,,,,,,,,,,,,
arkû,L1086322,,,adj,"rear,later",434,,,,,,warkû,,,urkû,,,,
arnu,L1086323,,,verb,"guilt,fault,penaly",24,,,,,,annu,NAM.TAG.GA,,,,,,
āšipu,L1086324,,,noun,sorcerer,436,,,,,,wāšipu,LU₂.MAŠ.MAŠ;LU₂.MU₇.MU₇,LU₂.MU₇.MU₇,,,,,
aškāpu,L1086325,,,noun,leatherworker,28,,,,,,,AŠGAB,,,,,,
askuppu,L1086326,,,noun,threshold slab,26,,,,,,,NA₄.I.DIB,,aksuppu,,,,
ašqulālu,L1086327,,,noun,"lasso,whirlwind,a marine plant",28,,,,,,isqulālu,,,,,,,
ašru,L1086328,,,noun,place,28,,,,,,,KI,,,,,,
Aššur,L1086329,,,pn,Chief god of Assyria,,,,1;196,,,,DINGIR.AN.ŠAR₂,,,,,,
Aššur-bani-apli,L1087161,,,pn,king of Assyria (r. 669-631 BCE),,,,,,,,DINGIR.AN.ŠAR₂.DU₃.A,,,,,,
asurrû,L1086330,,,noun,lower course of wall,26,,,,,,,,,,yes,,,
atappu,L1086331,,,noun,small canal,30,,,,,,adappu,PA₅,,,,,,
awātu,L1086332,,,noun,"word,matter",31,,,,,,amātu,INIM,,,,,,
ayyābu,L1086333,,,noun,enemy,32,,,,,,yābu,LU₂.ERIM₂,,,,,,
ayyalu,L1086334,,,noun,"deer,stag",32,,,,,,,DARA₃.MAŠ,,"yalu,ya'alu",,,,
bābu,L1086335,,,noun,"gate,door",35,,,,,,,KA₂,,,,,,
bakû,L1086336,,,verb,to weep,36,,,,,,,ER₂,,,,,,
balāmu,L1086337,,,verb,to gag,36,,,,,,,,,,,yes,,
balāṣu,L1086338,,,verb,to stare,36,,,,,,,,,,,,,
balāṣu,L1086339,,x,verb,to thrust?,36,,,,,,,,,,,,,
balāṭu,L1086340,,,verb,to live,36,,,,,,,TI,,,,,,
banû,L1086341,,,verb,to be good,37,,,,,,,,,,,,,
banû,L1086342,,,adj,"good,beautiful",37,,,,,,,,,,,,,
barāmu,L1086343,,,verb,"to be variegated,to be multicolored",38,,,,,,,GUN₃.A,,,,,,
barāqu,L1086344,,,verb,"to lighten,to shine",38,,,,,,,HI.HI,,,,,,
barārītu,L1086345,,,noun,"dusk,evening watch",38,,,,,,,EN.NUN.USAN;EN.NUN.USAN₂;EN.NUN.AN.TA;EN.NUN.BAR.RA,,,,,,
barmu,L1086346,,,adj,"multicolored,variegated",39,,,,,,,GUN₃.A,,,,,,
barû,L1086347,,,verb,"to see,to look at",39,,,,,,,IGI.KAR₂;IGI;IGI.TAB;BA.AN.E₃;E₃,,,,,,
bārû,L1086348,,,noun,diviner,39,,,,,,,LU₂.MAŠ₂.ŠU.GID₂.GID₂;LU₂.HAL;LU₂.AZU;LU₂.NUMUN.LUM,,,,,,
bašāmu,L1086349,,,verb,to create,40,,,,,,,,,,,,,
bašmu,L1086350,,,noun,"snake,horned viper",40,,,,,,,MUŠ.ŠA₃.TUR;MUŠ.ŠA₃.TUR₃,,,,,,
batāqu,L1086351,,,verb,"to cut off, to divide",41,,,,,,,,,,,,,
batiqtu,L1086352,,,noun,denunciation,41,,,,,,,,,,,,,
batqu,L1086353,,,adj,cut off,41,,,,,,,,,,,,,
bēl āli,L1086354,,,noun,ruler of a city,42,,,,,,,,,,,,,
belû,L1086355,,,verb,"to be extinguished,to come to an end",42,,,,,,,,,,,,,
belû,L1086356,,,adj,extinguished,42,,,,,,,,,,,,,
bêlu,L1086357,,,verb,"to rule over,to dispose of",42,,,,,,,EN,,,,,,
bēlu,L1086358,,,noun,"lord,proprietor",42,,,,,,,EN,,,,,,
bēru,L1086359,,,noun,"double hour, league",43,,,,,,,DANNA,,,,,,
bibbulu,L1086360,,,noun,"flood,day of the disappearance of the moon",43,,,,,,,,,,,,,
biltu,L1086361,,,noun,"load,talent,yield,rent,tribute",44,,,,,,,GU₂;GUN,,,,,,
binītu,L1086362,,,noun,"creation,shape",44,,,,,,,,,,,,,
birbirrū,L1086363,,,noun,"radiance,sparkle",45,,,,,,,,,,,,,
birītu,L1086364,,,noun,"space between,distance",45,,,,,,,DAL.BA.AN.NA,,,,,,
birku,L1086365,,,noun,"knee,lap",45,,,,,,,,,,,,,
birqu,L1086366,,,noun,lightning,43,,,,,,berqu,NIM.GIR₂,,,,,,
birtu,L1086367,,,noun,fortress,45,,,,,,bištu,URU.HAL.SU,,,,,,
bītu,L1086368,,,noun,house,46,,,,,,,E₂,,bētu,,,,
bu''û,L1086369,,,verb,to look for,51,,,,,,,,,,,,,
bubūtu,L1086370,,,noun,"hunger,starvation",47,,,,,,,ŠA₃.GAR;SU.GU₇,,,,,,
būlu,L1086371,,,noun,"animals,livestock",49,,,,,,,MAŠ₂.ANŠE,,,,,,
būrtu,L1086372,,,noun,cow,49,,,,,,,,,,,,,
būrtu,L1086373,,,noun,"cistern,well",49,,,,,,,PU₂,,,,,,
būrtu,L1086374,,,noun,cow,49,,,,,,,,,,,,,
būru,L1086375,,,noun,"proof,attestation",49,,,,,,,,,,,,,
būṣu,L1086376,,,noun,hyaena,50,,,,,,,,,,,,,
būṣu,L1086377,,,noun,rock partridge,50,,,,,,,,,,,,,
da'īmu,L1086378,,,noun,lance,53,,,,,,,,,,,,,
dabābu,L1086379,,,verb,to talk,52,,,,,,,DU₁₁.DU₁₁,,,,,,
daddu,L1086380,,,noun,sole of shoe,53,,,,,,,,,,,,,
dadmû,L1086381,,,noun,"the inhabited world,villages,settlements",53,,,,,,,,,,,,,
dādu,L1086382,,,noun,"darling,favorite",53,,,,,,daddu,,,,,,,
dagālu,L1086383,,,verb,"to see,to look",53,,,,,,,,,,,,,
dakāku,L1086384,,,verb,to crush,53,,,,,,,,,,,,,
dakāku,L1086385,,,verb,"to scamper,to gambol",53,,,,,,,,,,,,,
dakāšu,L1086386,,,verb,to press in,53,,,,,,,,,,,,,
dâku,L1086387,,,verb,"to kill,to beat",53,,,,,,,GAZ,,,,,,
dalālu,L1086388,,,verb,"to be small,to be wretched",54,,,,,,,,,,,,,
dalālu,L1086389,,,verb,to praise,54,,,,,,,,,,,,,
daltu,L1086390,,,noun,door,54,,,,,,,GIŠ.IG;GI.IG,,,,,,
dalû,L1086391,,,noun,bucket,54,,,,,,,,,,,,,
dalû,L1086392,,,verb,to draw water,54,,,,,,,BAL,,,,,,
dalû,L1086393,,,noun,"needle,pin",54,,,,,,,,,,yes,,,
damāmu,L1086394,,,verb,"to wail,to moan",54,,,,,,,,,,,,,
damiqtu,L1086395,,,noun,good fortune,55,,,,,,,MUNUS.SIG₅,,,,,,
damqu,L1086396,,,adj,good,55,,,,,,,SIG₅,,,,,,
dāmu,L1086397,,,noun,blood,55,,,,,,,UŠ₂,,,,,,
danānu,L1086398,,,noun,force;strength,55,,,,,,,,,,,,,
dannatu,L1086399,,,noun,hardship;stronghold,56,,,,,,,,,,,,,
dannu,L1086400,,,adj,strong;difficult;full-grown;heavy,56,,,,,,,,,,,,,
dapānu,L1086120,,,verb,to bear down on violently,56,,,,,,,,,,,,,
dašpu,L1086122,,,adj,sweet,57,,,,,,,,,,,,,
dayyānu,L1086401,,,noun,judge,58,,,,,,,,,,,,,
di'u,L1086402,,,noun,an illness affecting the head,61,,,,,,,,,,,,,
diāšu,L1086403,,,verb,to tread down,59,,,,,,,,,,,,,
dimtu,L908479,,,noun,tower,60,,,,,,,AN.ZA.GAR₃,,,,,,
dīnu,L1086092,,,noun,legal decision;trial,60,,,,,,,DI;DI.KUD,,,,,,
dipāru,L1086404,,,noun,lantern;torch,60,,,,,,,,,,,,,
dīšu,L1086405,,,noun,spring grass;spring,61,,D 163,,,,,,,,,,,
dullu,L1086406,,,noun,ritual;treatment;trouble;work,61,,,,,,,,,,,,,
dummuqu,L1086407,,,adj,elite (soldier);made beautiful;very good,62,,,,,,,,,,,,,
Dumuzi,L1086408,,,pn,a divine shepherd,,,,2;239,,75,,,,,,,,
Duranki,L1087163,,,pn,name for the city of Nippur;name of the god Enlil,,,,2;242,,79,,,,,,,,
dūru,L1086409,,,noun,(city) wall;fortification wall;fortress,62,,,,,,,,,,,,,
dūru,L1086410,,,noun,(validity) period;eternity,62,,,,,,,,,,,,,
e'iltu,L1086411,,,noun,bond;obligation,67,,,,,,,,,,,,,
Ea,L1086093,,,pn,god of the sweetwater (abzu),,,,2;374,,,,DINGIR.EN.KI,,,,,,
ebbu,L1086412,,,adj,clean (garment);clear;pure,64,,,,,,,,,,,,,
ebēbu,L1086413,,,verb,purify,64,,,,,,,,,,,,,
ebēhu,L1086414,,,verb,gird,64,,,,,,,,,,,,,
ebēru,L1086415,,,verb,cross over,64,,,,,,,BALA,,,,,,
eblu,L1086416,,,noun,rope,65,,,,,,,,,,,,,
ebūru,L1086417,,,noun,harvest,65,,,,,,,,,,,,,
ēkallu,L1086418,,,noun,palace (personnel);palace,67,,,,,,,,,,,,,
ekēlu,L1086419,,,verb,be(come) dark;darken,67,,,,,,,,,,,,,
ekletu,L1086420,,,noun,darkness,68,,,,,,,,,,,,,
eklu,L1086421,,,adj,dark (thing);dark,68,,,,,,,,,,,,,
elamû,L1086422,,,adj,Elamite,68,,,,,,,,,,,,,
elēlu,L1086423,,,verb,be(come) pure;cleanse oneself;clear;purify,69,,,,,,,,,,,,,
elēnu,L1086424,,,adv,above;above;in addition to;upstream;upward,69,,,,,,,,,,,,,
eleppu,L1086425,,,noun,boat;ship,69,,,,,,,,,,,,,
ellu,L1086426,,,adj,clean (person);clean;holy;pure,70,,,,,,,,,,,,,
elû,L1086427,,,verb,arise;be(come) exalted;be(come) raised (as) high;bring up;come forward;come up;dedicate;dedication;donate;extol;go out;go up;going up;installation;load;mount;move up;promote;raise;raising;removal;remove;rise;slip;swear;take up,71,,,,,,,,,,,,,
elû,L1086428,,,adj,above;upper,71,,,,,,,,,,,,,
elû,L1086429,,,adj,high;tall,71,,,,,,,,,,,,,
emdu,L1086430,,,noun,wood as fumigant,71,,,,,,,,,,,,,
emdu,L1086431,,,adj,adjacent;imposed,71,,,,,,,,,,,,,
emēdu,L1086432,,,verb,be(come) joined;be(come) stationary;find (refuge);impose;imposition;join;lay;lean on;meet;put on;resort to;set,71,,,,,,,,,,,,,
emūqu,L1086461,,,noun,ability;army;power;strength;troops,73,,,,,,,,,,,,,
enēnu,L1086462,,,verb,punish,73,II,,,,,anānu,,,,,,,
enēnu,,,,verb,grant favor,73,I,,,,,,,,,,,,
enēnu,,,,verb,sin,73,III,,,,,,,,,,,,
enēnu,,,,verb,pray,73,IV,,,,,,,,,,,,
enēšu,L1086463,,,verb,be(come) weak;make weak;weaken,73,,,,,,,,,,,,,
Enkidu,L1086464,,,pn,Friend of Gilgamesh,,,,2;382,,93,Enkimdu,,,,,,,
ennettu,L1086465,,,noun,punishment,74,,,,,,,,,,,,,
enû,L1086466,,,verb,alter;change,74,,,,,,,BAL,,,,,,
Enūma Anu Enlil,L1086467,,,pn,an astrological compendium,,,,2;403,,,,,,,,,,
Enūma eliš,L1086468,,,pn,a Babylonian literary work,,,,2;403,,,,,,,,,,
enūtu,L1086469,,,noun,lordship,74,,,,,,,,,,,,,
epēqu,L1086470,,,verb,embrace;grow around,74,,,,,,,,,,,,,
epertu,L1086471,,,noun,fired brick,74,,,,,,,,,,,,,
epēšu,L1086472,,,verb,do;make;build,75,,,,,,,,,,,,,
epru,L1086473,,,noun,dust,74,,,,,,eperu,,,,,,,
eqel qašti,L1086474,,,noun,bow-field' (estate of military colonist),286,,,,,,,,,,,,,
eqlu,L1086475,,,noun,country;field;land,76,,,,,,,A.ŠA₃,,,,,,
erbettu,L1086476,,,num,four,76,,,,,,,,,,,,,
erbu,L1086477,,,noun,income,76,,,,,,,,,,,,,
erbu,L1086478,,,noun,sunset,77,,,,,,,,,,,,,
erbû,L1086479,,,noun,locust,77,,,,,,,,,,,,,
erēbu,L1086480,,,verb,bring in;bringing in;come in;coming in;delivery;enter;entering;entrance;entry;have enter;introduce;make enter;occultation;onset;set;setting,77,,,,,,,,,,,,,
erēbu,L1086481,,,noun,raven,77,,,,,,,,,,,,,
ereqqu,L1086482,,,noun,wagon,77,,,,,,,GIŠ.MAR.GID₂,,,,,,
Ereškigal,L1086483,,,pn,goddess of the underworld,,,,2;463,,100,,,,,,,,
erēšu,L1086484,,,verb,desire;request;request,77,,,,,,,,,,,,,
erēšu,L1086485,,,verb,cultivate;cultivation;sowing,77,,,,,,,,,,,,,
erkallu,L1086486,,,noun,netherworld,77,,,,242,,,,,,L1086084,,,
ermu,L1086487,,,noun,cover;envelope,79,,,,,,,,,,,,,
erru,L1086488,,,noun,entrails;intestine(s),79,,,,,,,,,,,,,
eršahungû,L1086489,,,noun,liturgical work meant to appease the heart of a god,,,,2;471,,,,,,,,,,
erṣetu,L1086490,,,noun,earth;netherworld,79,,,,,,,,,,,,,
erû,L1086491,,,noun,bronze;copper,80,,,,,,,,,,,,,
erû,L1086492,,,noun,eagle,80,,,,,,,,,,,,,
erû,L1086493,,,noun,grindstone,80,,,,,,,,,,,,,
Esagil,L1086494,,,pn,temple of Marduk in Babylon,,,,2;474,,,,,,,,,,
Esarhaddon,L1087164,,,pn,king of Assyria (r. 680-669 BCE),,,,,,,,,,,,,,
eṣēdu,L1086495,,,verb,harvest;harvest,80,,,,,,,,,,,,,
ešertu,L1086496,,,noun,shrine,82,,,,,,,,,,,,,
ešertu,L1086497,,,noun,group of ten,82,,,,,,,,,,,,,
ešēru,L1086498,,,verb,be well;be straight,82,,,,,,,,,,,,,
eṣēru,L1086499,,,verb,design;draw,81,,,,,,,,,,,,,
eššēšu,L1086500,,,noun,(a feast day),83,,,,,,,,,,,,,
Etana,L1086501,,,pn,epic literary figure,,,,2;481,,,,,,,,,,
eṭemmu,L1086502,,,noun,ghost,84,,,,,,,,,,,,,
etēqu,L1086503,,,verb,bring over;carry out;cross over;crossing;execute;forward;get moved by;go past;ignore continually;let avert;let exercise;let go by;make pass by;make pass on;make pass;making pass by;making pass by;march;move past;pass by;pass on;pass;passing on;passing;perform;prevention;proceed;sweep;sweeping;traverse,84,,,,,,,,,,,,,
eṭēru,L1086504,,,verb,pay off,85,,,,,,,,,,,,,
eṭēru,L1086505,,,verb,be(come saved);be(come) saved;rescue;save;take away,85,,,,,,,,,,,,,
ewû,L1086506,,,verb,become,85,,,,,,,,,,,,,
ezēhu,L1086507,,,verb,gird on,85,,,,,,,,,,,,,
gabadibbu,L1086118,,,noun,parapet,87,,,,,,,GABA.DIB,,,,,,
gadāmu,L1086508,,,verb,cut off,87,,,,,,,,,,,,,
gadmu,,x,,adj,cut off,,,,,,,,,,,,,,
gāgu,L1086509,,,noun,necklace,88,,,,,,,,,,,,,
gallû,L1086510,,,noun,(a demon),88,,,,,,,,,,,,,
galû,L1086511,,,verb,be(come) deported;deport;emigrate;exile;send into exile;smuggle,88,,,,,,,,,,,,,
gamāru,L1086512,,,verb,be(come) finished;be(come) used up;come to an end;complete;completion;do to the full;finish off;finish;finishing;perfect,89,,,,,,,,,,,,,
garāru,L1086513,,,verb,"writhe,grovel,roll",90,,,,,,qarāru,,,,,,,
gaṣāṣu,L1086514,,,verb,grind,91,,,,,,kaṣāṣu;kazāzu,,,,,,,
gaṣṣu,L1086515,,,adj,murderous,91,,,,,,,,,,,,,
gaṣṣu,L1086516,,,adj,disfigured;severed;trimmed,91,,,,,,,,,,,,,
gaṣṣu,L1086517,,,noun,gypsum,91,,,,,,,,,,,,,
gerru,L1086518,,,noun,(military) campaign;road,92,,,,,,,,,,,,,
gerû,L1086519,,,verb,argue;claim;contest;initiate;quarrel;start a lawsuit,92,,,,,,,,,,,,,
gidimmu,L1086520,,,noun,ladle,92,,,,,,,,,,,,,
Gilgameš,L1086521,,,pn,legendary Mesopotamian hero,,,,3;357,,,,,,,,,,
Gimir,L1086522,,,pn,Cimmerians,,,,3;376,,,,,,,,,,
ginû,L1086523,,,noun,ordinary;regular offering,93,,,,,,,,,,,,,
gipāru,L1086524,,,noun,resident of entu in temple,93,,,,,,,,,,,,,
girru,L1086525,,,noun,fire;fire-god,93,,,,,,gīru,,,,,,,
gišallu,L1086526,,,noun,"rudder,boat-pole",94,,,,,,,,,,,,,
giskimmu,L1086527,,,noun,sign;omen,94,,,,,,,,,,,,,
gišparru,L1086528,,,noun,trap,94,,,,,,,,,,,,,
giṣṣu,L1086529,,,noun,thorn;thorn-bush,94,,,,,,,,,,,,,
gullubu,L1086530,,,verb,shear;shave,96,,,,,,,,,,,,,
gullubu,L1086531,,,adj,shaved,96,,,,,,,,,,,,,
habālu,L1086532,,,verb,borrow;owe,98,,,,,,,,,,,,,
habālu,L1086533,,,verb,do wrong;do wrong;harm;injustice;oppression;take away by force;wrong,98,,,,,,,,,,,,,
habātu,L1086534,,,noun,harm;injustice;oppression;take away by force,98,,,,,,,,,,,,,
habātu,L1086535,,,verb,"plunder,rob",99,,,,,,,,,,,,,
habtu,L1086536,,,adj,carried off;plundered one;plundered;robbed;stolen;taken captive,100,,,,,,,,,,,,,
hadādu,L1086537,,,verb,"roar,rustle",100,,,,,,,,,,,,,
hadû,L1086538,,,verb,be(come) glad;be(come) joyful,100,,,,,,,,,,,,,
hadû,L1086539,,,verb,cut off,100,,,,,,,,,,,yes,,
hadû,L1086540,,,noun,joy,100,,,,,,,,,,,,,
hadû,L1086541,,,adj,joyful,100,,,,,,,,,,,,,
halālu,L1086542,,,verb,slink,101,,,,,,,,,,,,,
halālu,L1086543,,,verb,pipe;murmur,101,,,,,,,,,,,,,
hallu,L1086544,,,noun,thigh,102,,,,,,,,,,L643752,,,
hallu,L1086545,,,noun,vinegar,102,,,,,,,,,,,yes,,
halluptu,L1086546,,,noun,armor,102,,,,,,,,,,,,,
halqu,L1086547,,,adj,lost;fugitive,102,,,,,,,,,,,,,
halṣu,L1086548,,,adj,filtered;combed,103,,,,,,,,,,,,,
halṣu,L1086549,,,noun,district;fortress,103,,,,,,,,,,,,,
hamāmu,L1086550,,,verb,gather;collect,103,,,,,,,,,,,,,
hamāṭu,L1086557,,,verb,hasten,103,,,,,,,,,,,,,
hamāṭu,L1086558,,,verb,burn (up),104,,,,,,,,,,,,,
hammu,L1086559,,,noun,family head,104,,,,,,,,,,,,,
hammu,,x,,adj,gathered,,,,,,,,,,,,,,
hammu,L1086560,,,noun,pond,104,,,,,,,,,,,,,
hamṭu,,x,,adj,flaming,,,,,,,,,,,,,,
hamṭu,,x,,adj,hot,,,,,,,,,,,,,,
hamṭu,L1086561,,,adj,quick,105,,,,,,,,,,,,,
hanābu,L1086562,,,verb,be(come) luxuriant,105,,,,,,,,,,,,,
hanāṣu,L1086563,,,verb,bare teeth,105,,,,,,,,,,,,,
harāšu,L1086564,,,verb,be in labor,107,,,,,,,,,,,,,
hargullu,L1086565,,,noun,locking ring,108,,,,,,,,,,,,,
Harran,L1086566,,,pn,city in northwestern Mesopotamia,,,,4;122,,,,,,,,,,
harrānu,L1086567,,,noun,road;caravan;expedition,108,,,,,,,KASKAL,,,,,,
harurtu,L1086568,,,noun,throat,109,,,,,,,,,,,,,
haṣānu,L1086569,,,verb,embrace;protect,110,,,,,,,,,,,,,
hašāšu,L1086570,,,verb,swell;be happy,111,,,,,,,,,,,,,
hašāšu,L1086571,,,verb,gather,111,,,,,,,,,,,,,
hašhūru,L1086572,,,noun,apple (tree),111,,,,,,,,,,,,,
hašû,L1086573,,,noun,lung(s),111,,,,,,,MUR,,,,,,
haṭāmu,L1086574,,,verb,block;muzzle,112,,,,,,,,,,,,,
hatānu,L1086575,,,verb,protect,112,,H 148,,,,,,,,,,,
hatāpu,L1086576,,,verb,slaughter,112,,,,,,,,,,,,,
haṭû,L1086577,,,adj,faulty;criminal,112,,,,,,,,,,,,,
haṭû,L1086578,,,verb,do wrong; commit crime,112,,,,,,,,,,,,,
hazāmu,L1086579,,,verb,mutilate,113,,,,,,,,,,,,,
hazannu,L1086580,,,noun,mayor,113,,,,,,,,,,,,,
hazmu,L1086581,,,adj,with mutilated ear,113,,,,,,,,,,,,,
herû,L1086582,,,verb,dig,114,,,,,,,,,,,,,
hiāṭu,L1086583,,,verb,examine;search out;supervise;weigh,114,,,,,,,,,,,,,
hilibû,L1086584,,,noun,underworld,115,,,,,,,HI.LI.BA,,,L709283,,,
himiltu,L1086585,,,noun,plan,116,,,,,,,,,,,,,
hubbulu,L1086586,,,adj,indebted,118,,,,,,,,,habullu,,,,
hubšu,L1086587,,,noun,dust;flotsam,118,,,,,,,,,,,,,
hubūru,L1086588,,,noun,noise,118,,,,,,,,,,,,,
huliam,L1086589,,,noun,helmet,119,,,,,,,,,,,,,
hulluqu,,x,,,,,,,,,,,,,,,,,
hurāṣu,L1086590,,,noun,gold,121,,,,,,,KU₃.GI,,,,,,
idu,L1086591,,,noun,arm;side,125,,,,,,,A₂,,,,,,
īdû,L1086592,,,verb,know,432,,,,,,,ZU,,,,,,
igāru,L1086593,,,noun,wall,125,,,,,,,E₂.GAR₈;IZ.ZI,,,,,,
ikkaru,L1086594,,,noun,farmer,126,,,,,,inkaru,LU₂.ENGAR,,,,,,
ikkillu,L1086595,,,noun,"lamentation,clamour",126,,,,,,,AKKIL,,,,,,
ilāni,,x,,,,,,,,,,,,,,,,,
illatu,L1086596,,,noun,group;family clan,127,,,,,,illitu;allatu,ILLAT,,ellutu,,,,
illurtu,L1086597,,,noun,handcuffs,127,,,,,,,,,,,,,
ilu,L1086598,,,noun,god,127,,,,,,,DINGIR,,,,,,
imbaru,L1086599,,,noun,fog;fine drizzle,128,,,,,,ibbaru,MURU₉,,,,,,
imēru,L1086600,,,noun,donkey,128,,,,,,imāru,ANŠE;DUR₃,,emāru,,,,
imittu,L1086601,,,noun,right side,128,,,,,,emittu,ZAG;A₂.ZI;A₂.ZI.DA;15,,,,,,
imittu,L1086602,,,noun,support;imposition;shoulder of animal,128,,,,,,emittu,UZU.ZAG;UZU.ZAG.LU,,,,,,
imtu,L1086603,,,noun,poison,129,,,,,,,,,,,,,
ina,L1086604,,,prep,according to;against;among;around;at;behind;by means of;during;for;from;in consequence of;into;on;through;to;under;with,129,,,,,,,AŠ,,,,,,
Inanna,L1086605,,,pn,goddess of love and war,,,,5;74,,143,Ištar,,,,,,,
Inšušinak,L1086606,,,pn,Elamite god of Susa,,,,5;117,,150,,,,,,,,
īnu,L1086607,,,noun,eye;eye-stone;spring,130,,,,,,,,,,,,,
irtu,L1086608,,,noun,breast;edge;front;towards,131,,,,,,iratu,GABA,,,,,,
išaru,L1086609,,,adj,straight;correct;normal,132,,,,,,išeru,SI.SA₂,,,,,,
išātu,L1086610,,,noun,fire,133,,,,,,,IZI,,,,,,
išdu,L1086611,,,noun,base (a part of the liver);base;stump,133,,,,,,,SUHUŠ;UR₂;DUR₂;DU,,,,,,
išparu,L1086612,,,noun,weaver,134,,,,,,ušparu,LU₂.UŠ.BAR,,,,,,
iṣṣu,L1086613,,,noun,tree;wood,132,,,,,,iṣu,GIŠ,,eṣṣu,,,,
iṣṣur hurri,L1086614,,,noun,rock partridge(?),132,,,,,,,BURU₅.HABRUD.DA,,,,,,
iṣṣuru,L1086615,,,noun,bird,132,,,,,,,MUŠEN,,,,,,
ištānu,L1086616,,,noun,north,135,,,,,,iltānu,IM.SI.SA₂,,,,,,
ištaru,L1086617,,,noun,goddess,135,,,,,,ištartu,DINGIR.INNIN,,,,,,
isu,L1086618,,,noun,jaw,132,,,,,,,UZU.ME.ZE₂.SI,,,,,,
ittu,L1086619,,,noun,character;peculiarity;regularity,137,,,,,,,A₂,,,,,,
ittu,L1086620,,,noun,omen;sign,137,,,,,,,ISKIM,,,,,,
itû,L1086621,,,noun,"boundary,neighbor",137,,,,,,,US₂.SA.DU,,,,,,
izbu,L1086622,,,noun,anomaly;malformed birth,137,,,,,,,,,,,,,
izuzzu,L1086623,,,verb,go to assistance of;make stand;serve;set up;stand;step upon;stop;take up position,138,,,,,,uzuzzu,GUB,,itussu,,,,
kabābu,L1086624,,,verb,burn,139,,,,,,,,,,,,,
kabāsu,L1086625,,,verb,tread;trample,139,,,,,,kabāšu (Am.),ZUKUM,,,,,,
kabāšu,L1086626,,,verb,put headgear on,139,,,,,,,,,,,,,
kabattu,L1086627,,,noun,liver;mind;mood,139,,,,,,,,,,,,,
kabātu,L1086628,,,verb,honour,139,,,,,,,DUGUD,,,,,,
kabbaru,L1086629,,,adj,very thick,140,,,,,,,GUR₄.GUR₄,,,,,,
kabbu,L1086630,,,adj,glowing,140,,,,,,,,,,,,,
kabtu,L1086631,,,adj,heavy;honored,140,,,,,,,DUGUD;IDIM,,,,,,
kadrû,L1086632,,,noun,gift,141,,,,,,,,,,,,,
kakkišu,L1086633,,,noun,weasel,141,,,,,,,,,,,,,
kakku,L1086634,,,noun,weapon-mark;weapon,141,,,,,,,GIŠ.TUKUL,,,,,,
kallâmāri,L1086635,,,adv,in the early morning,142,,,,,,,,,,,,,
kalû,L1086636,,,adj,detained,143,,,,,,,,,,,,,
kalû,L1086637,,,verb,arrest;hinder;hold back,143,,,,,,,GUL,,,,,,
kalû,L1086638,,,noun,lamentation-priest,143,,,,,,,LU₂.GALA,,,,,,
kalû,L1086639,,,det,all;totality;whole,143,,,,,,,DU₃;DU₃.A.BI,,,,,,
kalūmu,L1086640,,,noun,lamb,143,,,,,,,UDU.SILA₄,,,,,,
kalûtu,L1086642,,,noun,discipline of lamentation;textual corpus of lamentation-priests,143,,,,,,,,,,,,,
kamāsu,L1086643,,,verb,collect;gather,144,,,,,,,,,,,,,
kamāsu,L1086644,,,verb,kneel down;kneel;make bow down;make to crouch,144,,,,,,,GAM,,,,,,
kamû,L1086645,,,verb,bind,145,,,,,,,LAL,,,,,,
kamû,L1086646,,,adj,vanquished,144,,,,,,,,,,,,,
kamû,L1086647,,,adj,outer,145,,,,,,kawû,AN.AŠ.A.AN;AŠ.A.AN;BAR;BAR.RA,,,,,,
kandu,L1086648,,,noun,jar,145,,,,,,,,,,,yes,,
kapālu,L1086649,,,verb,roll up,147,,,,,,,,,,,,,
kapāru,L1086650,,,verb,smear,147,,,,,,,,,,,,,
kapāru,L1086651,,,verb,wipe,147,,,,,,,,,,,,,
kapāru,L1086652,,,verb,peel,147,,,,,,,,,,,,,
kapāṣu,L1086653,,,verb,bend back;distort,147,,,,,,,,,,,,,
kappu,L1086654,,,noun,wing,147,,,,,,,PA,,,,,,
kappu,L1086656,,,noun,hand;palm,147,,,,,,,A₂,,,,,,
karābu,L1086657,,,verb,pray;bless;greet,148,,,,,,,ŠUD₃,,,,,,
karāru,L1086658,,,verb,set down;discard,148,,,,,,,,,,,,,
karāṣu,L1086659,,,verb,break off;pinch off,148,,,,,,garāṣu;harāṣu,,,,,,,
karātu,L1086660,,,verb,cut off,149,,,,,,,KID₂,,,,,,
karšu,L1086661,,,noun,centre;mind;stomach,149,,,,,,,,,,,,,
karṣu,L1086662,,,noun,slander,149,,,,,,,EME.SIG,,,,,,
kartu,L1086663,,,adj,shredded,149,,,,,,,,,,,,,
karû,L1086664,,,verb,be(come) short;diminish,150,,,,,,,LUGUD₂,,,,,,
kašādu,L1086665,,,verb,achieve;arrive;conquer,152,,,,,,,KUR,,,,,,
kasāmu,L1086666,,,verb,chop,150,,,,,,,GAZ,,,,,,
kasāpu,L1086667,,,verb,break (into bits);cut,150,,,,,,,,,,,,,
kasāpu,L1086668,,,verb,make funerary offering,150,,,,,,,,,,,,,
kašāpu,L1086669,,,verb,cast spells,152,,,,,,,,,,,,,
kaṣāru,L1086670,,,verb,tie;gather,151,,,,,,,KEŠDA;KAD₂;KAD₃,,,,,,
kaṣāṣu,L1086671,,,verb,grind;grate,151,,,,,,,KA.GUZ,,,,,,
kašdu,L1086672,,,adj,achieved;arrived;conquered,152,,,,,,,KUR,,,,,,
kasmu,L1086673,,,adj,chopped,150,,,,,,,,,,,,,
kaspu,,x,,adj,broken,,,,,,,,,,,,,,
kaspu,L1086674,,,noun,money;silver,150,,,,,,,KU₃.BABBAR,,,,,,
kašpu,,x,,,,,,,,,,,,,,,,,
kaṣru,L1086675,,,adj,firmly joined;solid,151,,,,,,,,,,,,,
kasû,L1086676,,,verb,bind,150,,,,,,,,,,,,,
kasû,L1086677,,,noun,(a spice plant),150,,,,,,,,,,,,,
kaṣû,L1086678,,,verb,cool down,151,,,,,,,ŠED₇,,,,,,
kaṣû,L1086679,,,adj,cold,151,,,,,,,ŠED₇,,,,,,
kâṣu,L1086680,,,verb,flay,152,,,,,,,,,,,,,
kāsu,L1086681,,,noun,cup,151,,,,,,,GAL,,,,,,
katāmu,L1086682,,,verb,cover,153,,,,,,,DUL,,,,,,
katāru,L1086683,,,verb,get help,153,,,,,,,,,,,,,
katāru,L1086684,,,verb,hesitate;wait,153,,,,,,,,,,,yes,,
kātimtu,L1086685,,,noun,net for birds;a kind of door,153,,,,,,,,,,,,,
katmu,L1086686,,,adj,covered,153,,,,,,,,,,,,,
kerṣu,L1086687,,,noun,pinced-off piece;lump,155,,,,,,gerṣu,,,,,,,
kiāšu,L1086688,,,verb,help,155,,,,,,,,,,,,,
kibrat erbetti,L1086689,,,noun,four edges of the world,156,,,,,,,UB.DA.LIMMU₂.DA,,,,,,
kibru,L1086690,,,noun,bank;shore,156,,,,,,,PIŠ₁₀,,,,,,
kigallu,L1086691,,,noun,pedestal;socle,156,,,,,,,KI.GAL,,,,,,
kilīlu,L1086692,,,noun,wreath,157,,,,,,,GILIM,,,,,,
kīlu,L1086693,,,noun,captivity;prison,157,,,,,,,KI.ŠU₂,,,,,,
kilūbu,L1086694,,,noun,cage;trap,157,,,,,,,,,,,,yes,
kimtu,L1086695,,,noun,family,158,,,,,,kintu,IM.RI.A,,,,,,
kindabašše,L1086696,,,noun,loincloth,158,,,,,,kindabasse,,,,,,,
kīnu,L1086697,,,adj,permanent;firm;true,159,,,,,,kēnu,GIN;GI.NA,,,,,,
kippatu,L1086698,,,noun,circle;circumference;perimeter,159,,,,,,,GAM,,,,,,
kirinnu,L1086699,,,noun,clay lump,160,,,,,,,,,,yes,,,
kirû,L1086700,,,noun,plantation;orchard,160,,,,,,,GIŠ.KIRI₆,,,L751517,,,
kišād nāri,L1087169,,,noun,river bank,,,K 449,,,,,,,,,,,
kišādu,L1086701,,,noun,neck;necklace,161,,,,,,,UZU.GU₂,,,,,,
kisallu,L1086702,,,noun,courtyard,160,,,,,,,KISAL,,,L701614,,,
kisittu,L1086703,,,noun,branch;stem,161,,,,,,,,,,,,,
kispu,L1086704,,,noun,funerary offering,161,,,,,,,KI.SI₃.GA,,,,,,
kiṣru,L1086705,,,noun,knot;concentration;group;rental,161,,,,,,,KEŠDA;KA.KEŠDA;I₃.KEŠDA,,,,,,
kiṣru šatû,,x,,,,,,,,,,,,,,,,,
kiššatu,L1086706,,,noun,totality;world,162,,,,,,,ŠU₂;ŠAR₂;KIŠ;KI.ŠAR₂.RA,,,,,,
kiṣṣu,L1086707,,,noun,shrine,161,,,,,,,ITIMA,,,,,,
kišukku,L1086708,,,noun,grate,161,,,,,,,,,,,,,
kitû,L1086709,,,noun,flax;linen;linen garment,163,,,,,,,TUG₂.GADA,,,,,,
kubšu,L1086710,,,noun,headcloth;turban,164,,,,,,,TUG₂.SAGŠU,,,,,,
kullulu,L1086711,,,verb,veil;crown,166,,,,,,,,,,,,,
kullulu,L1086712,,,adj,veiled;crowned,166,,,,,,,,,,,,,
kummusu,,x,,,,,,,,,,,,,,,,,
kunukku,L1086713,,,noun,seal;sealed tablet;vertebra,167,,,,,,,KIŠIB,,,,,,
kuppuṣu,,x,,,,,,,,,,,,,,,,,
kurrû,L1086714,,,adj,short,169,,,,,,,,,,,,,
kursimtu,L1086715,,,noun,scale;plate,169,,,,,,kurṣimtu;kursittu,,,,,,,
kursinnu,L1086716,,,noun,kursinnu,169,,,,,,,,,,,,,
kurṣiptu,L1086717,,,noun,butterfly,169,,,,,,,,,,,,,
kurummutu,L1086718,,,noun,rations,169,,,,,,kurmatu,ŠUK;ŠUK.HI.A,,,,,,
kussû,L1086719,,,noun,chair;sedan chair;throne,170,,,,,,,GIŠ.GU.ZA;GIŠ.AŠ.TE,,,,,,
kuššudu,L1086720,,,adj,chased (off),171,,,,,,,,,,,,,
kūṣu,L1086721,,,noun,cold;winter,170,,,,,,,EN.TE.NA,,,,,,
labābu,L1086722,,,verb,rage,,,B 7,,,,,,,,,,,
labānu,L1086723,,,verb,stroke;mold bricks,174,,,,,,,,,,,,,
labāšu,L1086724,,,verb,clothe oneself,174,,,,,,,,,,,,,
labbu,L1086725,,,noun,lion,,,B 24,,,,,,,,,,,
labbu,L1086726,,,adj,raging,,,B 24,,,,,,,,,,,
lagā'u,L1086727,,,noun,scale;dirt;scum,175,,,,,,,,,,,,,
lagabbu,L1086728,,,noun,lump;clot,175,,,,,,,,,,,,,
lalā'u,L1086729,,,noun,young goat,176,,,,,,laliu;lalû,,,,,,,
lamassu,L1086730,,,noun,(female) tutelary deity,177,,,,,,,DINGIR.LAMMA,,,,,,
lamaštu,L1086731,,,noun,a demoness attacking new-borns,177,,,,,,,DINGIR.DIM₃.ME,,,,,,
lānu,L1086732,,,noun,body;figure;trunk,177,,,,,,,ALAN,,,,,,
lapātu,L1086733,,,verb,touch;affect;ruin,177,,,,,,,TAG,,,,,,
laptu,L1086734,,,adj,touched;affected;ruined,177,,,,,,,TAG,,,,,,
laqātu,L1086735,,,verb,gather up;glean,177,,,,,,,,,,,,,
lardu,L1086736,,,noun,a type of grass,178,,,,,,,U₂.KI.KAL.HI.RI.IN,,,,,,
lawû,L1086737,,,verb,surround;besiege,179,,,,,,,NIGIN,,,,,,
lawû,L1086738,,,adj,besieged;surrounding,179,,,,,,,,,,,,,
lemnu,L1086739,,,adj,bad,180,,,,,,,HUL,,,,,,
leqû,L1086740,,,verb,take,180,,,,,,,ŠU.TI;TI;ŠU.BA.AN,,,,,,
leqû,L1086741,,,adj,acquired;adopted,180,,,,,,,,,,,,,
lētu,L1086742,,,noun,cheek;side,180,,,,,,,TE,,,,,,
libbu,L1086743,,,noun,heart;inner body,181,,,,,,,ŠA₃,,,,,,
libittu,L1086744,,,noun,mudbrick,181,,,,,,,SIG₄,,,,,,
līpu,L1086746,,,noun,descendant,183,,,,,,lēpu,NUNUZ,,,,,,
lišānu,L1086747,,,noun,tongue;language,183,,,,,,,EME,,,,,,
lu''û,L1086748,,,verb,make dirty,186,,,,,,,,,,,,,
lubāru,L1086749,,,noun,garment,184,,,,,,,TUG₂.HI.A,,,,,,
lubuštu,L1086750,,,noun,clothes,184,,,,,,,SIKI.BA;TUG₂.HI.A,,,,,,
lumāšu,L1086751,,,noun,constellation,185,,,,,,,,,,,,,
madādu,L1086752,,,verb,measure,187,,,,,,,AGA₂,,,,,,
magāgu,L1086753,,,verb,have cramps;stick out,188,,,,,,,,,,,,,
magarru,L1086754,,,noun,chariot;wheel,188,,,,,,,GIŠ.UMBIN,,,,,,
mahāru,L1086755,,,verb,face;confront;receive,189,,,,,,,IGI,,,,,,
mahāṣu,L1086756,,,verb,beat;weave,190,,,,,,,SIG₃;RA,,,,,,
māhāzu,L1086757,,,noun,cult centre,190,,,,,,,KI.ŠU.PEŠ₅,,,,,,
mahhû,L1086758,,,noun,ecstatic prophet,190,,,,,,muhhû,LU₂.GUB.BA,,,,,,
mahru,L1086759,,,noun,front;past,191,,,,,,,IGI,,,,,,
mahru,L1086760,,,adj,acceptable;received;withstood,191,,,,,,,IGI,,,,,,
mahrû,L1086761,,,adj,former;older,191,,,,,,,IGI,,,,,,
mahṣu,L1086762,,,adj,beaten;smitten,191,,,,,,,,,,,,,
mahû,L1086763,,,verb,rave,191,,,,,,,,,,,,,
mākālu,L1086764,,,noun,food;meal,191,,,,,,,,,,,,,
makāsu,L1086765,,,verb,levy customs or rental dues,191,,,,,,,,,,,,,
makāṣu,L1086766,,,noun,slaughtering block,191,,,,,,,,,,,,,
maksû,L1086767,,,noun,fetters;bandage,192,,,,,,,,,,,,,
malahhu,L1086768,,,noun,sailor,192,,,,,,malāhu,LU₂.MA₂.LAH₄;LU₂.MA₂.LAH₅,,,,,,
malīlu,L1086769,,,noun,flute,193,,,,,,,GI.GID₂,,,,,,
mamītu,L1086770,,,noun,oath;curse,194,,,,,,,NAM.ERIM₂,,,,,,
maqātu,L1086771,,,verb,fall,196,,,,,,,ŠUB,,,,,,
maqlû,L1086772,,,noun,burning,196,,,,,,,,,,,,,
Maqlû,L1086773,,,noun,anti-witchcraft composition,196,,,,,,,,,,,,,
marāqu,L1086774,,,verb,rub smooth;grind,197,,,,,,,,,,,,,
marāṣu,L1086775,,,verb,be ill;be difficult,197,,,,,,,GIG,,,,,,
Marduk,L1086776,,,pn,god of Babylon,,,,7;360,,201,,,,,,,,
markasu,L1086777,,,noun,bond;moorings;rope,198,,,,,,,DUR,,,,,,
marru,L1086778,,,adj,bitter,198,,,,,,,SES,,,,,,
marru,L1086779,,,noun,shovel,198,,,,,,,GIŠ.MAR;URUDU.MAR,,,,,,
marṣu,L1086780,,,adj,ill;difficult,198,,,,,,,,,,,,,
mārtu,L1086781,,,noun,daughter;girl,198,,,,,,,DUMU.MUNUS,,,,,,
māru,L1086782,,,noun,son;descendant,199,,,,,,,DUMU,,,,,,
maṣallu,L1086783,,,noun,shelter;sleeping place,200,,,,,,,,,,,,,
mašāšu,L1086784,,,verb,wipe off,201,,,,,,,,,,,,,
mašennu,L1086785,,,noun,treasurer,201,,,,,,,LU₂.AGRIG,,,,,,
maṣhatu,L1086786,,,noun,a kind of flour,200,,,,,,,ZI₃.MA.AD.GA;ZI₃.MAD.AD.GA,,,,,,
mašku,L1086787,,,noun,hide;leather;skin,202,,,,,,,KUŠ,,,,,,
mašmaššu,L1086788,,,noun,incantation priest,202,,,,,,,LU₂.MAŠ.MAŠ,,,,,,
mašqaltu,L1086789,,,noun,scales;payment,203,,,,,,,,,,,,,
maṣṣartu,L1086790,,,noun,garrison;guard;observation;watch,200,,,,,,,EN.NUN,,,,,,
mašû,L1086791,,,adj,forgotten,203,,,,,,,,,,,,,
māt Aššur,L1086792,,,noun,land of Assyria,,,M1 417,,,,,,,,,,,
matqu,L1086793,,,adj,sweet,204,,,,,,,KU₇.KU₇,,,,,,
mâtu,L1086794,,,verb,die,204,,,,,,,UŠ₂,,,,,,
mātu,L1086795,,,noun,area;land,204,,,,,,,KUR,,,,,,
mazû,L1086796,,,adj,squeezed,205,,,,,,,KAŠ.SUR.RA,,,,,,
melammu,L1086797,,,noun,awesome radiance,207,,,,,,,ME.LAM,,,,,,
mešrēti,L1086798,,,noun,limbs,209,,,,,,,A₂.UR₂,,,,,,
mesû,L1086799,,,verb,wash,208,,,,,,masû,LUH,,masā'u,,,,
mesû,L1086800,,,adj,washed;pure,208,,,,,,,,,,,,,
mihiṣtu,L1086801,,,noun,blow;cuneiform sign,210,,,,,,,,,,,,,
mīlu,L1086802,,,noun,flood,210,,,,,,,ILLU,,,,,,
minûtu,L1086803,,,noun,counting;physique,211,,,,,,,ŠITI,,,,,,
mīrānu,L1086804,,,noun,puppy,211,,,,,,mērānu,,,,,,,
misarru,L1086805,,,noun,"belt,band",211,,,,,,,KUŠ.E.IB₂,,,,,,
miṭirtu,L1086806,,,noun,watercourse,213,,,,,,miṭru;miṭratu,,,,,,,
miṭṭu,L1086807,,,noun,divine weapon,213,,,,,,,GIŠ.TUKUL.DINGIR,,,,,,
mītu,L1086808,,,adj,dead,213,,,,,,,UŠ₂,,,,,,
mû,L1086809,,,noun,watercourse,213,,,,,,,A;A.MEŠ,,,,,,
muddudu,,x,,,,,,,,,,,,,,,,,
muhhu,L1086810,,,noun,about;brain;concerning;for;in charge of;in;on;over;skull;to;top,215,,,,,,,UGU,,,,,,
mukanzibtu,L1086811,,,noun,water clock,215,,,,,,,,,,,,,
mukru,L1086812,,,noun,loincloth,216,,,,,,,,,,,,,
muma''iru,L1086813,,,noun,commander,216,,,,,,,LU₂.GAL.UKKIN,,,,,,
mungu,L1086814,,,noun,cramp,217,,,,,,muggu,,,,,,,
muraššû,L1086815,,,noun,one who does wrong;quarreler;a wildcat,218,,,,,,,,,,,,,
mūru,L1086816,,,noun,calf;young foal,219,,,,,,,DUR₃,,,,,,
mušarû,L1086817,,,noun,inscription,221,,,,,,musarû;mušarrû,MU.SAR,,,,,,
mušhuššu,L1086818,,,noun,serpent-dragon,222,,,,,,,MUŠ.HUŠ,,,,,,
mūšu,L1086819,,,noun,night,224,,,,,,,GE₆,,,,,,
nabalkutu,L1086820,,,verb,cross over;revolt;oppose,227,,,,,,,BALA,,,,,,
nabalkutu,L1086821,,,adj,overturned;rebellious;turned upside down,227,,,,,,,,,,,,,
nabāṭu,L1086822,,,verb,be bright;shine,228,,,,,,,,,,,,,
nabnītu,L1086823,,,noun,creation,228,,,,,,,,,,,,,
nabṭû,L1086824,,,noun,horizon,228,,,,,,,,,,,,,
nabû,L1086825,,,adj,called;named,228,,,,,,,,,,,,,
nabû,L1086826,,,verb,appoint;call;name,228,,,,,,,SA₄,,,,,,
nadānu,L1086827,,,verb,give,229,,,,,,,SUM,,,,,,
nadû,L1086832,,,adj,abandoned;set down;,230,,,,,,,ŠUB,,,,,,
nadû,L1086833,,,verb,throw down;lay down,230,,,,,,,ŠUB,,,,,,
nagarruru,,x,,verb,writhe;grovel,285,,,,,,,,,,,,,
naharmuṭu,L1086834,,,verb,dissolve;melt,231,,,,,,,,,,,,,
naharmuṭu,,x,,adj,melted,,,,,,,,,,,,,,
nahīru,L1086835,,,noun,nostril,232,,,,,,,KA.BUN₂,,,,,,
nahlaptu,L1086836,,,noun,garment;cloak;coat,232,,,,,,,TUG₂.GU₂.E₃.A,,,,,,
nâhu,L1086837,,,verb,rest,232,,,,,,,HUN.GA₂,,,,,,
nakādu,L1086838,,,verb,beat;throb,233,,,,,,,,,,,,,
nakāpu,L1086839,,,verb,push;thrust,233,,,,,,,DU₇,,,,,,
nakāsu,L1086840,,,verb,"cut,fell",233,,,,,,,KUD,,,,,,
nakāšu,L1086841,,,verb,set aside,233,,,,,,,,,,,,,
nakru,L1086842,,,adj,strange;foreign;hostile,234,,,,,,,KUR₂,,,,,,
naksu,L1086843,,,adj,cut (off);slaughtered,234,,,,,,,,,,,,,
nalšu,L1086844,,,noun,(nocturnal) dew,234,,,,,,,ŠEG₃,,,,,,
nâlu,L1086845,,,verb,lie down,235,,,,,,niālu,NU₂,,,,,,
nammaštû,L1086846,,,noun,"moving things,animals",236,,,,,,,A.ZA.LU.LU;NIG₂.ZI.GAL₂,,,,,,
namzāqu,L1086847,,,noun,key,237,,,,,,,GIŠ.E₁₁,,,,,,
namzītu,L1086848,,,noun,mash tub,237,,,,,,,DUG.NIG₂.DUR₂.BUR₃,,,,,,
nannāru,L1086849,,,noun,light (of the sky),237,,,,,,,DINGIR.NANNA,,,,,,
napalsuhu,L1086850,,,verb,prostrate oneself,237,,,,,,,,,,,,,
napālu,L1086851,,,verb,dig out;demolish,237,,,,,,,,,,,,,
napaštu,L1086852,,,noun,life;throat,238,,,,,,napaltu;napšutu;napšatu,,,,,,,
napāšu,L1086853,,,verb,"breathe,become wide",238,,,,,,,PEŠ₅;PA.AN,,,,,,
napāšu,L1086854,,,verb,pluck,238,,,,,,,,,,,,,
Napiriša,L1086855,,,pn,"Elam deity, possibly a moon god",,,,9;163,,228,,,,,,,,
naplusu,,x,,,,,,,,,,,IGI.BAR,,,,,,
naprušu,L1086856,,,verb,fly,239,,,,,,,DAL,,,,,,
naqāru,L1086857,,,verb,demolish,240,,,,,,,,,,,,,
narāmu,L1086858,,,noun,beloved,241,,,,,,,,,,,,,
narkabtu,L1086859,,,noun,chariot,242,,,,,,,GIŠ.GIGIR,,,,,,
nāru,L1086860,,,noun,musician;singer,242,,,,,,,LU₂.NAR,,,,,,
nāru,L1086861,,,noun,canal;river,242,,,,,,,ID₂,,,,,,
našābu,L1086862,,,verb,blow away,245,,,,,,,,,,,,,
nasāhu,L1086863,,,verb,"tear out, draw out",242,,,,,,,ZI,,,,,,
našāku,L1086864,,,verb,bite,244,,,,,,,ZU₂.KUD,,,,,,
našāru,L1086865,,,verb,"deduct,reduce",245,,,,,,,,,,,,,
naṣāru,L1086866,,,verb,guard;keep guard;keeping guard;look for;observe;protect;protection;watch,244,,,,,,,URU₃,,,,,,
nasāsu,L1086867,,,verb,moan,243,,,,,,,,,,,,,
našāšu,L1086868,,,verb,shake,245,,,,,,,,,,,,,
nashuru,L1086869,,,noun,favourable attention,243,,,,,,,,,,,,,
našru,L1086870,,,noun,eagle,245,,,,,,,,,,,,,
našû,L1086871,,,verb,"lift,carry",246,,,,,,,IL₂,,,,,,
našû,L1086872,,,adj,"lifted,carried",246,,,,,,,,,,,,,
nâšu,L1086873,,,verb,rock;shift,246,,,,,,,TUKU₄,,,,,,
naṭālu,L1086874,,,verb,look at,247,,,,,,,IGI;IGI.DU₈;IGI.GAL₂,,,,,,
naṭû,L1086875,,,verb,beat;flog,247,,,,,,,,,,,,,
naṭû,L1086876,,,adj,suitable,247,,,,,,,,,,,,,
nawāru,L1086877,,,verb,be bright;shine,247,,,,,,,ZALAG₂,,,,,,
nazāzu,L1086878,,,verb,make swIshing sound,248,,,,,,,,,,,,,
ne'û,L1086879,,,verb,turn around,251,,,,,,,,,,,,,
nēbuhu,L1086880,,,noun,belt,248,,,,,,,TUG₂.IB₂.LA₂,,,,,,
nēhu,L1086881,,,adj,calm;quiet,249,,,,,,,,,,,,,
nekelmû,L1086882,,,verb,glare at,249,,,,,,,,,,,,,
nēmelu,L1086883,,,noun,profit,249,,,,,,,A₂.TUKU,,nēmulu,,,,
nēmequ,L1086884,,,noun,wisdom,249,,,,,,,NAM.KU₃.ZU,,,,,,
nepelkû,L1086885,,,verb,be wide,250,,,,,,nepalkû,,,,,,,
neqelpû,L1086886,,,verb,glide;sail downstream,250,,,,,,,DIRI,,,,,,
nērāru,L1086887,,,noun,aid,250,,,,,,ne'rāru,ERIN₂.TAH₂,,,,,,
nêru,L1086888,,,verb,kill,250,,,,,,,SAG.GIŠ.RA,,,,,,
nēšu,L1086889,,,noun,lion,251,,,,,,,UR.MAH;UR.A,,,,,,
Nineveh,L1086890,,,pn,Capital of neo-assyrian empire,,,,9;388,,,,,,,,,,
Ningirsu,L1087171,,,pn,tutelary god of Lagash and Girsu,,,,9;512,,251,Ninurta,,,,,,,
nīqu,L1086891,,,noun,offering,254,,,,,,,UDU.SISKUR₂;UDU.SISKUR,,,,,,
nīš ili,L1086892,,,noun,oath on life of the gods,256,,,,,,,,,,,,,
niṣirtu,L1086893,,,noun,secret;treasure,255,,,,,,,MUNUS.URU₃,,,,,,
nišû,L1086894,,,noun,people,255,,,,,,nīšû;nēšû,UN.MEŠ,,,,,,
nīšu,L1086895,,,noun,(oath on the) life,256,,,,,,,MU,,,,,,
nīšu,L1086896,,,noun,glance (of favour);honour;lifting,256,,,,,,,IL₂;ZI.GA,,,,,,
nuhšū,L1086897,,,noun,abundance;prosperity,257,,,,,,,HE₂.NUN,,,,,,
nūnu,L1086898,,,noun,fish,258,,,,,,,KU₆,,,,,,
pa'āṣu,L1086899,,,verb,crush;break up,260,,,,,,pêṣu,,,,,,,
padû,L1086900,,,verb,spare;set free,260,,,,,,,,,,,,,
pagālu,L1086901,,,verb,be strong,260,,,,,,,,,,,,,
pagru,L1086902,,,noun,body;corpse,261,,,,,,,AD₆,,,,,,
pahādu,L1086903,,,verb,be afraid,260,,,,,,,,,,,,yes,
pahāru,L1086904,,,verb,assemble;gather,261,,,,,,,NIGIN,,,,,,
pahāru,L1086905,,,noun,potter,261,,,,,,,LU₂.BAHAR₂,,,L700735,,,
palāhu,L1086906,,,verb,fear,261,,,,,,,MUD,,,,,,
palāsu,L1086907,,,verb,look at,261,,,,,,,,,,,,,
palgu,L1086908,,,noun,ditch,262,,,,,,,PA₅,,,,,,
palû,L1086909,,,noun,dynasty;period of office;regnal year;reign;staff,262,,,,,,,BALA,,,L721514,,,
panātu,L1086910,,,noun,front part,263,,,,,,,IGI,,,,,,
panītu,L1086911,,,noun,earlier time,263,,,,,,,,,,,,,
panû,L1086912,,,verb,face;be ahead,263,,,,,,,,,,,,,
pānu,L1086913,,,noun,face;front,263,,,,,,,IGI,,,,,,
pānû,L1086914,,,adj,previous,263,,,,,,,,,,,,,
paqādu,L1086915,,,verb,"entrust,appoint",264,,,,,,,,,,,,,
paqdu,L1086916,,,adj,appointed;entrusted,264,,,,,,,,,,,,,
par'u,L1086917,,,adj,sliced,267,,,,,,,,,,,,,
parā'u,L1086918,,,verb,sprout,266,,,,,,,,,,,,,
parā'u,L1086919,,,verb,slice through,266,,,,,,parāhu,,,,,,,
parādu,L1086920,,,verb,be scared,264,,,,,,,,,,,,,
parāku,L1086921,,,verb,lay across;block,265,,,,,,parāhu,GIB,,,,,,
parāsu,L1086922,,,verb,divide;decide,265,,,,,,,KUD,,,,,,
parīsu,L1086923,,,noun,punting pole;rudder,266,,,,,,,,,,,,,
parsu,L1086924,,,adj,divided;decided,266,,,,,,,,,,,,,
parṣu,L1086925,,,noun,rites;cultic function,267,,,,,,,GARZA;MAR.ZA,,,,,,
pašāhu,L1086926,,,verb,cool down;rest,268,,,,,,,SED,,,,,,
pasāmu,L1086927,,,verb,veil,268,,,,,,,,,,,,,
pašāqu,L1086928,,,verb,be narrow;be difficult,269,,,,,,,,,,,,,
pašāru,L1086929,,,verb,release;set free,269,,,,,,,BUR₂,,,,,,
pašāṭu,L1086930,,,verb,erase,269,,,,,,,LAL,,,,,,
pašru,L1086931,,,adj,released;undone,269,,,,,,,BUR₂,,,,,,
paššuru,L1086932,,,noun,table,270,,,,,,,GIŠ.BANŠUR,,,L716960,,,
pāštu,L1086933,,,noun,ax,270,,,,,,,URUDU.DUR₁₀.TAB.BA,,,,,,
pašû,L1086934,,,verb,exhale,270,,,,,,,,,,,,,
pāšu,L1086935,,,noun,ax,270,,,,,,,GIN₂,,,,,,
patālu,L1086936,,,verb,twist,270,,,,,,,,,,,,,
patānu,L1086937,,,verb,dine,270,,,,,,,,,,,,,
patānu,L1086938,,,verb,become strong,270,,,,,,petēnu,,,,,,,
paṭāru,L1086939,,,verb,loosen;release,271,,,,,,,DU₈,,,,,,
patru,L1086940,,,noun,dagger;sword,270,,,,,,,GIR₂,,,,,,
paṭru,L1086941,,,adj,released;loosened,271,,,,,,,,,,,,,
pāṭu,L1086942,,,noun,border;limit,271,,,,,,,ZAG,,,,,,
pazāru,L1086943,,,verb,hide,271,,,,,,,,,,,,,
pehû,L1086944,,,verb,close;block off,272,,,,,,,UŠ₂,,,,,,
pehû,L1086945,,,adj,closed,272,,,,,,,SAG.GI₄,,,,,,
pelludû,L1086946,,,noun,cultic rites,272,,,,,,billudû;pilludû,,,,L711404,,,
pelû,L1086947,,,adj,red,272,,,,,,,,,,,,,
pelû,L1086948,,,verb,be red,272,,,,,,,,,,,,,
pelû,L1086949,,,noun,egg,272,,,,,,,NUNUZ,,,,,,
pēmtu,L1086950,,,noun,charcoal,272,,,,,,,NE,,,,,,
pēmu,L1086951,,,noun,(upper) thigh,272,,,,,,,HAŠ₂.GAL;UZU.UR₂,,,,,,
pērtu,L1086952,,,noun,hair (of head),273,,,,,,,,,,,,,
pesēnu,L1086953,,,verb,cover up;veil,273,,,,,,,,,,,,,
peṣû,L1086954,,,adj,white;bare,273,,,,,,paṣ'u;paṣû,BABBAR,,,,,,
petû,L1086955,,,adj,distant;open;spread out,273,,,,,,,,,,,,,
petû,L1086956,,,verb,open;open up,273,,,,,,,BAD,,,,,,
piāqu,L1086957,,,verb,make narrow,274,,,,,,,,,,,,,
pīhātu,L1086958,,,noun,province;responsibility;provincial governor,274,,,,,,pāhātu,NAM,,,,,,
pilku,L1086959,,,noun,demarcated zone;work assignment,274,,,,,,,,,,,,,
pišannu,L1086960,,,noun,box;chest,276,,,,,,pisannu,GIŠ.PISAN;GI.PISAN,,,,,,
pitiltu,L1086961,,,noun,cord,276,,,,,,,ŠU.SAR,,,,,,
pû,L1086962,,,noun,chaff;hay,277,,,,,,pā'u;pīu,IN.BUBBU,,,,,,
pû,L1086963,,,noun,mouth;word,277,,,,,,pā'u;pīu,KA,,,,,,
puhādu,L1086964,,,noun,lamb,277,,,,,,,SILA₄,,,,,,
puhhu,L1086965,,,verb,exchange,277,,,,,,,,,,,,,
puhhuru,L1086966,,,adj,assembled,277,,,,,,,,,,,,,
puhpuhhû,L1086967,,,noun,brawl,277,,,,,,,,,,,,,
puhru,L1086968,,,noun,assembly,277,,,,,,,UKKIN,,,,,,
puhru,,x,,adj,gathered,,,,,,,,,,,,,,
pukkuru,L1086969,,,verb,tie up,278,,,,,,,,,,,yes,,
pulukku,L1086970,,,noun,needle;stake,278,,,,,,,BULUG,,,,,,
pūtu,L1086971,,,noun,forehead,278,,,,,,,SAG.KI,,,,,,
pūtu,L1086972,,,noun,opening,280,,,,,,,,,,,,,
qablu,L1086973,,,noun,battle;onslaught,281,,,,,,,MURU₂,,,,,,
qablu,L1086974,,,noun,hips;center,281,,,,,,,MURU₂,,,,,,
qablu,L1086975,,,noun,grove,281,,,,,,,MURU₂,,,,,,
qabû,,x,,adj,ordered;said,,,,,,,,,,,,,,
qabû,L1086976,,,verb,say;command,282,,,,,,,DU₁₁,,,,,,
qadādu,L1086977,,,verb,bend down,282,,,,,,,,,,,,,
qaddu,L1086978,,,adj,bent down,282,,,,,,,,,,,,,
qalāpu,L1086979,,,verb,peel,283,,,,,,,,,,,,,
qalliš,L1086980,,,adv,lightly,283,,,,,,,,,,,,,
qallu,L1086981,,,adj,light;slight,283,,,,,,,QAL₃,,,,,,
qan ṭuppi,L1086982,,,noun,writing reed,284,,,,,,,GI.DUB.BA,,,,,,
qannu,L1086983,,,noun,edge;border,284,,,,,,,SI,,,,,,
qanû,L1086984,,,noun,reed,284,,,,,,,GI,,,,,,
qaqqadu,L1086985,,,noun,head,284,,,,,,,SAG.DU,,,,,,
qaqqaru,L1086986,,,noun,ground,284,,,,,,,KI,,,,,,
qarābu,L1086987,,,noun,battle,285,,,,,,,,,,,yes,,
qarāru,L1086988,,,verb,writhe;grovel,285,,,,,,,,,,,,,
qarnu,L1086989,,,noun,horn,285,,,,,,,SI,,,,,,
qaštu,L1086990,,,noun,archer;bow,286,,,,,,,GIŠ.PAN,,,,,,
qatānu,L1086991,,,verb,be thin;narrow,286,,,,,,,SIG,,,,,,
qatāru,L1086992,,,noun,fumigant,286,,,,,,,,,,,,,
qatāru,L1086993,,,verb,smoke;be gloomy,286,,,,,,,,,,,,,
qatru,L1086994,,,adj,smoky,286,,,,,,,,,,,,,
qātu,L1086995,,,noun,hand,287,,,,,,,ŠU,,,,,,
qebēru,L1086996,,,verb,bury,287,,,,,,qabāru,,,,,,,
qebēru,L1086997,,,verb,burial;bury,288,,,,,,,KU.NU,,,,,,
qerû,L1086998,,,verb,call;invite,288,,,,,,,,,qarā'u,,,,
qiāšu,L1086999,,,verb,bestow,289,,,,,,,BA,,,,,,
qibītu,L1087000,,,noun,command;prayer;speech,289,,,,,,,DU₁₁.GA,,,,,,
qimmatu,L1087001,,,noun,plume,289,,,,,,,SUHUR,,,,,,
qinnatu,L1087002,,,noun,butt,289,,,,,,,GU.DU,,,,,,
qinnu,L1087003,,,noun,nest,289,,,,,,,GUD₃,,,,,,
qû,L1087004,,,noun,thread,290,,,,,,,GU,,,,,,
qû,L1087005,,,noun,a unit of capacity (approx. 1 liter),290,,,,,,,SILA₃,,,,,,
qu'û,L1087006,,,verb,to wait,298,,,,,,,,,,,,,
quppu,L1087007,,,noun,basket;box,291,,,,,,,,,,,,,
qurbu,L1087008,,,adj,near,291,,,,,,,,,,,,,
qurbu,L1087009,,,noun,neighbour;relative,291,,,,,,,,,,,,,
qurbūtu,L1087010,,,noun,closeness,291,,,,,,,,,,,,,
qurdu,L1087011,,,noun,heroic acts;heroism,291,,,,,,,,,,,,,
qurpissu,L1087012,,,noun,chainmail hood,291,,,,,,,,,,,,,
ra'ābu,L1087013,,,verb,tremble,293,,,,,,,,,,,,,
rabbu,L1087014,,,adj,soft;gentle,294,,,,,,,,,,,,,
rabû,L1087015,,,verb,be big,294,,,,,,,GAL,,,,,,
rabû,L1087016,,,adj,big,294,,,,,,,GAL,,,,,,
rabû,L1087017,,,noun,magnate,294,,,,,,,,,,,,,
rabû,L1087018,,,verb,set (of heavenly bodies),294,,,,,,,ŠU₂,,,,,,
radāpu,L1087019,,,verb,pursue,295,,,,,,,,,,,,,
ragāmu,L1087020,,,verb,shout;raise claim,295,,,,,,,KA.GA,,,,,,
rahāšu,L1087021,,,verb,move,295,,,,,,,,,,,,,
rahāṣu,L1087022,,,verb,flood;wash,295,,,,,,,RA,,,,,,
rahāṣu,L1087023,,,verb,trust,295,,,,,,,,,,,,,
rahṣu,,x,,adj,confident,,,,,,,,,,,,,,
rahṣu,L1087024,,,adj,drenched;destroyed,295,,,,,,,,,,,,,
rakāsu,L1087025,,,verb,bind,296,,,,,,,KEŠDA,,,,,,
raksu,L1087026,,,adj,bound;tied;recruited,297,,,,,,,LAL,,,,,,
ramāku,L1087027,,,verb,bathe,297,,,,,,,TU₅,,,,,,
ramānu,L1087028,,,noun,self,297,,,,,,,,,ramunu,,,,
rammû,,x,,adj,slack;released,,,,,,,,,,,,,,
ramû,L1087029,,,verb,slacken;become loose,297,,,,,,,,,ramā'u,,,,
ramû,L1087030,,,verb,throw down,297,,,,,,,RI,,,,,,
ramû,L1087031,,,verb,settle,,,,,,,,,,,,,,
ramû,L1087032,,,adj,slack;released,297,,,,,,,,,,,,,
râmu,L1087033,,,noun,love,297,,,,,,ra'āmu,,,,,,,
râmu,L1087034,,,verb,love,297,,,,,,,AG₂,,ra'āmu,,,,
râmu,L1087035,,,verb,endow,298,,,,,,,,,,,,,
rapāšu,L1087036,,,verb,be wide,298,,,,,,,DAGAL,,,,,,
rapšu,L1087037,,,adj,wide,298,,,,,,,DAGAL,,,,,,
raqādu,L1087038,,,verb,dance,298,,,,,,,,,,,,,
raṣāpu,L1087039,,,verb,build,299,,,,,,,,,,,,,
rašû,L1087040,,,verb,acquire,300,,,,,,,TUKU,,,,,,
rašû,,x,,adj,having (something),,,,,,,,,,,,,,
re'û,L1087041,,,verb,shepherd;pasture,303,,,,,,,SIPA,,,,,,
redû,L1087042,,,verb,accompany;lead;drive,301,,,,,,,UŠ,,,,,,
rehû,L1087043,,,verb,pour;have intercourse with,301,,,,,,,,,,,,,
rēma rašû,L1087044,,,verb phrase,have mercy,302,,,,,,,,,,,,,
rēmu,L1087045,,,noun,womb;compassion,301,,,,,,,ARHUŠ,,,,,,
rêqu,L1087046,,,verb,be(come) distant,302,,,,,,,,,,,,,
rēqu,L1087047,,,adj,distant;unemployed,302,,,,,,,,,,,,,
rêṣu,L1087048,,,verb,help,302,,,,,,,,,,,,,
rēšu,L1087049,,,noun,head;beginning;slave,302,,,,,,,SAG,,,,,,
riāqu,L1087050,,,verb,be empty;be unemployed,303,,,,,,,SUD,,,,,,
rigmu,L1087051,,,noun,roar,304,,,,,,,GU₃,,,,,,
riksu,L1087052,,,noun,bond;bundle;contract;assemblage;sinew,304,,,,,,,DUR;KEŠDA,,,,,,
rīmu,L1087053,,,noun,wild bull,305,,,,,,,AM,,,,,,
rīqu,L1087054,,,noun,aromatic substance,305,,,,,,,ŠIM,,,,,,
rīqu,L1087055,,,adj,empty;unemployed,305,,,,,,,SUD,,,,,,
ruddû,L1087056,,,adj,added to;increased,306,,,,,,,,,,,,,
rummû,L1087057,,,adj,released;slackened,307,,,,,,,,,,,,,
ruqqu,L1087058,,,noun,cauldron;kettle,307,,,,,,,URUDU.ŠEN,,,,,,
ruqqu,L1087059,,,noun,thinness;thin place;thin part of liver,307,,,,,,,SAL.LA,,,,,,
rušumtu,L1087060,,,noun,wet mud,308,,,,,,,,,,,,,
ruṭbu,L1087061,,,noun,dampness,308,,,,,,,,,,,,,
ruṭibtu,L1087062,,,noun,dampness,308,,,,,,,KI.DURU₅,,,,,,
ša panīti,,x,,,,,,,,,,,,,,,,,
ša pūtūni,,x,,,,,,,,,,,,,,,,,
ša qurbūti,L1087063,,,noun,bodyguard,291,,,,,,,,,,,,,
ša rēši,L1087064,,,noun,eunuch,302,,,,,,,LU₂.SAG,,,,,,
ša šēpē,L1087065,,,adj,personal,367,,,,,,,,,,,,,
ša'ālu,L1087066,,,verb,ask,352,,,,,,ša'ālu,,,,,,,
šā'ilu,L1087067,,,noun,dream interpreter,348,,,,,,,LU₂.ENSI,,,,,,
ṣabābu,L1087068,,,verb,flutter,330,,,,,,,,,,,,,
ṣabātu,L1087069,,,verb,seize;hold,330,,,,,,,DAB,,,,,,
ṣābu,L1087070,,,noun,people;troops,331,,,,,,,LU₂.ERIN₂;LU₂.ERIN₂.MEŠ,,,,,,
sadāru,L1087071,,,verb,place in order;do regularly,310,,,,,,sedēru,,,,,,,
šadû,L1087072,,,noun,east wind;east,345,,,,,,,IM.KUR.RA;IM.3,,,,,,
šadû,L1087073,,,noun,mountain,345,,,,,,šaddû,,,,,,,
šagalūtu,L1087074,,,noun,deportation,345,,,,,,,,,,,,,
šagāmu,L1087075,,,verb,roar,345,,,,,,,GU₃.DE₂,,,,,,
šagāšu,L1087076,,,verb,kill,345,,,,,,šakāšu,,,,,,,
sahālu,L1087077,,,verb,pierce,310,,,,,,,,,,,,,
šahānu,L1087078,,,verb,be hot,346,,,,,,,,,,,,,
sahāpu,L1087079,,,verb,envelop;overwhelm,311,,,,,,,ŠU₂,,,,,,
sahāru,L1087080,,,verb,go around;turn;search,311,,,,,,,NIGIN,,,,,,
sahāšu,L1087081,,,verb,catch in a net,311,,,,,,,,,,,,,
šahāṭu,L1087082,,,verb,be(come) angry,347,,,,,,,,,,,,,
šahāṭu,L1087083,,,verb,jump on;attack,346,,,,,,,GU₄.UD,,,,,,
šahāṭu,L1087084,,,verb,tear away;tear down,347,,,,,,,,,,,,,
šahāṭu,L1087085,,,verb,wash off;rinse,346,,,,,,šahātu,,,,,,,
šahṭu,L1087086,,,adj,stripped,347,,,,,,,,,,,,,
sakāku,L1087087,,,verb,block,312,,,,,,,,,,,,,
šakānu,L1087088,,,verb,place;set down,348,,,,,,,GAR,,,,,,
šalā'u,L1087089,,,verb,do wrong,351,,,,,,,,,,,,,
ṣalā'u,L1087090,,,verb,throw down;lay down,332,,,,,,ṣalû,,,,,,,
ṣalālu,L1087091,,,verb,lie (down);sleep,332,,,,,,,NU₂,,,,,,
šalamtu,L1087092,,,noun,corpse,350,,,,,,,AD₆,,,,,,
šalāmu,L1087093,,,verb,be healthy;be intact,350,,,,,,,DI,,,,,,
šalāmu,L1087094,,,noun,well-being,350,,,,,,,DI,,,,,,
šalāṭu,L1087095,,,verb,rule;be in authority,351,,,,,,,,,,,,,
salītu,L1087096,,,noun,net,314,,,,,,,,,,,yes,,
šalmu,L1087097,,,adj,intact;healthy,351,,,,,,,DI,,,,,,
ṣalmu,L1087098,,,adj,black,332,,,,,,,GI₆,,,,,,
ṣalmu,L1087099,,,noun,image;representation;statue,332,,,,,,,ALAN;NU,,,,,,
ṣāltu,L1087100,,,noun,combat,333,,,,,,,DU₁₄,,,,,,
šalû,L1087101,,,verb,shoot;cast away,352,,,,,,,,,,,,,
ṣâlu,L1087102,,,verb,fight,333,,,,,,,,,,,,,
šalummatu,L1087103,,,noun,divine splendour;radiance,352,,,,,,,SU.LIM;SU.ZI,,,,,,
šalummu,L1087104,,,adj,radiant,352,,,,,,,,,,,,,
ṣamādu,L1087105,,,verb,tie up;yolk,333,,,,,,,LAL;LAL₂,,,,,,
šamāhu,L1087106,,,verb,flourish,352,,,,,,,,,,,,,
Šamšu,L1087107,,,pn,sun god;sun,354,,,,,,šamšu;šanšu;šaššu,DINGIR.UTU;2(u),,,,,,
Šamaš-šumu-ukin,L1087173,,,pn,king of Babylon (r. 667-648 BCE),,,,11;618,,,,,,,,,,
šamātu,L1087108,,,verb,mark (with sign of ownership),353,,,,,,,,,,,,,
šammahu,L1087109,,,adj,very prosperious,353,,,,,,,,,,,,,
šammu,L1087110,,,noun,drug;grass;herb;plant(s),353,,,,,,,U₂,,,,,,
šamnu,L1087111,,,noun,oil,354,,,,,,,I₃.GIŠ,,,,,,
šamû,L1087112,,,noun,heaven;sky,354,,,,,,,AN,,,,,,
ṣamû,L1087113,,,verb,be thirsty,333,,,,,,,,,,,,,
šanā'u,L1087114,,,verb,block off,355,,,,,,,,,,,,,
šanānu,L1087115,,,verb,equal;rival,354,,,,,,,SA₂,,,,,,
šangû,L1087116,,,noun,priest,355,,,,,,,LU₂.SANGA,,,,,,
šangūtu,L1087117,,,noun,priesthood,355,,,,,,,,,,,,,
šāninu,L1087118,,,noun,rival;of equal birth,355,,,,,,,ZAG.DU,,,,,,
šanītu,L1087119,,,noun,second time,355,,,,,,,,,,,,,
šanītu,L1087120,,,noun,something other,355,,,,,,,,,,,,,
santakku,L1087121,,,noun,cuneiform wedge,316,,,,,,,SAG.DU₃,,,,,,
šanû,,,,adj,another;strange;inimical;evil;different,356,II,,,,,,MAN,,šaniu,,,,
šanû,,,,verb,do twice,356,III,,,,,šanā'u,,,,,,,
šanû,,,,verb,alienate;be(come) changed;be(come) different;change,,,,,,,,,,,,,,
šanû,,,,verb,be changed;become different,356,IV,,,,,šanā'u,MAN,,,,,,
šanû,,,,adj,second;next,355,I,,,,,,2.KAM;2.KAM.MA,,šaniu,,,,
šanû,,,,noun,deputy,355,I,,,,,,LU₂.2,,šaniu,,,,
šanû,,,,verb,run,356,V,,,,,,LU₂.2,,šaniu,,,,
šanû,,,,verb,sluice;apply water to,356,VI,,,,,,LU₂.2,,šaniu,,,,
sapādu,,,,verb,mourn,316,,,,,,,,,,,,,
sapāru,,,,noun,(deity's) net,317,,,,,,,SA.PAR₃,,,,,,
šapālu,,,,verb,be deep;be low,356,,,,,,,KI.TA;SIG;BUR₃,,,,,,
šapāru,,,,verb,send message;send; write to,357,,,,,,,KIN,,,,,,
šapāṣu,,,,verb,clasp;grip,357,,,,,,šabāṣu;šapāsu;sabāṣu,,,,,,,
šaplānu,,,,adv,underneath;downstream,357,,,,,,,KI.TA,,,,,,
šaplānu,,,,prep,under;downstream from,357,,,,,,,KI.TA,,,,,,
šaplu,,,,adj,low;lowly,358,,,,,,,,,,,,,
šaplu,,,,noun,underside;bottom,358,,,,,,,KI.TA,,,,,,
šaptu,,,,noun,lip;rim,358,,,,,,šabdu,NUNDUM;SUN₄,,,,,,
šaqû,,,,verb,be high;be elevated,359,II,,,,,,LAL;NIM;E₁₁;AN.TA,,,,,,
šaqû,,,,verb,give to drink;irrigate,359,III,,,,,,NAG,,,,,,
šaqû,,,,adj,high;elevated,359,I,,,,,,LAL;AN.TA.GAL₂,,,,,,
šaqû,,,,adj,irrigated,359,IV,,,,,,,,,,,,
šaqummatu,,,,noun,deathly hush,359,,,,,,šuqummatu,,,,,,,
šaqummatu,,,,verb,cast silence over,359,,,,,,šuqummatu,,,,,,,
šaqummu,,,,adj,quite silent;secluded,359,,,,,,,,,,,,,
ṣarāhu,,,,verb,heat up,360,III,,,,,,,,,,,,
ṣarāhu,,,,verb,light up;flare up,360,III,,,,,,SUR,,,,,,
ṣarāhu,,,,verb,wail;complain,360,I,,,,,,SUR,,,,,,
sarāmu,,,,verb,cut open,317,,,,,,,,,,,,,
šarāmu,,,,verb,trim;peel off,360,,,,,,,,,,,,,
ṣarapu,,,,verb,be loud,334,II,,,,,,,,,,,,
ṣarāpu,,,,verb,burn;fire;dye,334,I,,,,,ṣarābu,,,,,,,
ṣarhu,,,,adj,hot,334,I,,,,,,,,,,,,
sariānu,,,,noun,armor,318,,,,,,sariam;šeriam;šir'am;šir'annu,,,,,,,yes
sarmu,,x,,adj,,,,,,,,,,,,,,,
šarmu,,,,adj,trimmed,360,,,,,,,,,,,,,
ṣarpu,,,,adj,burnt;reddened;refined,334,,,,,,,,,,,,,
ṣarpu,,,,noun,silver,334,,,,,,,,,,,,,
šurru,,,,verb,bow down;bend forwards,388,,,,,,,,,,,,,
šarru,,x,,adj,bent,,,,,,,,,,,,,,
šarru,L743580,,,noun,king,361,,,,,,,LUGAL;MAN;BARA₂,,,,,,
šarrūtu,,,,noun,kingship;reign,361,,,,,,,NAM.LUGAL;NAM.MAN,,,,,,
šārtu,,,,noun,hair;wool;pelt,361,,,,,,,SIKI;SIKI.UZ₃;MUNSUB;MUNSUB₂,,,,,,
sâru,,,,verb,dance;rotate,318,,,,,,,,,,,,,
šāru,,,,noun,wInd;breath,361,,,,,,,IM,,,,,,
šasû,,,,verb,shout;call out;read out,362,,,,,,,GU₃;DE₂;GU₃.DE₂,,,,,,
šaṭāru,,,,noun,written document;exemplar;copy,364,I,,,,,,,,,,,,
šaṭāru,,,,verb,write;register,364,II,,,,,,,,,,,,
sattuku,,,,noun,regular delivery;regular offering,319,,,,,,šatukku;šantukku;satakku,SA₂.DU₁₁,,,,,,
šatû,,,,verb,drink;be watered,363,II,,,,,,NAG,,,,,,
še'û,,,,verb,seek out,369,,,,,,šê'u,,,še'ā'u,,,,
sêdu,,,,verb,support;assist,320,,,,,,,,,,,yes,,
šedû,,x,,noun,sprout,365,,,,,,,,,,,,,
šēdu,,,,noun,protective deity;luck,365,,,,,,,DINGIR.ALAD;A.RA₂,,,,,,
sekēru,,,,verb,heat in an oven,320,II,,,,,,,,,,,,
sekēru,,,,verb,shut off;block up,320,I,,,,,,UŠ₂,,,,,,
šêlu,,,,verb,sharpen;whet,366,,,,,,,,,,,,,
šēlu,,,,adj,sharpened,366,,,,,,,,,,,,,
šēnu,,,,noun,sandal;shoe,367,,,,,,,KUŠ.E.SIR₂;KUŠ.E.SIR,,,,,,
šēpu,,,,noun,foot,367,,,,,,šīpu,GIR₃,,,,,,
ṣerru,,,,noun,snake,336,,,,,,ṣēru;ṣīru,MUŠ,,,,,,
šeršerru,,,,noun,"link in chain;a feature of spleen, liver, etc.",368,,,,,,šeršeru,,,,,,,
šeršerratu,,,,noun,chain;set of rings,368,,,,,,šeršerratu,URUDU.ŠER₃.ŠER₃,,šaršarratu,,,,
šērtu,,,,noun,guilt;punishment,368,,,,,,šīrtu,NIR.DA,,,,,,
šērtu,,,,noun,morning,368,,,,,,šīrtu,A₂.GU₂.ZI.GA,,,,,,
ṣēru,,,,noun,back;steppe,336,,,,,,,EDIN,,,,,,
šêṭu,,,,verb,miss (accidentally);neglect;despise;commit crime,369,,,,,,,,,,,,,
šētu,,,,noun,web,369,,,,,,,GIŠ.SA,,,,,,
ṣētu,,,,noun,bright light;heat,337,,,,,,,UD.DA,,,,,,
šiāhu,,,,verb,grow tall,369,,,,,,šâhu,,,,,,,
siāqu,,,,verb,be(come) narrow,321,,,,,,sâqu,,,,,,,
šiāru,,,,noun,morning;tomorrow,370,,,,,,šiyāru;šeāru,,,,,,,
šibqu,,,,noun,scheme;plan;trick,370,,,,,,,,,,,,,
ṣibtu,,,,noun,seizure,337,I,,,,,,DAB;MAŠ₂;I₃.DAB,,,,,,
ṣibtu,,,,noun,increment;interest,337,II,,,,,,MAŠ₂,,,,,,
ṣibtu,,,,noun,garment (especially for deities),337,III,,,,,,,,,,,,
šigaru,,,,noun,neck-stock;door lock;clamp,371,,,,,,sigaru,GIŠ.SI.GAR,,,,,,
ṣillu,,,,noun,protection;shade;shelter,338,,,,,,,GIŠ.MI,,,,,,
Simānu,,,,proper noun,third Babylonian month,323,,,,,,Simannu,ITI.SIG₄.A;ITI.SIG₄,,,,,,
simtu,,,,noun,characteristic;appropriate symbol,323,,,,,,,ME.TE,,,,,,
šīmtu,,,,noun,destiny;what is fixed,373,,,,,,šēmtu,NAM;NAM.TAR,,,,,,
Sin,,,,noun,the main moon god of Mesopotamia;moon,324,,,,,,Sê;Sî,DINGIR.EN.ZU;DINGIR.3(u),,,,,,
Sin-ahhe-eriba,,x,,,,,,,,,,,,,,,,,
šinnu,,,,noun,tooth,375,,,,,,,ZU₂,,,,,,
siparru,,,,noun,bronze;fetters,324,,,,,,,ZABAR,,,,,,
šipātu,,,,noun,wool;fleece,375,,,,,,šūpātu,SIKI₂,,,,,,
sippu,,,,noun,doorjamb;buttress in city wall;vertical member of table or bed;edges of 'palace gate' in liver,324,,,,,,sibbu,ZAG.DU₈,,,,,,
šipru,,,,noun,sending;mission;work,376,,,,,,,KIN,,,,,,
šiptu,,,,noun,incantation;spell,376,,,,,,,EN₂;TU₆,,,,,,
šipṭu,,,,noun,judgement;verdict,376,I,,,,,,,,,,,,
šipṭu,,,,noun,threat;strict order;reprimand,376,II,,,,,,,,,,,,
šīru,,,,noun,flesh;body;entrails,377,,,,,,šēru;širru,UZU;UZU.MEŠ,,,,,,
sû,,,,noun,a hard stone,325,,,,,,,,,,,,,
ṣubbu,,,,noun,observe from a distance;inspect;look at,340,,,,,,ṣabbû,,,,,,,
ṣūdu,,,,adj,spinning,340,I,,,,,,IGI.NIGIN.NA,,,,,,
ṣūdu,,,,noun,molten metal,340,II,,,,,,,,,,,,
šuglû,,,,adj,deported,380,,,,,,šaglû,,,,,,,
šuharmuṭu,,x,,,,,,,,,,,,,,,,,
šu'illakku,,x,,noun,prayer of raised hands,381,,,,,,,ŠU.IL₂.LA₂;ŠU.IL₂.LA₂.KAM;ŠU.IL₂.LA₂.KAM₂,,,yes,,,
šukênu,,,,verb,prostrate oneself,381,,,,,,,KA.ZA.ZA,,,,,,
šuklulu,,,,adj,perfect;uncastrated,381,,,,,,,,,,,,,
šuklulu,,,,verb,complete;create perfectly,382,,,,,,,,,,,,,
sullû,,,,verb,pray to;appeal to,327,,,,,,,,,,,,,
sullû,,,,noun,impudence;deception,327,,,,,,,,,,,,,
šulmu,,,,noun,completeness;well-being,383,,,,,,,DI,,,,,,
lamādu,,,,verb,learn;come to know;understand,176,,,,,,,ZU,,,,,,
šulmudu,,x,,,,,,,,,,,,,,,,,
šūlūtu,,,,noun,garrison,383,,,,,,,,,,,,,
šūlû,,,,adj,brought out;raised;removed,383,,,,,,,,,,,,,
ṣulūlu,,,,noun,shelter;canopy,341,,,,,,,AN.DUL₃;DUL₃,,,,,,
šumēlu,,,,noun,the left,383,,,,,,šumīlu,GUB₃;A₂.GUB₃.BU;150,,,,,,
summu,,,,noun,(male) dove;pigeon,328,,,,,,,TU.MUŠEN,,,,,,
šumu,,,,noun,name;son;line of text,384,,,,,,,MU,,,,,,
sūnu,,,,noun,sash,328,II,,,,,,TUG₂.UR₂;TUG₂.TUN₃,,,,,,
sūnu,,,,noun,loin;lap,328,I,,,,,,,,,,,,
šupêlu,,,,verb,exchange,386,,,,,,,ŠU.BAL,,,,,,
ṣupru,,,,noun,fingernail;footnail;hoof;claw,341,,,,,,,UMBIN,,,,,,
supû,,,,noun,prayer;supplication,328,,,,,,,SISKUR₂,,,,,,
suppû,,,,verb,pray;supplicate,328,II,,,,,,SISKUR₂,,,,,,
šurpu,,,,noun,burning;incineration,388,,,,,,,,,,,,,
Šurpu,,,,pn,anti-witchcraft compendium,,,,13;329,,,,,,,,,,
ṣurrupu,,,,adj,refined,342,,,,,,,,,ṣarrupu,,,,
šuruppu,,,,noun,frost;cold fit,389,,,,,,šurpû,A.ZA.AD;AŠ.RU,,,,,,
šūšibu,,x,,,,,,,,,,,,,,,,,
šūtu,,x,,pronoun,he;it,391,I,,,,,,,,,,,,
šūtu,,,,noun,south wind;south,391,II,,,,,,IM.U₁₈.LU;IM.1,,,,,,
šūzubu,,,,adj,saved;rescued,391,,,,,,,,,,,,,
ṭabāhu,,,,verb,slaughter,412,,,,,,,,,,,,,
tabāku,,,,verb,pour our;lay flat,392,,,,,,,DUB,,,,,,
ṭābtu,,,,noun,goodness;good deed,412,,,,,,,DUG₃.GA;MUN,,,,,,
ṭabtu,,,,noun,salt,412,,,,,,,MUN;DU₁₀,,,,,,
ṭābu,,,,adj,good;sweet,412,,,,,,,DUG₃.GA,,,,,,
tāhāzu,,,,noun,battle,393,,,,,,,,,,,,,
tahūmu,,,,noun,territory;boundary,394,,,,,,tahhūmu;tuhūmu,,,,,,,
takālu,,,,verb,trust;rely on,394,,,,,,,NIR.GAL₂;GI,,,,,,
tāmartu,,,,noun,viewing;audience gift,396,,,,,,,IGI.DU₈;IGI.LA₂;IGI.LAL₂,,,,,,
tamšīlu,,,,noun,image;likeness;equivalent,397,,,,,,tanšīlu,,,,,,,
tiāmtu,,,,noun,sea;lake,405,,,,,,tâmtu;têmtu;tâmdu;tându;tâwatu;tâmatu,A.AB.BA,,,,,,
tamû,,,,adj,having sword;cursed;bewitched,397,I,,,,,,,,,,,,
tamû,,,,verb,swear;be cursed,397,II,,,,,tamā'u;temû;ta'û,,,,,,,
ṭapālu,,,,verb,slander;insult,412,,,,,,,,,,,,,
taqānu,,,,verb,be secure;in good order,399,,,,,,,,,,,,,
ṭarādu,,,,verb,send off;dispatch,413,,,,,,,SAR,,,,,,
tarāku,,,,verb,be dark;pound,399,,,,,,,GE₆;DUB₂,,,,,,
tarānu,,,,noun,roof;shelter,399,,,,,,,,,,,,,
tarbaṣu,,,,noun,animal stall;courtyard,401,,,,,,,TUR₃,,,,,,
tarbû,,,,noun,trainee;alumnus,400,,,,,,,BULUG₃,,,,,,
tartānu,,,,noun,deputy;field marshal;principal military officer,401,,,,,,turtānu;turtannu;tartannu,,,,,,,yes
tāru,,,,noun,child minder,401,,,,,,,,,,,,,
tarmāṣu,,,,noun,butterfly,400,,,,,,,,,,,,,
tê'u,,,,verb,cover up,405,,,,,,,,,,,,,
tebû,,,,verb,arise;set out,403,,,,,,,ZI.GA;KUR;ZI,,,,,,
tēltu,,,,noun,proverb;saying;pronunciation,403,,,,,,,KA.KA.SI.GA,,,,,,
ṭênu,,,,verb,grind,414,,,,,,ṭeānu,ARA₃;ARA₃.ARA₃,,,,,,
têrtu,L1085835,,,noun,instruction,405,,,,,,tā'ertu,UZU.UR₅;UZU.UR₅.UŠ₂;UZU.KIN,,,,,,
teslītu,,,,noun,appeal;prayer,405,,,,,,tešlītu;tašlītu;taṣlītu;teṣlītu,A.RA.ZU,,,,,,
Teumann,,x,,,,,,,,,,,,,,,,,
tibnu,,,,noun,straw;chaff,405,,,,,,,ŠE.IN.NU;ŠE.IN.NU.DA;ŠE.IN.NI,,,,,,
tillu,,,,noun,appendage;trappings,406,,,,,,,,,,,,,
ṭimītu,,,,noun,yam;twine,415,,,,,,,NU.NU,,,,,,
tinūru,,,,noun,oven,407,,,,,,,IM.ŠU.RIN.NA;DILINA;DILINA₂;NINDU,,,,,,
Tišpak,,x,,,,,,,,,,,,,,,,,
ṭīdu,,,,noun,clay;mud,414,,,,,,ṭiṭṭu;ṭītu;ṭiddu;ṭittu,IM,,,,,,
tû,,,,noun,incantation,408,,,,,,,TU₆,,,yes,,,
ṭūbu,,,,noun,goodness;happiness;prosperity;free will,415,,,,,,ṭubbu,DUG₃.GA,,,,,,
ṭuppu,,,,noun,document;tablet,415,,,,,,,DUB;IM.DUB;IM,,,,,,
ṭupšarru,,,,noun,scribe,415,,,,,,tupšarru,LU₂.DUB.SAR;LU₂.UMBISAG;LU₂.A.BA;LU₂.GI.BUR₃,,,,,,
tuqumtu,,,,noun,battle,410,,,,,,,GIŠ.LAL,,,,,,
turru,,,,adj,turned,410,,,,,,,,,,,,,
ṭurru,,,,noun,binding;knot;bandage;feature on liver or lungs;band on doors,416,,,,,,turru,DUR,,,,,,
turru ana ašrīšu,,x,,,,,,,,,,,,,,,,,
ubburu,,x,,,,,,,,,,,,,,,,,
uddušu,,x,,,,,,,,,,,,,,,,,
udīni,,,,adv,yet,418,,,,,,udīna;uddīni;uddinna,,,,,,,
ugāru,,,,noun,meadow,418,,,,,,,A.ǦAR₃,,,yes,,,
uliltu,,,,noun,dried fig,420,,,,,,,GIŠ.PEŠ₃.HAD₂.A,,,,,,
ullūtu,,,,noun,garrison,421,,,,,,,,,,,,,
ullûtu,,,,noun,distant time,421,,,,,,,,,,,,,
ultu maṣi,,,,subconj,since;as if(?),200,,,,,,,,,,,,,
umā,,,,adv,now,421,,,,,,,,,,,,,
ūma,,,,adv,today;for a day,421,,,,,,,,,,,,,
ummu,,,,noun,heat;fever,422,,,,,,,KUM₂,,,,,,
ummu,,,,noun,mother,422,,,,,,,AMA,,,,,,
umṣu,,,,noun,hunger,422,,,,,,,,,,,,,
ūmu,,,,noun,day,422,I,,,,,,UD;ME,,,,,,
ūmu,,,,noun,storm;storm-demon,423,II,,,,,,,,,,,,
unqu,,,,noun,ring;stamp-seal;sealed document,423,,,,,,,ŠU.GUR,,,,,,
unūtu,,,,noun,tools;household utensils,423,,,,,,,NIG₂.GU₂.NA;A₂.KAR₂,,,,,,
uppuqu,,,,adj,solid,424,,,,,,,,,,,,,
uqnû,,,,noun,lapis lazuli,424,,,,,,iqnû,NA₄.ZA.GIN₃,,,,,,
Urartu,,x,,,,,,,,,,,,,,,,,
urbatu,,,,noun,rush,425,,,,,,,U₂.NUMUN₂,,,,,,
wardu,,,,noun,slave;servant,434,,,,,,urdu;aradu,IR₃;IR₁₁;SAG.IR₃,,,,,,
warkītu,,,,noun,posterity;descendants;remainder,434,,,,,,urkītu;urkittu,,,,,,,
urqītu,,,,noun,vegetation,426,,,,,,,U₂.ŠIM,,,,,,
urruku,,x,,,,,,,,,,,,,,,,,
wu''urtu,,,,noun,commission;command,439,,,,,,ûrtu,,,,,,,
uskāru,,,,noun,crescent;crescent moon,428,,,,,,usqāru;asqāru;ašqāru;askāru;aškāru,U₄.SAKAR,,,,,,
uššu,,,,noun,foundation,429,I,,,,,,URU₄;SUH,,,,,,
uṣṣuru,,,,adj,drawn;decorated,428,I,,,,,,,,,,,,
utukku,,,,noun,an evil demon,430,,,,,,,UDUG,,,,,,
uznu,,,,noun,ear;wisdom;understanding,431,,,,,,,GEŠTU;GEŠTU₂;GEŠTU₃,,,,,,
wabālu,,,,verb,carry;bring,432,,,,,,abālu;ubālu;babālu,TUM₃;TUM₂,,,,,,
walādu,,,,verb,give birth to,433,,,,,,ulādu;malādu,U₃.TU;TU,,,,,,
waqû,,,,verb,wait for,433,,,,,,waqā'u,,,,,,,
warāšu,,,,verb,be dirty,433,,,,,,arāšu;marāšu,,,,,,,
warhu,,,,noun,month;moon,434,,,,,,urhu;arhu,ITI;ITI.1.KAM,,,,,,
warkatu,,,,noun,rear;buttocks;estate;arrears,434,,,,,,arkatu,EGIR;A.GA,,,,,,
warkû,,,,adj,rear;later,434,,,,,,urkīu;urkû;arkû,EGIR,,,,,,
warqu,,,,adj,yellow;green,434,,,,,,urqu;erqu;arqu,SIG₇;SIG₇.SIG₇,,,,,,
wâru,,,,verb,go up to;approach;confront,435,,,,,,âru;a'āru;ma'āru;mâru;wêru,,,,,,,
wašābu,,,,verb,sit down;dwell,435,,,,,,ušābu,TUŠ,,,,,,
wasāmu,,,,verb,be suitable,435,,,,,,,,,,,,,
waṣpu,,,,noun,sling;catapult,435,,,,,,aṣpu;waspu;aspu,,,,,,,
wašṭu,,,,adj,stiff;difficult,436,,,,,,,,,,,,,
waṣû,,,,verb,go out,435,,,,,,waṣā'um;uṣā'u;uṣû,E₃;UD,,,,,,
zabālu,,,,verb,carry;bear,442,,,,,,sabālu;ṣabālu;zebēlu,IL₂.IL₂;HE₂.IL₂.IL₂,,,,,,
zakāru,,,,verb,speak;name;talk;swear,442,,,,,,saqāru;zaqāru,MU,,,,,,
zakû,,,,verb,be clear;be pure,443,II,,,,,zakā'u,LUH,,,,,,
zakû,,,,adj,pure;clear,443,I,,,,,zakiu,,,,,,,
zamāru,,,,verb,sing (of),444,II,,,,,,ŠIR₃;DU₁₂,,,,,,
zamāru,,,,noun,song,444,I,,,,,,,,,,,,
zamû,,,,noun,outer corner,444,,,,,,azamû,,,,,,,
zanānu,,,,verb,provision;provide for or with,444,II,,,,,,,,,,,,
zanānu,,,,verb,rain,444,,,,,,,ŠUR,,,,,,
zaqātu,,,,verb,sting,444,,,,,,,RA,,,,,,
zīqīqu,,,,noun,wind;phantom;nothingness,448,,,,,,zāqīqu,,,,,,,
zêru,,,,verb,hate;reject,446,,,,,,zâru;ze'ēru;ze'ārum,,,,,,,
zi'pu,,,,noun,mould for casting bronze; impression cast in clay;a skin disease,448,,,,,,,,,,,,,
ziāqu,,,,verb,blow;waft,446,,,,,,zâqu,RI,,,,,,
zibānu,,,,pn,Libra,446,,,,,,,MUL.GIŠ.ERIN₂,,,,,,
zibbatu,,,,noun,tail,447,,,,,,sibbatu;simbatu;zimbatu,KUN,,,,,,
zikru,,,,noun,utterance;name,447,,,,,,siqru;seqru,MU;NITA,,,,,,
zīmu,,,,noun,face;appearance,447,,,,,,,UZU.MUŠ₂,,,,,,
ziqtu,,,,noun,sting;sharp point,448,,,,,,,TAB,,,,,,
zīqu,,,,noun,breeze;draft,448,,,,,,sīqu;ziqqu,,,,,,,
zīqu,,,,noun,torch,448,,,,,,,,,,,,,
zunnu,,,,noun,rain,448,,,,,,,IM.ŠEG₃;ŠEG₃,,,,,,
zunnunu,,x,,,,,,,,,,,,,,,,,