0	1	bi-riq	bi-riq	NOUN	V	Gender=Masc|NounBase=Bound|Number=Sing	2	obj	_	_
1	2	ur-ha	ur-ha	PROPN	VERB	Gender=Masc	0	ROOT	_	_
2	3	šuk-na	šukna	VERB	DET	Gender=Masc|Mood=Imp|Number=Sing|Person=2|Ventive=Yes|VerbStem=G	4	obj	_	_
3	4	a-dan-na	addana	VERB	VERB	Gender=Com|Mood=Ind|Number=Sing|Person=1|Tense=Perf|Ventive=Yes|VerbForm=Fin|VerbStem=G	_	_	_	_
4	1	ana	ana	ADP	PRP	_	2	case	_	_
5	2	DINGIR-MEŠ	dingir-meš	NOUN	N	Gender=Masc|Number=Plur	0	ROOT	_	_
6	3	šu-ut	šu-ut	ADP	DET	_	4	case	_	_
7	4	ab-nu-u	ab-nu-u	PROPN	V	Gender=Masc	2	nmod	_	_
8	5	na-mir-ta	na-mir-ta	NOUN	N	Case=Acc|Gender=Fem|NounBase=Free|Number=Sing	2	conj	_	_
9	6	šu-uṣ-ṣi	šu-uṣ-ṣi	NOUN	N	Gender=Masc|NounBase=Bound|Number=Sing	_	_	_	_
10	1	gu-um-mur-ta	gu-um-mur-ta	NUM	NOUN	_	2	nummod	_	_
11	2	di-ki	di-ki	NOUN	NOUN	Case=Gen|Gender=Masc|NounBase=Free|Number=Sing	0	ROOT	_	_
12	3	qa-bal-ka	qa-bal-ka	NOUN	VERB	Case=Nom|Gender=Masc|Number=Sing|PossSuffGen=Masc|PossSuffNum=Sing|PossSuffPer=2	_	_	_	_
13	1	šub-riq	šub-riq	VERB	NOUN	Gender=Com|Mood=Ind|Number=Sing|Person=1|Tense=Past|VerbForm=Fin|VerbStem=G	2	obj	_	_
14	2	im-hul-li-ka	im-hul-li-ka	VERB	VERB	Gender=Masc|Mood=Ind|Number=Sing|Person=3|Tense=Pres|Ventive=Yes|VerbForm=Fin|VerbStem=G	0	ROOT	_	_
15	3	lil-li-ku	lilliku	VERB	V	Gender=Masc|Mood=Prec|Number=Plur|Person=3|VerbStem=G	2	conj	_	_
16	4	UGU-šu₂	ugu-šu₂	ADP	N	PrepSuffGen=Masc|PrepSuffNum=Sing|PrepSuffPer=3	2	conj	_	_
17	1	mu-up-par-ša₂	mu-up-par-ša₂	NOUN	N	Gender=Masc|NounBase=Bound|Number=Sing	2	obj	_	_
18	2	an-za-a	an-za-a	DET	V	Case=Acc|Gender=Masc|NounBase=Free|Number=Sing	0	ROOT	_	_
19	3	ku-mu-ma	ku-mu-ma	NOUN	AV	Case=Acc|Gender=Masc|NounBase=Free|Number=Sing	_	_	_	_
20	1	ri-hi-iṣ	ri-hi-iṣ	ADJ	V	Case=Gen|Gender=Masc|Number=Sing	0	ROOT	_	_
21	2	er-ṣe-tu	er-ṣe-tu	NOUN	N	Case=Nom|Gender=Fem|NounBase=Free|Number=Sing	3	obj	_	_
22	3	ib-ba-nu-u	ib-ba-nu-u	VERB	V	Gender=Masc|Mood=Ind|Number=Plur|Person=3|Tense=Past|VerbForm=Fin|VerbStem=G	_	_	_	_
23	4	šu-bat-su	šu-bat-su	NOUN	N	Gender=Masc|Number=Sing|PossSuffGen=Masc|PossSuffNum=Sing|PossSuffPer=3	_	_	_	_
24	5	su-uh-hi	su-uh-hi	NOUN	N	Case=Gen|Gender=Masc|NounBase=Free|Number=Sing	4	conj	_	_
25	1	ap-luh-tu₂	ap-luh-tu₂	DET	DET	Case=Nom|Gender=Masc|Number=Sing	2	obj	_	_
26	2	li-ir-ta-ṣi-na	li-ir-ta-ṣi-na	VERB	VERB	Gender=Masc|Mood=Ind|Number=Sing|Person=3|Tense=Pres|Ventive=Yes|VerbForm=Fin|VerbStem=G	0	ROOT	_	_
27	3	e-li-šu₂	e-li-šu₂	VERB	VERB	Gender=Com|Mood=Ind|Number=Sing|Person=1|Tense=Past|VerbForm=Fin|VerbStem=G|VerbSuffGen=Masc|VerbSuffNum=Sing|VerbSuffPer=3	_	_	_	_
28	1	na-an-dur-tu	na-an-dur-tu	ADJ	PRP	Case=Nom|Gender=Masc|Number=Sing	2	nummod	_	_
29	2	qa-bal-ka	qa-bal-ka	NOUN	NOUN	Case=Nom|Gender=Masc|Number=Sing|PossSuffGen=Masc|PossSuffNum=Sing|PossSuffPer=2	0	ROOT	_	_
30	3	li-ir-ta-ʾu-ub-šu₂	li-ir-ta-ʾu-ub-šu₂	VERB	VERB	Gender=Masc|Mood=Prec|Number=Plur|Person=3|VerbStem=G	2	conj	_	_
31	1	lip-tar-rik-šu₂	lip-tar-rik-šu₂	NOUN	MOD|N	Case=Acc|Gender=Masc|Number=Sing|PossSuffGen=Masc|PossSuffNum=Sing|PossSuffPer=3	0	ROOT	_	_
32	2	gu-um-mur-ta	gu-um-mur-ta	VERB	VERB	Gender=Masc|Mood=Ind|Number=Sing|Person=3|SubSuff=Yes|Tense=Past|VerbForm=Fin|VerbStem=G|VerbSuffGen=Com|VerbSuffNum=Sing|VerbSuffPer=1	1	conj	_	_
33	3	a-šam-ša₂-a-tu₂	a-šam-ša₂-a-tu₂	PROPN	DET	Case=Acc	_	_	_	_
34	1	tu-lul	tu-lul	NOUN	V	Gender=Masc|Number=Plur|PossSuffGen=Masc|PossSuffNum=Plur|PossSuffPer=3	0	ROOT	_	_
35	3	giš}PAN	giš}pan	NOUN	N	Case=Acc|Gender=Masc|Number=Plur	5	obj	_	_
36	4	šu-ku-du	šu-ku-du	ADJ	AJ	Case=Acc|Gender=Masc|Number=Sing	3	amod	_	_
37	5	im-ta	im-ta	VERB	VERB	Gender=Masc|Mood=Ind|Number=Sing|Person=3|Subordinative=Yes|Tense=Pres|VerbForm=Fin|VerbStem=G	_	_	_	_
38	6	li-me-šu	li-me-šu	ADV	N	_	_	_	_	_
39	1	gal-la-niš	gal-la-niš	ADV	DET	_	2	obj	_	_
40	2	liš-ta-an-nu-u	liš-ta-an-nu-u	VERB	VERB	Gender=Masc|Mood=Prec|Number=Plur|Person=3|VerbStem=G	0	ROOT	_	_
41	3	bu-nu-ka	bu-nu-ka	NOUN	NOUN	Case=Acc|Gender=Masc|Number=Sing|PossSuffGen=Masc|PossSuffNum=Sing|PossSuffPer=2	2	conj	_	_
42	1	šu-ṣi	šu-ṣi	ADP	DET	_	2	case	_	_
43	2	im-ba-ra	im-ba-ra	VERB	VERB	Gender=Masc|Mood=Ind|Number=Sing|Person=3|Tense=Perf|Ventive=Yes|VerbForm=Fin|VerbStem=G	0	ROOT	_	_
44	3	zi-mu-ka	zi-mu-ka	ADV	N	_	5	obj	_	_
45	4	a-a	a-a	ADV	ADV	_	3	nmod:poss	_	_
46	5	u₂-ad-di	u₂-ad-di	VERB	V	Gender=Com|Mood=Ind|Number=Sing|Person=1|Tense=Past|VerbForm=Fin|VerbStem=D	_	_	_	_
47	1	bir-bir-ru-ka	bir-bir-ru-ka	NOUN	NOUN	Gender=Fem|Number=Plur|PossSuffGen=Masc|PossSuffNum=Sing|PossSuffPer=3	2	obj	_	_
48	2	lil-li-ku	lilliku	VERB	V	Gender=Masc|Mood=Prec|Number=Plur|Person=3|VerbStem=G	0	ROOT	_	_
49	3	e-li-šu	e-li-šu	VERB	V	Gender=Masc|Mood=Ind|Number=Sing|Person=3|Tense=Perf|VerbForm=Fin|VerbStem=G|VerbSuffGen=Masc|VerbSuffNum=Sing|VerbSuffPer=3	2	conj	_	_
50	1	ših-ṭu-ka	ših-ṭu-ka	NOUN	VERB	Case=Gen|Gender=Fem|Number=Sing|PossSuffGen=Masc|PossSuffNum=Sing|PossSuffPer=3	0	ROOT	_	_
51	2	lu-u	lū	PART	MOD	_	3	advmod	_	_
52	3	ṣi-ru	ṣi-ru	ADJ	AJ	Case=Nom|Gender=Masc|Number=Sing	1	conj	_	_
53	4	ša₂-lum-ma-tu₂	ša₂-lum-ma-tu₂	PRON	N	Case=Nom|Gender=Masc|Number=Sing|Person=3	6	obj	_	_
54	5	lu	lū	PART	MOD	_	6	advmod	_	_
55	6	ti-šu	ti-šu	VERB	V	Gender=Masc|Mood=Ind|Number=Sing|Person=3|Tense=Past|VerbForm=Fin|VerbStem=G	1	conj	_	_
56	1	a-a	a-a	ADV	ADV	_	2	advmod	_	_
57	2	ip-pu-ha	ip-pu-ha	PROPN	V	_	0	ROOT	_	_
58	4	d}UTU	d}utu	PROPN	DN	Gender=Masc	3	appos	_	_
59	5	e-li-šu	e-li-šu	NOUN	N	Case=Gen|Gender=Fem|Number=Sing|PossSuffGen=Masc|PossSuffNum=Sing|PossSuffPer=3	4	dep	_	_
60	1	u₄-mu	u₄-mu	NOUN	N	Case=Nom|Gender=Masc|NounBase=Free|Number=Sing	5	mark	_	_
61	2	nam-ru	nam-ru	ADJ	N	Case=Nom|Gender=Masc|Number=Sing	1	conj	_	_
62	3	ana	ana	ADP	PRP	_	4	case	_	_
63	4	da-ʾu-um-ma-ti	da-ʾu-um-ma-ti	NOUN	N	Case=Gen|Gender=Masc|Number=Sing|PossSuffGen=Masc|PossSuffNum=Sing|PossSuffPer=3	5	obl	_	_
64	5	li-tur-šu₂	li-tur-šu₂	NOUN	V	Case=Acc|Gender=Masc|Number=Sing|PossSuffGen=Masc|PossSuffNum=Sing|PossSuffPer=3	0	ROOT	_	_
65	1	šu-ri-ih	šu-ri-ih	NOUN	N	Gender=Masc|NounBase=Bound|Number=Sing	0	ROOT	_	_
66	2	nap-šat-su	nap-šat-su	NOUN	N	Case=Acc|Gender=Masc|NounBase=Free|Number=Sing	3	obj	_	_
67	3	an-za-a	an-za-a	PROPN	V	Gender=Masc	_	_	_	_
68	4	ku-mu-ma	ku-mu-ma	NOUN	AV	Case=Acc|Gender=Masc|NounBase=Free|Number=Sing	3	dep	_	_
69	1	ša₂-a-ru	šāru	NOUN	N	Case=Acc|Gender=Masc|Number=Sing	5	obj	_	_
70	2	kap-pi-šu	kap-pi-šu	NOUN	N	Gender=Masc|Number=Plur|PossSuffGen=Masc|PossSuffNum=Sing|PossSuffPer=3	1	conj	_	_
71	3	ana	ana	ADP	PRP	_	4	case	_	_
72	4	bu-us-ra-a-ti	bu-us-ra-a-ti	NOUN	N	Case=Gen|Gender=Fem|NounBase=Free|Number=Sing	5	obl	_	_
73	5	lib-lu-u-ni	lib-lu-u-ni	VERB	MOD|N	Gender=Masc|Mood=Prec|Number=Plur|Person=3|Ventive=Yes|VerbStem=G	0	ROOT	_	_
74	1	bi-tuš	bi-tuš	NOUN	N	Gender=Masc|NounBase=Bound|Number=Sing	5	obj	_	_
75	2	E₂.KUR	e₂.kur	NOUN	N	Case=Nom|Gender=Fem|NounBase=Free|Number=Sing	1	nmod:poss	_	_
76	3	a-na	ana	ADP	PRP	_	4	case	_	_
77	4	ṣe-er	ṣēr	NOUN	N	Case=Gen|Gender=Masc|Number=Sing	1	conj	_	_
78	5	a-bi-ka	a-bi-ka	ADV	AV	_	0	ROOT	_	_
79	7	d}EN.LIL₂	d}en.lil₂	PROPN	DN	Case=Nom|Gender=Fem|Number=Sing	_	_	_	_
80	1	KUR{+e	kur{+e	NOUN	N	Gender=Masc|Number=Plur|PossSuffGen=Masc|PossSuffNum=Sing|PossSuffPer=3	0	ROOT	_	SpaceAfter=No
81	3	qer-bit-su-nu	qer-bit-su-nu	NOUN	N	Case=Gen|Gender=Masc|Number=Sing|PossSuffGen=Masc|PossSuffNum=Plur|PossSuffPer=3	1	conj	_	_
82	4	ri-hi-iṣ	ri-hi-iṣ	ADJ	V	Case=Gen|Gender=Masc|Number=Sing	3	amod	_	_
83	5	dul-lih-ma	dul-lih-ma	NOUN	N	Case=Gen|Gender=Masc|Number=Sing|PossSuffNum=Sing|PossSuffPer=1	1	conj	_	_
84	1	lem-na	lem-na	NOUN	NOUN	Case=Nom|Gender=Masc|NounBase=Bound|Number=Sing	3	dep	_	_
85	2	an-za-a	an-za-a	VERB	V	Gender=Com|Mood=Ind|Number=Sing|Person=1|Tense=Past|VerbForm=Fin|VerbStem=G	3	obj	_	_
86	3	i-kis	i-kis	NOUN	V	Gender=Masc|NounBase=Bound|Number=Sing	0	ROOT	_	_
87	4	nap-šat-su	nap-šat-su	NOUN	N	Case=Acc|Gender=Masc|Number=Sing|PossSuffGen=Masc|PossSuffNum=Sing|PossSuffPer=3	_	_	_	_
88	1	LUGAL{+u₂-tu	lugal{+u₂-tu	ADP	ADP	_	2	case	_	SpaceAfter=No
89	3	li-ru-ba	li-ru-ba	VERB	VERB	Gender=Masc|Mood=Prec|Number=Sing|Person=3|VerbForm=Fin|VerbStem=G	0	ROOT	_	_
90	4	a-na	ana	ADP	ADP	_	5	case	_	_
91	5	E₂.KUR	e₂.kur	NOUN	N	Case=Gen|Gender=Fem|NounBase=Free|Number=Sing	_	_	_	_
92	1	a-na	ana	ADP	PRP	_	2	case	_	_
93	2	a-bi	a-bi	PRON	N	Case=Gen|Gender=Masc|Number=Sing	3	obl	_	_
94	3	a-li-di-ka	a-li-di-ka	VERB	VERB	Gender=Masc|Mood=Imp|Number=Plur|Person=2|VerbStem=G	0	ROOT	_	_
95	4	li-tu-ru	li-tu-ru	VERB	VERB	Gender=Masc|Mood=Prec|Number=Plur|Person=3|VerbStem=G	_	_	_	_
96	5	par-ṣi	par-ṣi	NOUN	NOUN	Case=Acc|Gender=Masc|Number=Plur	_	_	_	_
97	1	li-ib-šu-ma	li-ib-šu-ma	VERB	AJ	Gender=Masc|Mood=Prec|Number=Sing|Person=3|VerbStem=D	0	ROOT	_	_
98	2	lib-ba-nu-u	lib-ba-nu-u	ADJ	MOD|N	Gender=Masc|Number=Sing	_	_	_	_
99	3	pa-rak-ki	pa-rak-ki	NOUN	NOUN	Case=Gen|Gender=Masc|Number=Sing|PossSuffGen=Masc|PossSuffNum=Sing|PossSuffPer=3	2	nmod:poss	_	_
100	1	ina	ina	ADP	PRP	_	2	case	_	_
101	2	kib-rat	kib-rat	NOUN	N	Gender=Fem|NounBase=Bound|Number=Plur	0	ROOT	_	_
102	3	er-bet-ti	er-bet-ti	NOUN	NOUN	Case=Gen|Gender=Fem|Number=Sing	2	nmod:poss	_	_
103	4	ši-tak-ka-na	ši-tak-ka-na	NOUN	VERB	Case=Gen|Gender=Masc|Number=Sing|PossSuffGen=Com|PossSuffNum=Plur|PossSuffPer=1	2	dep	_	_
104	5	ma-ha-zu-ka	ma-ha-zu-ka	NOUN	NOUN	Case=Nom|Gender=Masc|Number=Plur|PossSuffGen=Masc|PossSuffNum=Sing|PossSuffPer=2	2	conj	_	_
105	1	ma-ha-zu-ka	ma-ha-zu-ka	NOUN	NOUN	Case=Gen|Gender=Masc|Number=Sing|PossSuffGen=Masc|PossSuffNum=Sing|PossSuffPer=2	2	obj	_	_
106	2	li-ru-bu	li-ru-bu	VERB	VERB	Gender=Masc|Mood=Prec|Number=Plur|Person=3|VerbStem=G	0	ROOT	_	_
107	3	a-na	ana	ADP	ADP	_	4	case	_	_
108	4	E₂.KUR	e₂.kur	NOUN	N	Case=Gen|Gender=Fem|NounBase=Free|Number=Sing	_	_	_	_
109	1	šit-ra-ah	šit-ra-ah	VERB	VERB	Gender=Masc|Mood=Ind|Number=Sing|Person=3|VerbForm=Stat|VerbStem=G	0	ROOT	_	_
110	2	mah-ri	mah-ri	ADJ	PN	Case=Gen|Gender=Masc|Number=Sing	1	nmod:poss	_	_
111	3	DINGIR-MEŠ-ma	dingir-meš-ma	ADJ	N	Gender=Fem|Number=Sing	1	nmod:poss	_	_
112	4	ga-aš₂-ru	ga-aš₂-ru	ADJ	N	Case=Nom|Gender=Masc|Number=Sing	6	obj	_	_
113	5	lu	lū	PART	MOD	_	6	advmod	_	_
114	6	MU-ka	mu-ka	VERB	N	Gender=Com|Mood=Ind|Number=Plur|Person=1|Tense=Past|VerbForm=Fin|VerbStem=G	_	_	_	_
115	1	zik-ra	zik-ra	PROPN	V	Gender=Masc	3	nsubj	_	_
116	2	um-mi-šu	um-mi-šu	NOUN	N	Gender=Masc|Number=Plur|PossSuffGen=Masc|PossSuffNum=Sing|PossSuffPer=3	3	obj	_	_
117	3	iš-me-e	iš-me-e	VERB	V	Gender=Masc|Mood=Ind|Number=Sing|Person=3|Tense=Past|VerbForm=Fin|VerbStem=G	0	ROOT	_	_
118	4	qu-ra-du	qu-ra-du	NOUN	N	Case=Acc|Gender=Masc|NounBase=Free|Number=Sing	3	conj	_	_
119	1	ig-ru-ur	ig-ru-ur	VERB	V	Gender=Masc|Mood=Ind|Number=Sing|Person=3|Tense=Past|VerbForm=Fin|VerbStem=G	0	ROOT	_	_
120	2	ir-ta-ub	ir-ta-ub	VERB	VERB	Gender=Masc|Mood=Ind|Number=Sing|Person=3|Tense=Past|VerbForm=Fin|VerbStem=G	1	conj	_	_
121	3	ša₂-du-us-su	ša₂-du-us-su	NOUN	NOUN	Gender=Fem|Number=Sing|PossSuffGen=Masc|PossSuffNum=Sing|PossSuffPer=3	4	obj	_	_
122	4	ig-guš	ig-guš	VERB	V	Gender=Masc|Mood=Imp|Number=Sing|Person=2|VerbStem=G	_	_	_	_
123	1	be-li₂	bēlī	NOUN	N	Case=Nom|Gender=Masc|Number=Sing|PossSuffGen=Com|PossSuffNum=Sing|PossSuffPer=1	2	obj	_	_
124	2	uš-ta-aṣ-bit	uš-ta-aṣ-bit	VERB	V	Gender=Com|Mood=Ind|Number=Sing|Person=1|Tense=Past|VerbForm=Fin|VerbStem=D	0	ROOT	_	_
125	3	se-bet	se-bet	NOUN	N	Gender=Masc|Number=Plur	_	_	_	_
126	4	qab-la	qab-la	ADJ	N	Case=Nom|Gender=Masc|Number=Sing	3	amod	_	_
127	1	UR.SAG	ur.sag	NOUN	N	Gender=Masc|NounBase=Bound|Number=Sing	2	obj	_	_
128	2	uš-ta-aṣ-bit	uš-ta-aṣ-bit	VERB	V	Gender=Com|Mood=Ind|Number=Sing|Person=1|Tense=Past|VerbForm=Fin|VerbStem=D	0	ROOT	_	_
129	3	se-bet	se-bet	NOUN	N	Gender=Masc|Number=Plur	4	obj	_	_
130	4	im-hul-la	im-hul-la	VERB	V	Gender=Masc|Mood=Ind|Number=Sing|Person=3|Tense=Perf|Ventive=Yes|VerbForm=Fin|VerbStem=G	_	_	_	_
131	1	mu-um-mi-lat	mu-um-mi-lat	NOUN	N	Gender=Masc|Number=Plur	0	ROOT	_	_
132	2	ep-ri	epri	NOUN	N	Gender=Fem|Number=Plur	1	nmod:poss	_	_
133	3	IMIN	imin	NOUN	N	Case=Gen|Gender=Masc|NounBase=Free|Number=Sing	1	nmod:poss	_	_
134	4	a-šam-ša₂-a-tu₂	a-šam-ša₂-a-tu₂	ADP	ADP	_	1	dep	_	_
135	1	id-ka	id-ka	VERB	VERB	Gender=Masc|Mood=Ind|Number=Sing|Person=3|Tense=Perf|Ventive=Yes|VerbForm=Fin|VerbStem=G	0	ROOT	_	_
136	2	an-na-tu	an-na-tu	NOUN	N	Gender=Fem|NounBase=Free|Number=Sing	1	obj	_	_
137	3	na-an-dur-tu	na-an-dur-tu	ADP	PRP	_	4	obj	_	_
138	4	tu-qu-ut-ta	tu-qu-ut-ta	VERB	N	Gender=Masc|Number=Plur|Person=3|Subordinative=Yes|VerbForm=Stat|VerbStem=G	1	conj	_	_
139	5	ig-ri	ig-ri	VERB	V	Gender=Masc|Mood=Ind|Number=Sing|Person=3|Tense=Perf|VerbForm=Fin|VerbStem=G	1	conj	_	_
140	1	tam-ha-ru-uš	tam-ha-ru-uš	VERB	V	Gender=Masc|Mood=Prec|Number=Sing|Person=3|VerbForm=Fin|VerbStem=G	0	ROOT	_	_
141	2	i-du-uš-šu₂	i-du-uš-šu₂	NOUN	N	Gender=Masc|Number=Plur|PossSuffGen=Masc|PossSuffNum=Sing|PossSuffPer=3	3	dep	_	_
142	3	i-qu-lu	i-qu-lu	VERB	N	Gender=Masc|Mood=Ind|Number=Plur|Person=3|Tense=Past|VerbForm=Fin|VerbStem=G	1	conj	_	_
143	4	ziq-ziq-qu	ziq-ziq-qu	NOUN	N	Case=Acc|Gender=Fem|NounBase=Free|Number=Sing	3	conj	_	_
144	1	i-na	ina	ADP	PRP	_	2	case	_	_
145	2	ša₂-hat	ša₂-hat	VERB	N	Gender=Masc|NounBase=Free|Number=Sing|VerbForm=Inf|VerbStem=G	3	amod	_	_
146	3	KUR{+i	kur{+i	VERB	N	Gender=Com|Mood=Ind|Number=Sing|Person=1|Tense=Past|VerbForm=Fin|VerbStem=G	0	ROOT	_	SpaceAfter=No
147	5	an-zu-u₂	an-zu-u₂	ADJ	V	Case=Gen|Gender=Masc|Number=Sing	4	amod	_	_
148	6	u	u	CCONJ	CNJ	_	7	cc	_	_
149	8	d}MAŠ	d}maš	PROPN	DN	Gender=Masc	9	nsubj	_	_
150	9	it-tan-ma-ru	it-tan-ma-ru	VERB	V	Gender=Masc|Mood=Ind|Number=Sing|Person=3|Tense=Past|VerbForm=Fin|VerbStem=G	_	_	_	_
151	1	i-mur-šu-ma	i-mur-šu-ma	VERB	V	Gender=Masc|Mood=Ind|Number=Sing|Person=3|Subordinative=Yes|Tense=Pres|VerbForm=Fin|VerbStem=G	0	ROOT	_	_
152	2	an-zu-u₂	an-zu-u₂	NOUN	N	Case=Nom|Gender=Masc|NounBase=Free|Number=Sing	3	obj	_	_
153	3	i-ru-ba-aš₂-šu	i-ru-ba-aš₂-šu	VERB	V	Gender=Masc|Mood=Ind|Number=Plur|Person=3|Tense=Past|VerbForm=Fin|VerbStem=G|VerbSuffGen=Masc|VerbSuffNum=Sing|VerbSuffPer=3	1	conj	_	_
154	1	ik-ṣu-uṣ	ik-ṣu-uṣ	VERB	V	Gender=Masc|Mood=Ind|Number=Sing|Person=3|Tense=Past|VerbForm=Fin|VerbStem=G	0	ROOT	_	_
155	2	ki-ma	kīma	SCONJ	SCONJ	_	3	dep	_	_
156	3	u₄-mu	u₄-mu	VERB	N	Gender=Masc|Mood=Ind|Number=Sing|Person=3|Tense=Past|VerbForm=Fin|VerbStem=G	7	advcl	_	_
157	4	me-lam-ma-šu	me-lam-ma-šu	NOUN	NOUN	Case=Gen|Gender=Fem|Number=Sing|PossSuffGen=Masc|PossSuffNum=Sing|PossSuffPer=3	3	obj	_	_
158	5	KUR{+e	kur{+e	NOUN	N	Gender=Masc|Number=Plur|PossSuffGen=Masc|PossSuffNum=Sing|PossSuffPer=3	3	obl	_	SpaceAfter=No
159	7	ik-tum₃	ik-tum₃	VERB	V	Gender=Masc|Mood=Ind|Number=Sing|Person=3|Tense=Perf|VerbForm=Fin|VerbStem=G	_	_	_	_
160	1	ut-ta-ʾa-ar₂	ut-ta-ʾa-ar₂	VERB	V	Gender=Com|Mood=Ind|Number=Sing|Person=1|Tense=Past|VerbForm=Fin|VerbStem=D	0	ROOT	_	_
161	2	ki	kî	SCONJ	PRP	_	3	case	_	_
162	3	lab-bi	lab-bi	NOUN	N	Case=Gen|Gender=Fem|NounBase=Free|Number=Sing	1	dep	_	_
163	4	le-qi₂	le-qi₂	VERB	V	Gender=Masc|Mood=Prec|Number=Sing|Person=3|VerbStem=G	_	_	_	_
164	5	uz-za	uz-za	VERB	V	Gender=Com|Mood=Ind|Number=Sing|Person=1|Tense=Pres|VerbForm=Fin|VerbStem=D	_	_	_	_
165	1	i-na	ina	ADP	PRP	_	2	case	_	_
166	2	ug-ga-ti	ug-ga-ti	NOUN	V	Case=Gen|Gender=Fem|NounBase=Bound|Number=Sing	4	obl	_	_
167	3	lib₃-bi-šu₂	lib₃-bi-šu₂	NOUN	N	Case=Gen|Gender=Masc|Number=Sing|PossSuffGen=Masc|PossSuffNum=Sing|PossSuffPer=3	2	nmod:poss	_	_
168	4	il-sa-a	il-sa-a	VERB	V	Gender=Masc|Mood=Ind|Number=Sing|Person=3|Tense=Past|VerbForm=Fin|VerbStem=G	0	ROOT	_	_
169	5	a-na	ana	ADP	PRP	_	6	case	_	_
170	6	qar-ra-du	qar-ra-du	NOUN	N	Case=Gen|Gender=Fem|Number=Sing|PossSuffGen=Masc|PossSuffNum=Sing|PossSuffPer=3	4	dep	_	_
171	1	at-ta-bal-ma	at-ta-bal-ma	VERB	V	Gender=Com|Mood=Ind|Number=Sing|Person=1|Tense=Pres|VerbForm=Fin|VerbStem=G	0	ROOT	_	_
172	2	kul-lat	kul-lat	NOUN	NOUN	Gender=Fem|NounBase=Bound|Number=Sing	_	_	_	_
173	3	ka-li-šu₂-nu	ka-li-šu₂-nu	NOUN	N	Case=Acc|Gender=Masc|Number=Sing|PossSuffGen=Masc|PossSuffNum=Plur|PossSuffPer=3	2	appos	_	_
174	4	par-ṣi	par-ṣi	NOUN	NOUN	Case=Acc|Gender=Masc|Number=Sing	2	conj	_	_
175	1	u₃	u	CCONJ	CNJ	_	2	cc	_	_
176	2	te-re-e-tu₂	te-re-e-tu₂	NOUN	N	Case=Nom|Gender=Fem|NounBase=Free|Number=Sing	6	obj	_	_
177	3	ša₂	ša	ADP	DET	_	4	case	_	_
178	4	DINGIR-MEŠ	dingir-meš	NOUN	NOUN	Gender=Masc|Number=Plur	2	nmod	_	_
179	5	ka-li-šu₂-nu	ka-li-šu₂-nu	NOUN	N	Case=Acc|Gender=Fem|Number=Sing|PossSuffGen=Masc|PossSuffNum=Plur|PossSuffPer=3	2	nmod	_	_
180	6	um-te-er	um-te-er	VERB	V	Gender=Com|Mood=Ind|Number=Sing|Person=1|Tense=Past|VerbForm=Fin|VerbStem=D	0	ROOT	_	_
181	1	man-na	man-na	DET	NOUN	_	6	obj	_	_
182	2	at-ta	atta	PRON	IP	Case=Nom|Gender=Masc|Number=Sing|Person=2	1	amod	_	_
183	3	ša₂	ša	PRON	REL	_	5	nsubj	_	_
184	4	ana	ana	ADP	PRP	_	5	case	_	_
185	5	ta-ha-zi-ia	ta-ha-zi-ia	NOUN	N	Case=Gen|Gender=Fem|Number=Sing|PossSuffNum=Sing|PossSuffPer=1	1	nmod	_	_
186	6	tal-li-ka	tallika	NOUN	VERB	Gender=Fem|Number=Plur|PossSuffGen=Masc|PossSuffNum=Sing|PossSuffPer=3	0	ROOT	_	_
187	7	ṭe₄-en-ka	ṭe₄-en-ka	NOUN	NOUN	Case=Acc|Gender=Masc|Number=Sing|PossSuffGen=Masc|PossSuffNum=Sing|PossSuffPer=3	8	obj	_	_
188	8	id-na	id-na	VERB	VERB	Gender=Masc|Mood=Ind|Number=Sing|Person=3|Tense=Pres|VerbForm=Fin|VerbStem=G	_	_	_	_
189	1	i-ri-ih-šum-ma	i-ri-ih-šum-ma	VERB	VERB	Gender=Fem|Mood=Ind|Number=Plur|Person=3|Tense=Pres|VerbForm=Fin|VerbStem=G	0	ROOT	_	_
190	2	u₂-ṣa-a-šu₂	uṣâšu	VERB	VERB	Case=Acc|Gender=Masc|Number=Sing|PossSuffGen=Masc|PossSuffNum=Sing|PossSuffPer=3|VerbForm=Inf|VerbStem=G	1	conj	_	_
191	3	zi-kir₃	zi-kir₃	VERB	NOUN	Gender=Com|Mood=Ind|Number=Sing|Person=1|Tense=Perf|VerbForm=Fin|VerbStem=G	1	conj	_	_
192	4	pi-i-šu	pîšu	NOUN	NOUN	Case=Gen|Gender=Fem|Number=Sing|PossSuffGen=Masc|PossSuffNum=Sing|PossSuffPer=3	_	_	_	_
193	1	an-za-a	an-za-a	VERB	ADV	Gender=Masc|Mood=Imp|Number=Plur|Person=2|VerbStem=G	0	ROOT	_	_
194	2	i-pu-la	i-pu-la	VERB	VERB	Gender=Masc|Mood=Ind|Number=Sing|Person=3|Tense=Perf|Ventive=Yes|VerbForm=Fin|VerbStem=G	1	conj	_	_
195	3	qu₂-ra-du	qu₂-ra-du	NOUN	N	Gender=Masc|NounBase=Bound|Number=Sing	1	conj	_	_
196	5	d}NIN.URTA	d}nin.urta	PROPN	DN	Number=Plur	1	conj	_	_
197	1	a-na-ku	anāku	PRON	PRON	Case=Nom|Gender=Com|Number=Sing|Person=1	0	ROOT	_	_
198	3	d}NIN.URTA	d}nin.urta	PROPN	DN	Case=Nom|Gender=Masc|Number=Sing	1	conj	_	_
199	4	TUKUL{+ti	tukul{+ti	ADP	SN	_	1	conj	_	SpaceAfter=No
200	7	d}DUR.AN.KI	d}dur.an.ki	PROPN	DN	Case=Gen|Gender=Masc	1	conj	_	_
201	1	mu-kin₂	mu-kin₂	NOUN	N	Gender=Masc|NounBase=Bound|Number=Sing	0	ROOT	_	_
202	2	KI{+ti₃	ki{+ti₃	NOUN	N	Gender=Fem|Number=Plur	1	nmod:poss	_	SpaceAfter=No
203	4	DAGAL{+ti₃	dagal{+ti₃	NOUN	NOUN	Gender=Masc|Number=Sing	_	_	_	SpaceAfter=No
204	7	d}e₂-a	d}e₂-a	PROPN	DN	Gender=Masc	_	_	_	_
205	8	šar	šar	NOUN	N	Gender=Masc|NounBase=Bound|Number=Sing	7	appos	_	_
206	9	NAM-MEŠ	nam-meš	NOUN	N	Gender=Masc|Number=Plur	8	nmod:poss	_	_
207	1	a-na	ana	ADP	ADP	_	2	case	_	_
208	2	šim-ti-šu	šim-ti-šu	PRON	NOUN	Gender=Masc|Number=Sing|Person=3	4	obl	_	_
209	3	ta-ha-zi-ka	ta-ha-zi-ka	NOUN	VERB	Case=Gen|Gender=Masc|Number=Sing|PossSuffGen=Masc|PossSuffNum=Sing|PossSuffPer=2	2	nsubj	_	_
210	4	al-li-ka	al-li-ka	VERB	VERB	Gender=Com|Mood=Ind|Number=Sing|Person=1|Tense=Perf|Ventive=Yes|VerbForm=Fin|VerbStem=G	0	ROOT	_	_
211	5	ad-iš-ka	ad-iš-ka	VERB	VERB	Gender=Masc|Mood=Imp|Number=Plur|Person=2|VerbStem=G	_	_	_	_
212	1	iš-me-ma	iš-me-ma	VERB	V	Gender=Masc|Mood=Ind|Number=Sing|Person=3|Tense=Past|VerbForm=Fin|VerbStem=G	0	ROOT	_	_
213	2	an-zu-u₂	an-zu-u₂	NOUN	V	Case=Nom|Gender=Masc|NounBase=Free|Number=Sing	_	_	_	_
214	3	zi-kir	zi-kir	NOUN	N	Gender=Masc|NounBase=Bound|Number=Sing	2	appos	_	_
215	4	pi-i-šu	pîšu	NOUN	N	Case=Gen|Gender=Fem|Number=Sing|PossSuffGen=Masc|PossSuffNum=Sing|PossSuffPer=3	3	nmod:poss	_	_
216	1	ina	ina	ADP	PRP	_	2	case	_	_
217	2	qe₂-reb	qe₂-reb	NOUN	N	Case=Gen|Gender=Masc|NounBase=Bound|Number=Sing	4	obl	_	_
218	3	hur-sa-a-ni	hur-sa-a-ni	NOUN	N	Gender=Masc|Number=Plur	2	nmod:poss	_	_
219	4	ik-kil-la-šu	ik-kil-la-šu	VERB	V	Gender=Masc|Mood=Ind|Number=Plur|Person=3|Subordinative=Yes|Tense=Past|VerbForm=Fin|VerbStem=G	0	ROOT	_	_
220	5	šam-riš	šam-riš	ADV	V	_	6	advmod	_	_
221	6	id-di	id-di	VERB	V	Gender=Masc|Mood=Ind|Number=Sing|Person=3|Tense=Past|VerbForm=Fin|VerbStem=G	4	conj	_	_
222	1	šak-na-at	šaknat	NOUN	N	Gender=Fem|NounBase=Bound|Number=Plur	0	ROOT	_	_
223	2	ek-le-tu₂	ek-le-tu₂	NOUN	N	Gender=Fem|Number=Sing	1	conj	_	_
224	3	KUR{+u	kur{+u	PROPN	N	Case=Gen	1	dep	_	SpaceAfter=No
225	5	pa-nu-šu₂-nu	pa-nu-šu₂-nu	NOUN	IP	Case=Nom|Gender=Fem|Number=Plur|PossSuffGen=Masc|PossSuffNum=Plur|PossSuffPer=3	1	nsubj	_	_
226	6	kat₃-mu	kat₃-mu	NOUN	N	Case=Nom|Gender=Masc|Number=Sing	_	_	_	_
227	2	d}UTU	d}utu	PROPN	DN	Gender=Masc	6	nsubj	_	_
228	3	nu-ur	nu-ur	NOUN	N	Gender=Masc|NounBase=Bound|Number=Sing	6	obj	_	_
229	4	DINGIR-MEŠ	dingir-meš	NOUN	N	Gender=Masc|Number=Plur	3	nmod:poss	_	_
230	5	da-um-meš	da-um-meš	ADV	AV	_	3	nmod:poss	_	_
231	6	i-ru-up	i-ru-up	VERB	V	Gender=Masc|Mood=Ind|Number=Sing|Person=3|Tense=Past|VerbForm=Fin|VerbStem=G	0	ROOT	_	_
232	1	ti-e-bu-ti	ti-e-bu-ti	NOUN	N	Gender=Fem|Number=Sing|PossSuffNum=Sing|PossSuffPer=1	2	obj	_	_
233	2	ut-ta-ʾa-ar	ut-ta-ʾa-ar	VERB	V	Gender=Com|Mood=Ind|Number=Sing|Person=1|Tense=Past|VerbForm=Fin|VerbStem=S	0	ROOT	_	_
234	3	it-ti	it-ti	ADP	PRP	_	4	case	_	_
235	4	an-zi-i	an-zi-i	DET	N	Case=Gen|Gender=Masc|Number=Sing	_	_	_	_
236	5	ri-gim-šu₂	ri-gim-šu₂	NOUN	N	Gender=Masc|Number=Plur|PossSuffGen=Masc|PossSuffNum=Sing|PossSuffPer=3	4	dep	_	_
237	1	ina	ina	ADP	PRP	_	2	case	_	_
238	2	bi-rit	bi-rit	NOUN	PRP	Gender=Fem|NounBase=Bound|Number=Sing	5	obl	_	_
239	3	qab-li	qab-li	NOUN	N	Case=Gen|Gender=Masc|NounBase=Free|Number=Sing	2	nmod:poss	_	_
240	4	tuq-ma-te	tuq-ma-te	NOUN	N	Gender=Fem|NounBase=Free|Number=Plur	3	nmod:poss	_	_
241	5	a-na-an-tu₄	a-na-an-tu₄	VERB	VERB	Gender=Com|Mood=Ind|Number=Sing|Person=1|Tense=Past|VerbForm=Fin|VerbStem=G|VerbSuffGen=Masc|VerbSuffNum=Plur|VerbSuffPer=3	0	ROOT	_	_
242	6	it-ku-pat	it-ku-pat	VERB	VERB	Gender=Masc|Mood=Ind|Number=Sing|Person=3|Tense=Past|VerbForm=Fin|VerbStem=G	5	conj	_	_
243	7	a-bu-bu	a-bu-bu	NOUN	N	Case=Nom|Gender=Masc|NounBase=Free|Number=Sing	8	obj	_	_
244	8	aṣ-bu	aṣ-bu	VERB	V	Gender=Com|Mood=Ind|Number=Sing|Person=1|Tense=Past|VerbForm=Fin|VerbStem=G	_	_	_	_
245	1	u₂-rat	urāt	NOUN	N	Gender=Fem|Number=Plur	4	obj	_	_
246	2	ap-luh-tu₂	ap-luh-tu₂	DET	DET	Case=Nom|Gender=Masc|Number=Sing	3	dep	_	_
247	3	da-me	da-me	NOUN	N	Case=Gen|Gender=Masc|NounBase=Free|Number=Sing	1	nmod	_	_
248	4	i-ram-muk	i-ram-muk	VERB	V	Gender=Masc|Mood=Ind|Number=Plur|Person=3|Subordinative=Yes|Tense=Past|VerbForm=Fin|VerbStem=N	0	ROOT	_	_
249	1	er-pe-et	er-pe-et	ADV	V	_	0	ROOT	_	_
250	2	mu-ti	mu-ti	ADP	PRP	_	1	dep	_	_
251	3	i-za-an-nu-nu	i-za-an-nu-nu	VERB	VERB	Gender=Masc|Mood=Ind|Number=Sing|Person=3|Subordinative=Yes|Tense=Pres|VerbForm=Fin|VerbStem=G	1	obl	_	_
252	4	i-bar-riq	i-bar-riq	ADV	ADV	_	1	obl	_	_
253	5	uṣ-ṣi	uṣ-ṣi	NOUN	V	Case=Gen|Gender=Masc|NounBase=Free|Number=Sing	_	_	_	_
254	1	iš-ta-uṣ	iš-ta-uṣ	VERB	V	Gender=Masc|Mood=Ind|Number=Sing|Person=3|Tense=Past|VerbForm=Fin|VerbStem=G	0	ROOT	_	_
255	2	ina	ina	ADP	PRP	_	3	case	_	_
256	3	bi-ri-šu₂-nu	bi-ri-šu₂-nu	NOUN	NOUN	Case=Gen|Gender=Masc|Number=Sing|PossSuffGen=Masc|PossSuffNum=Plur|PossSuffPer=3	4	obl	_	_
257	4	i-ram-mu-um	i-ram-mu-um	VERB	VERB	Gender=Masc|Mood=Ind|Number=Sing|Person=3|Tense=Past|VerbForm=Fin|VerbStem=G	1	conj	_	_
258	5	qab-lu	qab-lu	VERB	N	Gender=Masc|Mood=Ind|Number=Plur|Person=3|VerbForm=Stat|VerbStem=G	_	_	_	_
259	1	ga-aš₂-ru	ga-aš₂-ru	ADJ	N	Case=Nom|Gender=Masc|Number=Sing	2	obj	_	_
260	2	šu-pu-u₂	šu-pu-u₂	ADJ	AJ	Case=Nom|Gender=Masc|Number=Sing	0	ROOT	_	_
261	3	bu-kur₂	bu-kur₂	NOUN	N	Gender=Masc|NounBase=Bound|Number=Sing	2	obj	_	_
262	5	d}ma-mi	d}ma-mi	PROPN	DN	Number=Plur	3	nmod:poss	_	_
263	1	tuk-lat	tuk-lat	NOUN	N	Gender=Fem|NounBase=Bound|Number=Sing	0	ROOT	_	_
264	3	d}a-nim	d}a-nim	PROPN	DN	Case=Gen|Gender=Masc	1	nmod:poss	_	_
265	4	u	u	CCONJ	CNJ	_	5	cc	_	_
266	6	d}da-gan	d}da-gan	PROPN	DN	Gender=Masc	3	conj	_	_
267	7	na-ram	na-ram	NOUN	N	Gender=Masc|NounBase=Bound|Number=Sing	_	_	_	_
268	9	d}NIN.ŠI.KU₃	d}nin.ši.ku₃	PROPN	DN	Gender=Masc	7	nmod:poss	_	_
269	1	it-lul	it-lul	VERB	V	Gender=Masc|Mood=Ind|Number=Sing|Person=3|Tense=Past|VerbForm=Fin|VerbStem=G	0	ROOT	_	_
270	3	giš}PAN	giš}pan	NOUN	N	Case=Gen|Gender=Masc|NounBase=Free|Number=Sing	5	obj	_	_
271	4	qa-na-a	qa-na-a	ADJ	N	Case=Gen|Gender=Masc|Number=Sing	3	nmod	_	_
272	5	u₂-mal-li	u₂-mal-li	VERB	V	Gender=Com|Mood=Ind|Number=Sing|Person=1|Tense=Past|VerbForm=Fin|VerbStem=D	1	conj	_	_
273	1	i-na	ina	ADP	PRP	_	2	case	_	_
274	2	i-rat	i-rat	NOUN	N	Case=Gen|Gender=Fem|NounBase=Bound|Number=Sing	6	obl	_	_
275	4	giš}PAN	giš}pan	NOUN	N	Case=Gen|Gender=Masc|NounBase=Free|Number=Sing	6	obj	_	_
276	5	qa-na-a	qa-na-a	ADJ	AJ	Case=Gen|Gender=Masc|Number=Sing	4	amod	_	_
277	6	u₂-bil-šum-mu	u₂-bil-šum-mu	VERB	V	Gender=Com|Mood=Ind|Number=Sing|Person=1|Tense=Past|VerbForm=Fin|VerbStem=D	0	ROOT	_	_
278	1	ul	ul	PART	MOD	_	2	advmod	_	_
279	2	iṭ-hi	iṭ-hi	VERB	V	Gender=Com|Mood=Ind|Number=Sing|Person=1|Tense=Past|VerbForm=Fin|VerbStem=G	0	ROOT	_	_
280	3	a-na	ana	ADP	PRP	_	4	case	_	_
281	4	an-zi-i	an-zi-i	VERB	V	Gender=Masc|NounBase=Free|Number=Sing|VerbForm=Inf|VerbStem=G	6	obl	_	_
282	5	qa-nu-u	qa-nu-u	NOUN	N	Gender=Fem|Number=Sing|PossSuffGen=Masc|PossSuffNum=Sing|PossSuffPer=3	6	obj	_	_
283	6	it-tu-ra	ittūra	VERB	VERB	Gender=Masc|Mood=Ind|Number=Sing|Person=3|Tense=Perf|Ventive=Yes|VerbForm=Fin|VerbStem=G	2	conj	_	_
284	1	an-zu-u₂-ma	an-zu-u₂-ma	PRON	V	Case=Nom|Focus=Yes|Gender=Com|Number=Sing|Person=1	0	ROOT	_	_
285	2	is-sa-a	is-sa-a	VERB	V	Gender=Masc|Mood=Ind|Number=Plur|Person=3|Tense=Pres|Ventive=Yes|VerbForm=Fin|VerbStem=G	1	conj	_	_
286	3	e-li-šu₂	e-li-šu₂	VERB	VERB	Gender=Com|Mood=Ind|Number=Sing|Person=1|Tense=Past|VerbForm=Fin|VerbStem=G|VerbSuffGen=Masc|VerbSuffNum=Sing|VerbSuffPer=3	1	conj	_	_
287	1	qa-nu-um-ma	qa-nu-um-ma	VERB	N	Gender=Masc|Mood=Ind|Number=Sing|Person=3|Subordinative=Yes|Tense=Past|VerbForm=Fin|VerbStem=Gtn	4	obj	_	_
288	2	ša₂	ša	PRON	DET	_	3	nsubj	_	_
289	3	tal-li-ku	tal-li-ku	VERB	V	Gender=Masc|Mood=Ind|Number=Sing|Person=2|Tense=Pres|VerbForm=Fin|VerbStem=G	1	acl:relcl	_	_
290	4	tu-ri	tu-ri	VERB	AJ	Case=Gen|Gender=Masc|NounBase=Free|Number=Sing|VerbForm=Inf|VerbStem=G	0	ROOT	_	_
291	5	a-pu-uk-ka	a-pu-uk-ka	VERB	VERB	Gender=Masc|Mood=Imp|Number=Plur|Person=2|VerbStem=G	4	conj	_	_
292	1	mu-um-mu	mu-um-mu	NOUN	N	Case=Nom|Gender=Masc|NounBase=Bound|Number=Sing	5	nsubj	_	_
293	3	giš}PAN	giš}pan	NOUN	N	Case=Acc|Gender=Masc|Number=Plur	1	nmod	_	_
294	4	a-na	ana	ADP	PRP	_	5	case	_	_
295	5	qi₂-ša₂-ti-ki	qi₂-ša₂-ti-ki	ADV	ADV	_	0	ROOT	_	_
296	1	šer₂-a-nu	šer₂-a-nu	VERB	NOUN	Gender=Masc|Mood=Ind|Number=Plur|Person=3|Tense=Perf|VerbForm=Fin|VerbStem=G|VerbSuffGen=Masc|VerbSuffNum=Plur|VerbSuffPer=3	3	nsubj	_	_
297	2	a-na	ana	ADP	ADP	_	3	case	_	_
298	3	ša₂-šal-li	ša₂-šal-li	NOUN	NOUN	Case=Gen|Gender=Masc|Number=Sing	0	ROOT	_	_
299	4	UDU.NITA₂	udu.nita₂	NOUN	SN	Case=Gen|Gender=Masc|Number=Sing	3	nmod:poss	_	_
300	5	kap-pu	kap-pu	NOUN	N	Case=Acc|Gender=Masc|Number=Sing	_	_	_	_
301	6	ana	ana	ADP	PRP	_	7	case	_	_
302	7	iṣ-ṣu-ri	iṣ-ṣu-ri	VERB	V	Gender=Masc|Mood=Ind|Number=Sing|Person=3|Tense=Pres|VerbForm=Fin|VerbStem=G	5	nsubj	_	_
303	8	GUR-MEŠ	gur-meš	NOUN	N	Gender=Masc|Number=Plur	_	_	_	_
304	1	na-ši-ma	na-ši-ma	NOUN	AV	Case=Acc|Gender=Masc|NounBase=Free|Number=Sing	0	ROOT	_	_
305	2	DUB	dub	ADP	N	_	3	case	_	_
306	3	NAM.TAR-MEŠ	nam.tar-meš	NOUN	N	Gender=Masc|Number=Plur	1	nmod	_	_
307	4	DINGIR-MEŠ	dingir-meš	NOUN	NOUN	Gender=Masc|Number=Plur	3	conj	_	_
308	5	qa-tuš-šu	qa-tuš-šu	NOUN	VERB	Case=Loc|Gender=Fem|Number=Sing|PossSuffGen=Masc|PossSuffNum=Sing|PossSuffPer=3	_	_	_	_
309	1	ub-lu	ub-lu	NOUN	N	Case=Nom|Gender=Masc|Number=Sing	0	ROOT	_	_
310	2	šer₂-a-nu	šer₂-a-nu	NOUN	NOUN	Case=Gen|Gender=Fem|Number=Sing|PossSuffGen=Masc|PossSuffNum=Plur|PossSuffPer=3	1	nmod	_	_
311	4	giš}PAN	giš}pan	NOUN	N	Case=Nom|Gender=Masc|NounBase=Free|Number=Sing	5	obj	_	_
312	5	šil-ta-hu	šil-ta-hu	ADJ	N	Case=Nom|Gender=Masc|Number=Sing	_	_	_	_
313	6	ul	ul	PART	MOD	_	7	advmod	_	_
314	7	iṭ-hu-u	iṭ-hu-u	VERB	V	Gender=Com|Mood=Ind|Number=Sing|Person=1|Subordinative=Yes|Tense=Past|VerbForm=Fin|VerbStem=G	_	_	_	_
315	8	ana	ana	ADP	PRP	_	9	case	_	_
316	9	zu-um-ri-šu	zu-um-ri-šu	NOUN	N	Case=Gen|Gender=Masc|Number=Sing|PossSuffGen=Masc|PossSuffNum=Sing|PossSuffPer=3	_	_	_	_
317	1	uš-ha-ri-ir-ma	uš-ha-ri-ir-ma	VERB	V	Gender=Com|Mood=Ind|Number=Sing|Person=1|Tense=Past|VerbForm=Fin|VerbStem=S	3	advmod	_	_
318	2	qab-la	qab-la	VERB	N	Gender=Masc|Mood=Imp|Number=Sing|Person=2|Ventive=Yes|VerbStem=G	1	obj	_	_
319	3	ik-ta-li	ik-ta-li	VERB	V	Gender=Masc|Mood=Ind|Number=Sing|Person=3|Tense=Past|VerbForm=Fin|VerbStem=G	0	ROOT	_	_
320	4	tu-qu-un-tu₂	tu-qu-un-tu₂	ADJ	VERB	Case=Nom|Gender=Fem|Number=Sing	_	_	_	_
321	1	it-ta-ab-ṭa-lu-ma	it-ta-ab-ṭa-lu-ma	VERB	V	Gender=Masc|Mood=Ind|Number=Sing|Person=3|Tense=Past|VerbForm=Fin|VerbStem=G	0	ROOT	_	_
322	3	giš}TUKUL-MEŠ	giš}tukul-meš	NOUN	N	Case=Acc|Gender=Fem|Number=Plur	10	nsubj	_	_
323	4	ina	ina	ADP	PRP	_	5	case	_	_
324	5	qe₂-reb	qe₂-reb	NOUN	N	Case=Gen|Gender=Masc|NounBase=Bound|Number=Sing	3	nmod	_	_
325	6	KUR{+e	kur{+e	NOUN	N	Case=Gen|Gender=Masc|NounBase=Free|Number=Sing	5	nmod:poss	_	SpaceAfter=No
326	8	an-za-a	an-za-a	PROPN	V	Gender=Masc	10	advmod	_	_
327	9	ul	ul	PART	MOD	_	10	advmod	_	_
328	10	ik-mu-u	ik-mu-u	VERB	V	Gender=Masc|Mood=Ind|Number=Plur|Person=3|Tense=Past|VerbForm=Fin|VerbStem=G	1	conj	_	_
329	1	is-si-ma	is-si-ma	VERB	V	Gender=Masc|Mood=Ind|Number=Sing|Person=3|Tense=Past|VerbForm=Fin|VerbStem=G	0	ROOT	_	_
330	3	d}ŠAR₂.UR₄	d}šar₂.ur₄	PROPN	DN	Case=Gen|Gender=Masc	5	nsubj	_	_
331	4	a-ma-tu₂	a-ma-tu₂	ADP	DET	_	5	dep	_	_
332	5	u₂-ma-ʾa-ar₂-šu	u₂-ma-ʾa-ar₂-šu	NOUN	V	Case=Gen|Gender=Masc|Number=Sing|PossSuffGen=Masc|PossSuffNum=Sing|PossSuffPer=3	1	conj	_	_
333	1	šu-un-ni-šu-ma	šu-un-ni-šu-ma	PROPN	AV	Gender=Fem	2	obj	_	_
334	2	ep-šet	ep-šet	NOUN	V	Gender=Fem|NounBase=Bound|Number=Sing	0	ROOT	_	_
335	3	ta-mu-ru	ta-mu-ru	NOUN	N	Case=Nom|Gender=Masc|NounBase=Free|Number=Sing	2	conj	_	_
336	4	ana	ana	ADP	PRP	_	5	case	_	_
337	5	{d}e₂-a	d}e₂-a	PROPN	DN	Gender=Masc	5	conj	_	_
338	6	{d}NIN.ŠI.KU₃	{d}nin.ši.ku₃	PROPN	DN	Gender=Masc	6	conj	_	_
339	1	be-lu₄-um-ma	be-lu₄-um-ma	NOUN	N	Gender=Fem|NounBase=Bound|Number=Plur	4	obj	_	_
340	3	d}NIN.URTA	d}nin.urta	PROPN	DN	Case=Gen|Gender=Masc	1	nmod:poss	_	_
341	4	an-za-a	an-za-a	VERB	V	Gender=Masc|Mood=Imp|Number=Plur|Person=2|VerbStem=G	0	ROOT	_	_
342	5	la-me-ma	la-me-ma	VERB	VERB	Gender=Masc|Mood=Prec|Number=Sing|Person=3|VerbStem=D	4	conj	_	_
343	2	d}NIN.URTA	d}nin.urta	PROPN	N	_	3	obj	_	_
344	3	ub-bu-ha	ub-bu-ha	VERB	V	Gender=Com|Mood=Ind|Number=Sing|Person=1|Tense=Past|VerbForm=Fin|VerbStem=D	0	ROOT	_	_
345	4	e-pir	e-pir	NOUN	N	Gender=Masc|NounBase=Bound|Number=Sing	3	conj	_	_
346	5	qab-li	qab-li	NOUN	N	Case=Gen|Gender=Masc|NounBase=Free|Number=Sing	4	nmod:poss	_	_
347	1	qar-ra-du	qar-ra-du	NOUN	NOUN	Gender=Masc|Number=Plur|PossSuffNum=Sing|PossSuffPer=1	2	obj	_	_
348	2	ub-bu-ha	ub-bu-ha	VERB	V	Gender=Masc|Mood=Imp|Number=Plur|Person=2|VerbStem=G	0	ROOT	_	_
349	3	e-pir	e-pir	VERB	VERB	Gender=Masc|Mood=Imp|Number=Sing|Person=2|VerbStem=G	_	_	_	_
350	4	ka-ra-ši	ka-ra-ši	VERB	NOUN	Gender=Masc|Mood=Imp|Number=Sing|Person=2|Ventive=Yes|VerbStem=G	_	_	_	_
351	1	it-lul	it-lul	VERB	V	Gender=Masc|Mood=Ind|Number=Sing|Person=3|Tense=Past|VerbForm=Fin|VerbStem=G	0	ROOT	_	_
352	3	giš}PAN	giš}pan	NOUN	N	Case=Gen|Gender=Masc|NounBase=Free|Number=Sing	5	obj	_	_
353	4	qa-na-a	qa-na-a	ADJ	N	Case=Gen|Gender=Masc|Number=Sing	3	nmod	_	_
354	5	u₂-mal-li	u₂-mal-li	VERB	V	Gender=Com|Mood=Ind|Number=Sing|Person=1|Tense=Past|VerbForm=Fin|VerbStem=D	1	conj	_	_
355	1	it-lul	it-lul	VERB	V	Gender=Masc|Mood=Ind|Number=Sing|Person=3|Tense=Past|VerbForm=Fin|VerbStem=G	0	ROOT	_	_
356	3	giš}PAN	giš}pan	NOUN	N	Case=Gen|Gender=Masc|NounBase=Free|Number=Sing	5	obj	_	_
357	4	qa-na-a	qa-na-a	ADJ	V	Case=Gen|Gender=Masc|Number=Sing	3	nmod:poss	_	_
358	5	u₂-bil-šum-ma	u₂-bil-šum-ma	VERB	V	Gender=Masc|Mood=Ind|Number=Sing|Person=3|Tense=Past|VerbForm=Fin|VerbStem=N	_	_	_	_
359	1	ul	ul	PART	MOD	_	2	advmod	_	_
360	2	iṭ-hi	iṭ-hi	VERB	V	Gender=Com|Mood=Ind|Number=Sing|Person=1|Tense=Past|VerbForm=Fin|VerbStem=G	0	ROOT	_	_
361	3	a-na	ana	ADP	PRP	_	4	case	_	_
362	4	an-zi-i	an-zi-i	NOUN	N	Case=Gen|Gender=Masc|NounBase=Free|Number=Sing	6	obl	_	_
363	5	qa-nu-u₂	qa-nu-u₂	ADJ	AJ	Case=Acc|Gender=Masc|Number=Sing	6	advmod	_	_
364	6	it-tu-ra	ittūra	VERB	VERB	Gender=Masc|Mood=Ind|Number=Sing|Person=3|Tense=Perf|Ventive=Yes|VerbForm=Fin|VerbStem=G	2	conj	_	_
365	1	an-zu-u₂-um-ma	an-zu-u₂-um-ma	ADV	V	_	0	ROOT	_	_
366	2	is-sa-a	is-sa-a	VERB	V	Gender=Com|Mood=Ind|Number=Sing|Person=1|Tense=Past|Ventive=Yes|VerbForm=Fin|VerbStem=G	1	conj	_	_
367	3	e-li-šu₂	e-li-šu₂	NOUN	VERB	Case=Gen|Gender=Masc|Number=Sing|PossSuffGen=Masc|PossSuffNum=Sing|PossSuffPer=3	1	conj	_	_
368	1	qa-nu-um-ma	qa-nu-um-ma	ADP	N	PrepSuffNum=Sing|PrepSuffPer=1	0	ROOT	_	_
369	2	ša₂	ša	PRON	DET	_	3	case	_	_
370	3	tal-li-ka	tallika	NOUN	VERB	Case=Gen|Gender=Masc|Number=Plur|PossSuffGen=Masc|PossSuffNum=Sing|PossSuffPer=2	1	nmod	_	_
371	4	tu-ra	tūra	VERB	NOUN	Gender=Masc|Mood=Imp|Number=Sing|Person=2|Ventive=Yes|VerbStem=G	5	obj	_	_
372	5	a-pu-uk-ka	a-pu-uk-ka	VERB	VERB	Gender=Com|Mood=Ind|Number=Sing|Person=1|Tense=Perf|Ventive=Yes|VerbForm=Fin|VerbStem=G	_	_	_	_
373	1	mu-um-mu	mu-um-mu	NOUN	N	Case=Nom|Gender=Masc|NounBase=Bound|Number=Sing	5	nsubj	_	_
374	3	giš}PAN	giš}pan	NOUN	N	Case=Acc|Gender=Masc|Number=Plur	1	nmod	_	_
375	4	a-na	ana	ADP	PRP	_	5	case	_	_
376	5	qi₂-ša₂-ti-ki	qi₂-ša₂-ti-ki	ADV	ADV	_	0	ROOT	_	_
377	1	šer₂-a-nu	šer₂-a-nu	VERB	NOUN	Gender=Masc|Mood=Ind|Number=Plur|Person=3|Tense=Perf|VerbForm=Fin|VerbStem=G|VerbSuffGen=Masc|VerbSuffNum=Plur|VerbSuffPer=3	0	ROOT	_	_
378	2	a-na	ana	ADP	ADP	_	3	case	_	_
379	3	ša₂-šal-li	ša₂-šal-li	NOUN	NOUN	Case=Gen|Gender=Masc|Number=Sing	1	nsubj	_	_
380	4	UDU.NITA₂	udu.nita₂	NOUN	SN	Case=Gen|Gender=Masc|Number=Plur	3	nmod	_	_
381	5	kap-pi	kappī	NOUN	NOUN	Case=Acc|Gender=Masc|Number=Plur	1	dep	_	_
382	6	a-na	ana	ADP	ADP	_	7	case	_	_
383	7	MUŠEN-MEŠ	mušen-meš	NOUN	NOUN	Case=Gen|Gender=Masc|Number=Plur	1	dep	_	_
384	8	GUR-MEŠ	gur-meš	NOUN	NOUN	Case=Gen|Gender=Masc|Number=Plur	1	appos	_	_
385	1	na-ši-ma	na-ši-ma	NOUN	AV	Case=Acc|Gender=Masc|NounBase=Free|Number=Sing	0	ROOT	_	_
386	2	DUB	dub	ADP	N	_	3	case	_	_
387	3	NAM.TAR-MEŠ	nam.tar-meš	NOUN	N	Gender=Masc|Number=Plur	1	nmod	_	_
388	4	DINGIR-MEŠ	dingir-meš	NOUN	NOUN	Gender=Masc|Number=Plur	3	conj	_	_
389	5	qa-tuš-šu	qa-tuš-šu	NOUN	VERB	Case=Loc|Gender=Fem|Number=Sing|PossSuffGen=Masc|PossSuffNum=Sing|PossSuffPer=3	_	_	_	_
390	1	ub-lu	ub-lu	ADP	N	_	2	case	_	_
391	2	šer₂-a-an	šer₂-a-an	NOUN	NOUN	Gender=Fem|NounBase=Bound|Number=Sing	7	obj	_	_
392	4	giš}PAN	giš}pan	NOUN	N	Case=Nom|Gender=Masc|NounBase=Free|Number=Sing	2	nmod:poss	_	_
393	5	šil-ta-hu	šil-ta-hu	ADJ	N	Case=Nom|Gender=Masc|Number=Sing	2	amod	_	_
394	6	ul	ul	PART	MOD	_	7	advmod	_	_
395	7	iṭ-hu-u₂	iṭ-hu-u₂	VERB	V	Gender=Masc|Mood=Ind|Number=Sing|Person=3|Subordinative=Yes|Tense=Pres|VerbForm=Fin|VerbStem=G	0	ROOT	_	_
396	8	ana	ana	ADP	PRP	_	9	case	_	_
397	9	zu-um-ri-šu	zu-um-ri-šu	NOUN	N	Case=Gen|Gender=Masc|Number=Sing|PossSuffGen=Masc|PossSuffNum=Sing|PossSuffPer=3	7	dep	_	_
398	1	uš-ha-ri-ir-ma	uš-ha-ri-ir-ma	VERB	V	Gender=Com|Mood=Ind|Number=Sing|Person=1|Tense=Past|VerbForm=Fin|VerbStem=S	0	ROOT	_	_
399	2	qab-la	qab-la	VERB	N	Gender=Masc|Mood=Imp|Number=Sing|Person=2|Ventive=Yes|VerbStem=G	1	obj	_	_
400	3	ik-ta-la	iktala	VERB	V	Gender=Masc|Mood=Ind|Number=Plur|Person=3|Tense=Pres|VerbForm=Fin|VerbStem=G|VerbSuffGen=Masc|VerbSuffNum=Sing|VerbSuffPer=3	2	conj	_	_
401	4	tuq-ut-ta	tuq-ut-ta	VERB	V	Case=Gen|Gender=Masc|Number=Sing|PossSuffGen=Masc|PossSuffNum=Plur|PossSuffPer=3	1	conj	_	_
402	1	it-ta-ab-ṭa-lu-ma	it-ta-ab-ṭa-lu-ma	VERB	V	Gender=Masc|Mood=Ind|Number=Sing|Person=3|Tense=Past|VerbForm=Fin|VerbStem=G	0	ROOT	_	_
403	3	giš}TUKUL-MEŠ	giš}tukul-meš	NOUN	N	Case=Acc|Gender=Fem|Number=Plur	10	nsubj	_	_
404	4	ina	ina	ADP	PRP	_	5	case	_	_
405	5	qe₂-reb	qe₂-reb	NOUN	N	Case=Gen|Gender=Masc|NounBase=Bound|Number=Sing	3	dep	_	_
406	6	KUR{+i	kur{+i	NOUN	N	Case=Gen|Gender=Masc|NounBase=Free|Number=Sing	5	nmod:poss	_	SpaceAfter=No
407	8	an-za-a	an-za-a	PROPN	V	Gender=Masc	10	advmod	_	_
408	9	ul	ul	PART	MOD	_	10	advmod	_	_
409	10	ik-mu-u₂	ik-mu-u₂	VERB	V	Gender=Masc|Mood=Ind|Number=Sing|Person=3|Subordinative=Yes|Tense=Past|VerbForm=Fin|VerbStem=G	1	conj	_	_
410	2	d}ŠAR₂.UR₄	d}šar₂.ur₄	PROPN	DN	Gender=Masc	3	obj	_	_
411	3	uš-kin	uš-kin	VERB	V	Gender=Com|Mood=Ind|Number=Sing|Person=1|Tense=Past|VerbForm=Fin|VerbStem=G	0	ROOT	_	_
412	4	il-qe₂	il-qe₂	VERB	V	Gender=Masc|Mood=Ind|Number=Sing|Person=3|Subordinative=Yes|Tense=Past|VerbForm=Fin|VerbStem=Gtn	3	obl	_	_
413	5	te-er-tu₄	te-er-tu₄	NOUN	N	Case=Gen|Gender=Fem|NounBase=Free|Number=Sing	3	obl	_	_
414	1	ši-pir	šipir	VERB	V	Gender=Com|Mood=Ind|Number=Sing|Person=1|Tense=Past|VerbForm=Fin|VerbStem=G	3	nsubj	_	_
415	2	ta-ha-zi	ta-ha-zi	NOUN	N	Gender=Masc|Number=Plur	3	obj	_	_
416	3	it-ba-la	it-ba-la	VERB	V	Gender=Masc|Mood=Ind|Number=Sing|Person=3|Tense=Past|Ventive=Yes|VerbForm=Fin|VerbStem=G	0	ROOT	_	_
417	4	ana	ana	ADP	PRP	_	5	case	_	_
418	6	d}e₂-a	d}e₂-a	PROPN	DN	Gender=Masc	5	conj	_	_
419	8	d}NIN.ŠI.KU₃	d}nin.ši.ku₃	PROPN	DN	Gender=Masc	6	nmod:poss	_	_
420	1	mim-mu-u₂	mim-mu-u₂	ADJ	AJ	Case=Nom|Gender=Masc|Number=Sing	0	ROOT	_	_
421	2	be-lum	be-lum	NOUN	N	Gender=Masc|NounBase=Bound|Number=Sing	3	nsubj	_	_
422	3	id-bu-bu-šu₂	id-bu-bu-šu₂	VERB	VERB	Gender=Masc|Mood=Ind|Number=Sing|Person=3|Subordinative=Yes|Tense=Pres|VerbForm=Fin|VerbStem=G|VerbSuffGen=Masc|VerbSuffNum=Sing|VerbSuffPer=3	_	_	_	_
423	4	ana	ana	ADP	PRP	_	7	mark	_	_
424	6	d}e₂-a	d}e₂-a	PROPN	DN	Gender=Masc	7	nsubj	_	_
425	7	u₂-ša₂-an-ni	u₂-ša₂-an-ni	VERB	VERB	Gender=Masc|Mood=Ind|Number=Sing|Person=3|SubSuff=Yes|Subordinative=Yes|Tense=Past|VerbForm=Fin|VerbStem=Š	3	ccomp	_	_
426	1	be-lu	be-lu	NOUN	N	Case=Acc|Gender=Masc|Number=Sing	2	mark	_	_
427	2	um-ma	um-ma	VERB	V	Gender=Masc|Mood=Ind|Number=Sing|Person=3|SubSuffix=Yes|Subordinative=Yes|Tense=Pres|VerbForm=Fin|VerbStem=D	5	advcl	_	_
428	4	d}NIN.URTA	d}nin.urta	PROPN	DN	Case=Gen|Gender=Masc	5	obj	_	_
429	5	an-za-a	an-za-a	VERB	DET	Gender=Masc|Mood=Imp|Number=Plur|Person=2|VerbStem=G	0	ROOT	_	_
430	6	la-mi-ma	la-mi-ma	VERB	VERB	Gender=Masc|Mood=Prec|Number=Sing|Person=3|VerbForm=Fin|VerbStem=D	5	conj	_	_
431	2	d}NIN.URTA	d}nin.urta	PROPN	N	Gender=Masc	3	obj	_	_
432	3	ub-bu-ha	ub-bu-ha	VERB	V	Gender=Com|Mood=Ind|Number=Sing|Person=1|Tense=Pres|VerbForm=Fin|VerbStem=D	0	ROOT	_	_
433	4	e-pir	e-pir	VERB	VERB	Gender=Masc|Mood=Imp|Number=Sing|Person=2|VerbStem=G	3	xcomp	_	_
434	5	ka-ra-ši	ka-ra-ši	VERB	N	Gender=Masc|Mood=Imp|Number=Sing|Person=2|Ventive=Yes|VerbStem=G	_	_	_	_
435	1	it-lul	it-lul	VERB	V	Gender=Masc|Mood=Ind|Number=Sing|Person=3|Tense=Past|VerbForm=Fin|VerbStem=G	0	ROOT	_	_
436	3	giš}PAN	giš}pan	NOUN	N	Case=Gen|Gender=Masc|NounBase=Free|Number=Sing	5	obj	_	_
437	4	qa-na-a	qa-na-a	ADJ	V	Case=Gen|Gender=Masc|Number=Sing	3	nmod:poss	_	_
438	5	u₂-bil-šum-ma	u₂-bil-šum-ma	VERB	V	Gender=Masc|Mood=Ind|Number=Sing|Person=3|Tense=Past|VerbForm=Fin|VerbStem=N	_	_	_	_
439	1	ul	ul	PART	MOD	_	2	advmod	_	_
440	2	iṭ-hi	iṭ-hi	VERB	V	Gender=Com|Mood=Ind|Number=Sing|Person=1|Tense=Past|VerbForm=Fin|VerbStem=G	0	ROOT	_	_
441	3	a-na	ana	ADP	PRP	_	4	case	_	_
442	4	an-zi-i	an-zi-i	VERB	V	Gender=Masc|NounBase=Free|Number=Sing|VerbForm=Inf|VerbStem=G	6	obl	_	_
443	5	qa-nu-u	qa-nu-u	NOUN	N	Gender=Fem|Number=Sing|PossSuffGen=Masc|PossSuffNum=Sing|PossSuffPer=3	6	obj	_	_
444	6	it-tu-ra	ittūra	VERB	VERB	Gender=Masc|Mood=Ind|Number=Sing|Person=3|Tense=Perf|Ventive=Yes|VerbForm=Fin|VerbStem=G	2	conj	_	_
445	1	an-zu-um-ma	an-zu-um-ma	ADV	ADV	_	0	ROOT	_	_
446	2	is-sa-a	is-sa-a	VERB	VERB	Gender=Masc|Mood=Ind|Number=Sing|Person=3|Tense=Perf|VerbForm=Fin|VerbStem=G	1	conj	_	_
447	3	e-li-šu	e-li-šu	NOUN	N	Gender=Masc|Number=Sing|PossSuffGen=Masc|PossSuffNum=Sing|PossSuffPer=3	1	conj	_	_
448	1	qa-nu-um-ma	qa-nu-um-ma	ADP	N	PrepSuffNum=Sing|PrepSuffPer=1	0	ROOT	_	_
449	2	ša₂	ša	PRON	DET	_	3	case	_	_
450	3	tal-li-ka	tallika	NOUN	VERB	Case=Gen|Gender=Masc|Number=Plur|PossSuffGen=Masc|PossSuffNum=Sing|PossSuffPer=2	1	nmod	_	_
451	4	tu-ra	tūra	VERB	NOUN	Gender=Masc|Mood=Imp|Number=Sing|Person=2|Ventive=Yes|VerbStem=G	5	obj	_	_
452	5	a-pu-uk-ka	a-pu-uk-ka	VERB	VERB	Gender=Com|Mood=Ind|Number=Sing|Person=1|Tense=Perf|Ventive=Yes|VerbForm=Fin|VerbStem=G	_	_	_	_
453	1	mu-um-mu	mu-um-mu	NOUN	N	Case=Nom|Gender=Masc|NounBase=Bound|Number=Sing	5	nsubj	_	_
454	3	giš}PAN	giš}pan	NOUN	N	Case=Acc|Gender=Masc|Number=Plur	1	nmod	_	_
455	4	a-na	ana	ADP	PRP	_	5	case	_	_
456	5	qi₂-ša₂-ti-ki	qi₂-ša₂-ti-ki	ADV	ADV	_	0	ROOT	_	_
457	1	šer₂-a-nu	šer₂-a-nu	VERB	NOUN	Gender=Masc|Mood=Ind|Number=Plur|Person=3|Tense=Perf|VerbForm=Fin|VerbStem=G|VerbSuffGen=Masc|VerbSuffNum=Plur|VerbSuffPer=3	0	ROOT	_	_
458	2	a-na	ana	ADP	ADP	_	3	case	_	_
459	3	ša₂-šal-li	ša₂-šal-li	NOUN	NOUN	Case=Gen|Gender=Masc|Number=Sing	1	nsubj	_	_
460	4	ṭu-ba	ṭu-ba	NOUN	NOUN	Case=Gen|Gender=Masc|Number=Sing	3	nmod:poss	_	_
461	5	kap-pi	kappī	NOUN	NOUN	Gender=Masc|Number=Plur	3	conj	_	_
462	6	ana	ana	ADP	ADP	_	7	case	_	_
463	7	MUŠEN-MEŠ	mušen-meš	NOUN	NOUN	Gender=Fem|NounBase=Free|Number=Plur	1	dep	_	_
464	8	GUR-MEŠ	gur-meš	NOUN	NOUN	Case=Gen|Gender=Masc|Number=Plur	7	conj	_	_
465	1	na-ši-ma	na-ši-ma	NOUN	AV	Case=Acc|Gender=Masc|NounBase=Free|Number=Sing	0	ROOT	_	_
466	2	DUB	dub	ADP	N	_	3	case	_	_
467	3	NAM.TAR-MEŠ	nam.tar-meš	NOUN	N	Gender=Masc|Number=Plur	1	nmod	_	_
468	4	DINGIR-MEŠ	dingir-meš	NOUN	NOUN	Gender=Masc|Number=Plur	3	conj	_	_
469	5	qa-tuš-šu	qa-tuš-šu	NOUN	VERB	Case=Loc|Gender=Fem|Number=Sing|PossSuffGen=Masc|PossSuffNum=Sing|PossSuffPer=3	_	_	_	_
470	1	ub-lu	ub-lu	NOUN	N	Case=Nom|Gender=Masc|Number=Sing	0	ROOT	_	_
471	2	šer₂-a-nu	šer₂-a-nu	NOUN	NOUN	Case=Gen|Gender=Fem|Number=Sing|PossSuffGen=Masc|PossSuffNum=Plur|PossSuffPer=3	1	nmod	_	_
472	4	giš}PAN	giš}pan	NOUN	N	Case=Nom|Gender=Masc|NounBase=Free|Number=Sing	5	obj	_	_
473	5	šil-ta-hu	šil-ta-hu	ADJ	N	Case=Nom|Gender=Masc|Number=Sing	_	_	_	_
474	6	ul	ul	PART	MOD	_	7	advmod	_	_
475	7	iṭ-hu-u	iṭ-hu-u	VERB	V	Gender=Com|Mood=Ind|Number=Sing|Person=1|Subordinative=Yes|Tense=Past|VerbForm=Fin|VerbStem=G	_	_	_	_
476	8	ana	ana	ADP	PRP	_	9	case	_	_
477	9	zu-um-ri-šu	zu-um-ri-šu	NOUN	N	Case=Gen|Gender=Masc|Number=Sing|PossSuffGen=Masc|PossSuffNum=Sing|PossSuffPer=3	_	_	_	_
478	1	uš-ha-ri-ir-ma	uš-ha-ri-ir-ma	VERB	V	Gender=Com|Mood=Ind|Number=Sing|Person=1|Tense=Past|VerbForm=Fin|VerbStem=S	0	ROOT	_	_
479	2	qab-la	qab-la	VERB	N	Gender=Masc|Mood=Imp|Number=Sing|Person=2|Ventive=Yes|VerbStem=G	3	obj	_	_
480	3	ik-ta-la	iktala	VERB	V	Gender=Masc|Mood=Ind|Number=Sing|Person=3|Tense=Perf|Ventive=Yes|VerbForm=Fin|VerbStem=G	1	conj	_	_
481	4	tu-qu-un-tu	tu-qu-un-tu	NOUN	N	Case=Nom|Gender=Fem|NounBase=Free|Number=Sing	_	_	_	_
482	1	it-ta-ab-ṭa-lu-ma	it-ta-ab-ṭa-lu-ma	VERB	V	Gender=Masc|Mood=Ind|Number=Sing|Person=3|Tense=Past|VerbForm=Fin|VerbStem=G	0	ROOT	_	_
483	3	giš}TUKUL-MEŠ	giš}tukul-meš	NOUN	N	Case=Acc|Gender=Fem|Number=Plur	10	nsubj	_	_
484	4	ina	ina	ADP	PRP	_	5	case	_	_
485	5	qe₂-reb	qe₂-reb	NOUN	N	Case=Gen|Gender=Masc|NounBase=Bound|Number=Sing	3	dep	_	_
486	6	KUR{+i	kur{+i	NOUN	N	Case=Gen|Gender=Masc|NounBase=Free|Number=Sing	5	nmod:poss	_	SpaceAfter=No
487	8	an-za-a	an-za-a	PROPN	V	Gender=Masc	10	advmod	_	_
488	9	ul	ul	PART	MOD	_	10	advmod	_	_
489	10	ik-mu-u	ik-mu-u	VERB	V	Gender=Masc|Mood=Ind|Number=Plur|Person=3|Tense=Past|VerbForm=Fin|VerbStem=G	1	conj	_	_
490	1	iš-me-ma	iš-me-ma	VERB	V	Gender=Masc|Mood=Ind|Number=Sing|Person=3|Tense=Past|VerbForm=Fin|VerbStem=G	0	ROOT	_	_
491	3	d}NIN.ŠI.KU₃	d}nin.ši.ku₃	PROPN	DN	Gender=Masc	2	appos	_	_
492	4	a-mat	a-mat	NOUN	N	Gender=Fem|NounBase=Bound|Number=Sing	3	appos	_	_
493	5	DUMU-šu₂	dumu-šu₂	NOUN	N	Case=Gen|Gender=Fem|Number=Sing|PossSuffGen=Masc|PossSuffNum=Sing|PossSuffPer=3	4	nmod:poss	_	_
494	1	is-si-ma	is-si-ma	VERB	V	Gender=Masc|Mood=Ind|Number=Sing|Person=3|Tense=Past|VerbForm=Fin|VerbStem=G	0	ROOT	_	_
495	3	d}ŠAR₂.UR₄	d}šar₂.ur₄	PROPN	DN	Gender=Masc	5	obj	_	_
496	4	a-ma-ti	a-ma-ti	NOUN	N	Gender=Masc|Number=Plur|PossSuffGen=Masc|PossSuffNum=Plur|PossSuffPer=3	5	dep	_	_
497	5	u₂-ma-ʾi-ir-šu₂	u₂-ma-ʾi-ir-šu₂	VERB	V	Gender=Masc|Mood=Ind|Number=Sing|Person=3|Subordinative=Yes|Tense=Past|VerbForm=Fin|VerbStem=S	1	conj	_	_
498	1	šu-un-ni-ma	šu-un-ni-ma	PROPN	N	Gender=Fem	0	ROOT	_	_
499	2	ana	ana	ADP	PRP	_	3	case	_	_
500	3	be-li-ka	be-li-ka	VERB	N	Gender=Masc|Mood=Ind|Number=Sing|Person=2|Tense=Pres|VerbForm=Fin|VerbStem=G	1	dep	_	_
501	4	a-mat	a-mat	NOUN	N	Gender=Fem|NounBase=Bound|Number=Sing	5	case	_	_
502	5	zik-ri	zik-ri	NOUN	N	Case=Gen|Gender=Masc|NounBase=Free|Number=Sing	3	appos	_	_
503	6	pi-ia	pîya	NOUN	N	Case=Gen|Gender=Masc|Number=Sing|PossSuffNum=Sing|PossSuffPer=1	5	nmod:poss	_	_
504	1	mim-mu-u	mim-mu-u	ADJ	N	Case=Gen|Gender=Masc|Number=Sing	2	obj	_	_
505	2	a-dab-bu-bu	a-dab-bu-bu	VERB	V	Gender=Com|Mood=Ind|Number=Sing|Person=1|Tense=Past|VerbForm=Fin|VerbStem=G	0	ROOT	_	_
506	3	u₂-ṣur	uṣur	VERB	V	Gender=Com|Mood=Ind|Number=Sing|Person=1|Tense=Past|VerbForm=Fin|VerbStem=D	2	conj	_	_
507	4	a-na	ana	ADP	PRP	_	5	case	_	_
508	5	ša₂-šu₂	šāšu	NOUN	N	Case=Gen|Gender=Fem|Number=Sing|PossSuffGen=Masc|PossSuffNum=Sing|PossSuffPer=3	_	_	_	_
509	1	qab-lu-um-ma	qab-lu-um-ma	NOUN	N	Gender=Masc|Number=Plur|PossSuffNum=Sing|PossSuffPer=1	2	obj	_	_
510	2	a-a	a-a	VERB	V	Gender=Com|Mood=Ind|Number=Sing|Person=1|Tense=Past|VerbForm=Fin|VerbStem=D	0	ROOT	_	_
511	3	i-nu-uh	i-nu-uh	ADP	PRP	PrepSuffGen=Masc|PrepSuffNum=Plur|PrepSuffPer=3	4	dep	_	_
512	4	šu-kun	šukun	VERB	V	Gender=Masc|Mood=Imp|Number=Sing|Person=2|VerbStem=G	_	_	_	_
513	5	lit-ka	lit-ka	VERB	VERB	Gender=Masc|Mood=Imp|Number=Sing|Person=2|Ventive=Yes|VerbStem=G	4	conj	_	_
514	1	šu-ni-ih-šu-ma	šu-ni-ih-šu-ma	VERB	VERB	Gender=Masc|Mood=Ind|Number=Sing|Person=3|Subordinative=Yes|Tense=Past|VerbForm=Fin|VerbStem=Gtn	0	ROOT	_	_
515	2	ina	ina	ADP	PRP	_	3	case	_	_
516	3	mit-hur	mit-hur	NOUN	N	Case=Gen|Gender=Masc|NounBase=Bound|Number=Sing	5	obl	_	_
517	4	me-he-e	me-he-e	NOUN	N	Case=Gen|Gender=Masc|NounBase=Free|Number=Sing	3	nmod:poss	_	_
518	5	a-par-šu₂	a-par-šu₂	VERB	V	Gender=Com|Mood=Ind|Number=Sing|Person=1|Tense=Perf|VerbForm=Fin|VerbStem=G|VerbSuffGen=Masc|VerbSuffNum=Sing|VerbSuffPer=3	1	nsubj	_	_
519	6	lid-di	lid-di	VERB	NOUN	Gender=Masc|Mood=Prec|Number=Sing|Person=3|VerbForm=Fin|VerbStem=G	_	_	_	_
520	1	li-qe-e-ma	li-qe-e-ma	VERB	V	Gender=Masc|Mood=Prec|Number=Sing|Person=3|VerbForm=Fin|VerbStem=G	0	ROOT	_	_
521	2	be-lum	be-lum	NOUN	NOUN	Case=Acc|Gender=Masc|Number=Sing	1	fixed	_	_
522	3	ana	ana	ADP	PRP	_	4	case	_	_
523	4	ar₂-kat₃	ar₂-kat₃	NOUN	V	Case=Gen|Gender=Masc|NounBase=Bound|Number=Sing	1	dep	_	_
524	5	šu-ku-di-ka	šu-ku-di-ka	NOUN	NOUN	Case=Gen|Gender=Masc|Number=Sing|PossSuffGen=Masc|PossSuffNum=Sing|PossSuffPer=2	4	nmod:poss	_	_
525	1	nu-uk-kis	nu-uk-kis	NOUN	N	Case=Acc|Gender=Masc|NounBase=Free|Number=Sing	0	ROOT	_	_
526	2	ab-re-e-šu	ab-re-e-šu	ADP	V	PrepSuffGen=Masc|PrepSuffNum=Sing|PrepSuffPer=3	3	obj	_	_
527	3	im-na	im-na	ADV	V	_	_	_	_	_
528	4	šu-me-la	šu-me-la	NOUN	N	Case=Gen|Gender=Masc|NounBase=Bound|Number=Sing	_	_	_	_
529	5	ru-ʾi-im	ru-ʾi-im	NOUN	N	Gender=Masc|Number=Plur	4	nmod:poss	_	_
530	1	liṭ-ṭul-ma	liṭ-ṭul-ma	NOUN	N	Gender=Masc|Number=Plur|PossSuffGen=Masc|PossSuffNum=Sing|PossSuffPer=3	3	dep	_	_
531	2	kap-pa-a-šu₂	kap-pa-a-šu₂	NOUN	N	Gender=Masc|Number=Plur|PossSuffGen=Masc|PossSuffNum=Sing|PossSuffPer=3	3	obj	_	_
532	3	lit-ba-la	lit-ba-la	VERB	V	Gender=Masc|Mood=Prec|Number=Plur|Person=3|VerbForm=Fin|VerbStem=G	0	ROOT	_	_
533	4	zi-kir	zi-kir	NOUN	N	Gender=Masc|NounBase=Bound|Number=Sing	_	_	_	_
534	5	pi-i-šu₂	pîšu	NOUN	N	Case=Gen|Gender=Fem|Number=Sing|PossSuffGen=Masc|PossSuffNum=Sing|PossSuffPer=3	4	nmod:poss	_	_
535	1	kap-pa	kap-pa	NOUN	NOUN	Case=Nom|Gender=Masc|Number=Sing	4	nsubj	_	_
536	2	a-na	ana	ADP	ADP	_	3	case	_	_
537	3	kap-pi	kappī	NOUN	NOUN	Case=Gen|Gender=Masc|Number=Plur	4	obl	_	_
538	4	i-šes-si	i-šes-si	NOUN	VERB	Case=Gen|Gender=Masc|Number=Sing	0	ROOT	_	_
539	5	i	i	X	X	_	_	_	_	_
540	6	tap-lah₃-šu₂	tap-lah₃-šu₂	NOUN	N	Case=Gen|Gender=Fem|Number=Sing|PossSuffGen=Masc|PossSuffNum=Sing|PossSuffPer=3	_	_	_	_
541	1	tu-lul	tu-lul	NOUN	V	Gender=Masc|Number=Plur|PossSuffGen=Masc|PossSuffNum=Plur|PossSuffPer=3	6	nsubj	_	_
542	2	ina	ina	ADP	PRP	_	3	case	_	_
543	3	i-rat	i-rat	NOUN	N	Case=Gen|Gender=Fem|NounBase=Bound|Number=Sing	6	obl	_	_
544	5	giš}PAN{+ti}-ka	giš}pan{+ti}-ka	PROPN	N	Case=Nom|Gender=Masc|Number=Sing	6	nsubj	_	_
545	6	lil-li-ku	lilliku	VERB	V	Gender=Masc|Mood=Prec|Number=Plur|Person=3|VerbStem=G	0	ROOT	_	_
546	7	qa-nu-u₂	qa-nu-u₂	ADJ	AJ	Case=Nom|Gender=Masc|Number=Sing	8	nsubj	_	_
547	8	bir-qi₂	bir-qi₂	VERB	N	Gender=Masc|Number=Sing|Person=3|VerbForm=Stat|VerbStem=G	6	conj	_	_
548	1	ab-ru	ab-ru	VERB	V	Gender=Masc|Mood=Imp|Number=Sing|Person=2|Ventive=Yes|VerbStem=G	0	ROOT	_	_
549	2	kap-pi	kappī	NOUN	N	Gender=Masc|Number=Plur	5	obj	_	_
550	3	ki	kî	ADP	PRP	_	4	case	_	_
551	4	kur-da-me	kur-da-me	NOUN	N	Case=Gen|Gender=Fem|NounBase=Free|Number=Sing	2	nmod	_	_
552	5	lim-mil-lu	lim-mil-lu	NOUN	N	Case=Nom|Gender=Masc|NounBase=Free|Number=Sing	1	conj	_	_
553	1	šu-ri-ih	šu-ri-ih	VERB	NOUN	Gender=Masc|NounBase=Bound|Number=Sing|VerbForm=Inf|VerbStem=S	2	nsubj	_	_
554	2	nap-šat-šu	nap-šat-šu	NOUN	N	Gender=Masc|Number=Plur|PossSuffGen=Masc|PossSuffNum=Sing|PossSuffPer=3	0	ROOT	_	_
555	3	an-za-a	an-za-a	PROPN	V	Gender=Masc	_	_	_	_
556	4	ku-mu-ma	ku-mu-ma	ADV	AV	_	_	_	_	_
557	1	ša₂-a-ru	šāru	NOUN	N	Case=Acc|Gender=Masc|Number=Sing	5	obj	_	_
558	2	kap-pi-šu	kap-pi-šu	NOUN	N	Case=Acc|Gender=Masc|Number=Plur|PossSuffGen=Masc|PossSuffNum=Sing|PossSuffPer=3	1	conj	_	_
559	3	a-na	ana	ADP	ADP	_	4	case	_	_
560	4	bu-us-ra-te	bu-us-ra-te	NOUN	NOUN	Case=Gen|Gender=Fem|Number=Sing	5	obl	_	_
561	5	lib-lu-ni	lib-lu-ni	VERB	VERB	Gender=Masc|Mood=Prec|Number=Sing|Person=3|Ventive=Yes|VerbStem=G	0	ROOT	_	_
562	1	bi-tuš	bi-tuš	NOUN	N	Gender=Masc|NounBase=Bound|Number=Sing	0	ROOT	_	_
563	2	E₂.KUR	e₂.kur	NOUN	N	Case=Nom|Gender=Fem|NounBase=Free|Number=Sing	1	nmod:poss	_	_
564	3	a-na	ana	ADP	PRP	_	4	case	_	_
565	4	ṣi-ir	ṣi-ir	NOUN	N	Case=Gen|Gender=Masc|NounBase=Bound|Number=Sing	1	obl	_	_
566	5	a-bi-ka	a-bi-ka	ADV	AV	_	4	nmod:poss	_	_
567	7	d}EN.LIL₂	d}en.lil₂	PROPN	DN	Case=Nom|Gender=Fem|Number=Sing	1	nmod:poss	_	_
568	1	ša₂-de-e	ša₂-de-e	NOUN	N	Gender=Masc|Number=Plur|PossSuffNum=Sing|PossSuffPer=1	4	nsubj	_	_
569	2	qer-bi-su-nu	qer-bi-su-nu	NOUN	N	Gender=Fem|NounBase=Bound|Number=Sing	1	appos	_	_
570	3	ri-hi-iṣ	ri-hi-iṣ	ADJ	V	Case=Gen|Gender=Masc|Number=Sing	2	amod	_	_
571	4	dul-lih-ma	dul-lih-ma	NOUN	N	Case=Gen|Gender=Masc|Number=Sing|PossSuffNum=Sing|PossSuffPer=1	0	ROOT	_	_
572	1	lem-na	lem-na	NOUN	NOUN	Case=Nom|Gender=Masc|NounBase=Bound|Number=Sing	3	obj	_	_
573	2	an-za-a	an-za-a	VERB	V	Gender=Com|Mood=Ind|Number=Sing|Person=1|Tense=Pres|VerbForm=Fin|VerbStem=G	3	obj	_	_
574	3	i-ki-is	i-ki-is	VERB	V	Gender=Masc|Mood=Ind|Number=Sing|Person=3|Tense=Past|VerbForm=Fin|VerbStem=G	0	ROOT	_	_
575	4	nap-šat-su	nap-šat-su	NOUN	N	Case=Acc|Gender=Masc|Number=Sing|PossSuffGen=Masc|PossSuffNum=Sing|PossSuffPer=3	_	_	_	_
576	1	šar-ru-tu	šar-ru-tu	PRON	N	Case=Nom|Gender=Masc|Number=Sing|Person=3	2	obj	_	_
577	2	li-ru-ba	li-ru-ba	VERB	VERB	Gender=Masc|Mood=Prec|Number=Sing|Person=3|VerbForm=Fin|VerbStem=G	0	ROOT	_	_
578	3	a-na	ana	ADP	PRP	_	4	case	_	_
579	4	E₂.KUR	e₂.kur	NOUN	N	Case=Gen|Gender=Fem|NounBase=Free|Number=Sing	_	_	_	_
580	1	a-na	ana	ADP	PRP	_	2	case	_	_
581	2	a-bi	a-bi	PRON	N	Case=Gen|Gender=Masc|Number=Sing	3	obl	_	_
582	3	a-li-di-ka	a-li-di-ka	VERB	VERB	Gender=Masc|Mood=Ind|Number=Sing|Person=3|Tense=Past|Ventive=Yes|VerbForm=Fin|VerbStem=G	0	ROOT	_	_
583	4	li-tu-ru	li-tu-ru	VERB	VERB	Gender=Masc|Mood=Prec|Number=Plur|Person=3|VerbStem=G	3	conj	_	_
584	5	par₂-ṣi	par₂-ṣi	NOUN	N	Case=Acc|Gender=Masc|Number=Sing	_	_	_	_
585	1	lib-šu-ma	lib-šu-ma	VERB	V	Gender=Masc|Mood=Prec|Number=Sing|Person=3|VerbForm=Fin|VerbStem=G	0	ROOT	_	_
586	2	lib-ba-nu	lib-ba-nu	VERB	VERB	Gender=Masc|Mood=Prec|Number=Sing|Person=3|Ventive=Yes|VerbStem=G|VerbSuffGen=Masc|VerbSuffNum=Plur|VerbSuffPer=3	1	conj	_	_
587	3	pa-rak-ki	pa-rak-ki	NOUN	N	Case=Nom|Gender=Masc|Number=Plur|PossSuffGen=Masc|PossSuffNum=Sing|PossSuffPer=3	1	conj	_	_
588	1	ina	ina	ADP	PRP	_	2	case	_	_
589	2	kib-rat	kib-rat	NOUN	NOUN	Gender=Fem|NounBase=Bound|Number=Plur	0	ROOT	_	_
590	3	er-bet-ti	er-bet-ti	NOUN	NOUN	Case=Gen|Gender=Fem|Number=Sing	2	nmod:poss	_	_
591	4	ši-tak-ka-na	ši-tak-ka-na	VERB	VERB	Gender=Com|Mood=Ind|Number=Sing|Person=1|Tense=Perf|Ventive=Yes|VerbForm=Fin|VerbStem=G	2	dep	_	_
592	5	ma-ha-zi-ka	ma-ha-zi-ka	NOUN	VERB	Case=Gen|Gender=Masc|Number=Sing|PossSuffGen=Masc|PossSuffNum=Sing|PossSuffPer=2	_	_	_	_
593	1	ma-ha-zu-ka	ma-ha-zu-ka	NOUN	NOUN	Case=Gen|Gender=Masc|Number=Sing|PossSuffGen=Masc|PossSuffNum=Sing|PossSuffPer=2	2	obj	_	_
594	2	li-ru-bu	li-ru-bu	VERB	VERB	Gender=Masc|Mood=Prec|Number=Plur|Person=3|VerbStem=G	0	ROOT	_	_
595	3	a-na	ana	ADP	ADP	_	4	case	_	_
596	4	E₂.KUR	e₂.kur	NOUN	N	Case=Gen|Gender=Fem|NounBase=Free|Number=Sing	_	_	_	_
597	1	šit-ra-ah	šit-ra-ah	VERB	V	Gender=Com|Mood=Ind|Number=Sing|Person=1|Tense=Past|VerbForm=Fin|VerbStem=G	0	ROOT	_	_
598	2	ina	ina	ADP	PRP	_	3	case	_	_
599	3	ma-har	mahar	NOUN	NOUN	Gender=Masc|NounBase=Bound|Number=Sing	1	dep	_	_
600	4	DINGIR-MEŠ	dingir-meš	NOUN	NOUN	Case=Gen|Gender=Masc|Number=Plur	3	nmod:poss	_	_
601	5	gaš-ru	gaš-ru	ADJ	ADJ	Case=Nom|Gender=Masc|Number=Sing	7	nsubj	_	_
602	6	lu-u	lū	PART	PART	_	7	advmod	_	_
603	7	MU-ka	mu-ka	VERB	VERB	Gender=Com|Mood=Ind|Number=Plur|Person=1|Tense=Past|VerbForm=Fin|VerbStem=G	_	_	_	_
604	2	d}ŠAR₂.UR₄	d}šar₂.ur₄	NOUN	N	Gender=Masc|Number=Sing|PossSuffGen=Masc|PossSuffNum=Sing|PossSuffPer=3	3	obj	_	_
605	3	uš-kin-ma	uš-kin-ma	VERB	V	Gender=Masc|Mood=Ind|Number=Sing|Person=3|Subordinative=Yes|Tense=Past|VerbForm=Fin|VerbStem=S	0	ROOT	_	_
606	4	il-qe₂	il-qe₂	VERB	VERB	Gender=Masc|Mood=Ind|Number=Plur|Person=3|Tense=Past|VerbForm=Fin|VerbStem=G	3	conj	_	_
607	5	ter-ta	ter-ta	PRON	VERB	Case=Nom|Gender=Masc|Number=Plur|Person=3	_	_	_	_
608	1	ši-pir	šipir	VERB	V	Gender=Com|Mood=Ind|Number=Sing|Person=1|Tense=Past|VerbForm=Fin|VerbStem=G	3	nsubj	_	_
609	2	ta-ha-zi	ta-ha-zi	NOUN	N	Gender=Masc|Number=Plur	3	obj	_	_
610	3	it-ba-la	it-ba-la	VERB	V	Gender=Masc|Mood=Ind|Number=Sing|Person=3|Tense=Pres|VerbForm=Fin|VerbStem=Gtn	0	ROOT	_	_
611	4	a-na	ana	ADP	PRP	_	5	case	_	_
612	5	be-li₂-šu₂	bēlīšu	NOUN	NOUN	Case=Gen|Gender=Masc|Number=Sing|PossSuffGen=Masc|PossSuffNum=Sing|PossSuffPer=3	_	_	_	_
613	1	mim-mu-u₂	mim-mu-u₂	ADJ	AJ	Case=Nom|Gender=Masc|Number=Sing	0	ROOT	_	_
614	3	d}e₂-a	d}e₂-a	PROPN	DN	Gender=Masc	4	nsubj	_	_
615	4	id-bu-bu	id-bu-bu	VERB	V	Gender=Masc|Mood=Ind|Number=Plur|Person=3|Tense=Pres|VerbForm=Fin|VerbStem=G	_	_	_	_
616	5	u₂-ša₂-na	u₂-ša₂-na	ADV	VERB	_	4	conj	_	_
617	6	a-na	ana	ADP	PRP	_	7	case	_	_
618	7	ša₂-šu₂	šāšu	NOUN	PRON	Case=Gen|Gender=Fem|Number=Sing|PossSuffGen=Masc|PossSuffNum=Sing|PossSuffPer=3	_	_	_	_
619	1	qab-lu-um-ma	qab-lu-um-ma	NOUN	N	Gender=Masc|Number=Plur|PossSuffNum=Sing|PossSuffPer=1	2	obj	_	_
620	2	a-a	a-a	VERB	V	Gender=Com|Mood=Ind|Number=Sing|Person=1|Tense=Past|VerbForm=Fin|VerbStem=D	0	ROOT	_	_
621	3	i-nu-uh	i-nu-uh	ADP	PRP	PrepSuffGen=Masc|PrepSuffNum=Plur|PrepSuffPer=3	4	dep	_	_
622	4	šu-kun	šukun	VERB	V	Gender=Masc|Mood=Imp|Number=Sing|Person=2|VerbStem=G	_	_	_	_
623	5	lit-ka	lit-ka	VERB	VERB	Gender=Masc|Mood=Imp|Number=Sing|Person=2|Ventive=Yes|VerbStem=G	4	conj	_	_
624	1	šu-ni-ih-šu-ma	šu-ni-ih-šu-ma	VERB	VERB	Gender=Masc|Mood=Ind|Number=Sing|Person=3|Subordinative=Yes|Tense=Past|VerbForm=Fin|VerbStem=Gtn	0	ROOT	_	_
625	2	ina	ina	ADP	PRP	_	3	case	_	_
626	3	mit-hur	mit-hur	NOUN	N	Case=Gen|Gender=Masc|NounBase=Bound|Number=Sing	5	obl	_	_
627	4	me-he-e	me-he-e	NOUN	N	Case=Gen|Gender=Masc|NounBase=Free|Number=Sing	3	nmod:poss	_	_
628	5	a-par-šu₂	a-par-šu₂	VERB	V	Gender=Com|Mood=Ind|Number=Sing|Person=1|Tense=Perf|VerbForm=Fin|VerbStem=G|VerbSuffGen=Masc|VerbSuffNum=Sing|VerbSuffPer=3	1	nsubj	_	_
629	6	lid-di	lid-di	VERB	NOUN	Gender=Masc|Mood=Prec|Number=Sing|Person=3|VerbForm=Fin|VerbStem=G	_	_	_	_
630	1	li-qe-e-ma	li-qe-e-ma	VERB	VERB	Gender=Masc|Mood=Prec|Number=Plur|Person=3|VerbStem=G	4	advmod	_	_
631	2	be-lum	be-lum	NOUN	NOUN	Case=Nom|Gender=Masc|Number=Sing	1	dep	_	_
632	3	a-na	ana	ADP	PRP	_	4	case	_	_
633	4	ar₂-kat₃	ar₂-kat₃	VERB	V	Gender=Masc|Mood=Imp|Number=Sing|Person=2|VerbStem=G	0	ROOT	_	_
634	5	šu-ku-di-ka	šu-ku-di-ka	NOUN	NOUN	Case=Gen|Gender=Masc|Number=Sing|PossSuffGen=Masc|PossSuffNum=Sing|PossSuffPer=2	4	nmod:poss	_	_
635	1	nu-uk-kis	nu-uk-kis	NOUN	N	Case=Acc|Gender=Masc|NounBase=Free|Number=Sing	0	ROOT	_	_
636	2	ab-re-e-šu	ab-re-e-šu	ADP	V	PrepSuffGen=Masc|PrepSuffNum=Sing|PrepSuffPer=3	3	obj	_	_
637	3	im-na	im-na	VERB	V	Gender=Com|Mood=Ind|Number=Sing|Person=1|Tense=Pres|VerbForm=Fin|VerbStem=G	_	_	_	_
638	4	šu-me-la	šu-me-la	NOUN	N	Case=Gen|Gender=Masc|NounBase=Bound|Number=Sing	3	conj	_	_
639	5	ru-ʾi-im	ru-ʾi-im	NOUN	N	Case=Gen|Gender=Masc|NounBase=Free|Number=Sing	5	obj	_	_
640	1	liṭ-ṭul-ma	liṭ-ṭul-ma	VERB	V	Gender=Masc|Mood=Ind|Number=Plur|Person=3|Tense=Perf|VerbForm=Fin|VerbStem=G|VerbSuffGen=Masc|VerbSuffNum=Sing|VerbSuffPer=3	3	dep	_	_
641	2	kap-pa-šu₂	kap-pa-šu₂	NOUN	N	Case=Gen|Gender=Masc|Number=Sing|PossSuffGen=Masc|PossSuffNum=Sing|PossSuffPer=3	3	obj	_	_
642	3	lit-ba-la	lit-ba-la	VERB	V	Gender=Masc|Mood=Prec|Number=Plur|Person=3|VerbForm=Fin|VerbStem=G	0	ROOT	_	_
643	4	zi-kir	zi-kir	NOUN	N	Gender=Masc|NounBase=Bound|Number=Sing	_	_	_	_
644	5	pi-i-šu₂	pîšu	NOUN	N	Case=Gen|Gender=Fem|Number=Sing|PossSuffGen=Masc|PossSuffNum=Sing|PossSuffPer=3	4	nmod:poss	_	_
645	1	kap-pa	kap-pa	NOUN	N	Case=Acc|Gender=Masc|Number=Sing	4	nsubj	_	_
646	2	ana	ana	ADP	ADP	_	3	case	_	_
647	3	kap-pi	kappī	NOUN	NOUN	Case=Gen|Gender=Masc|Number=Plur	4	obl	_	_
648	4	i-šes-si	i-šes-si	NOUN	V	Case=Gen|Gender=Masc|Number=Sing	0	ROOT	_	_
649	5	i	i	X	X	_	_	_	_	_
650	6	tap-lah₃-šu₂	tap-lah₃-šu₂	NOUN	N	Case=Gen|Gender=Fem|Number=Sing|PossSuffGen=Masc|PossSuffNum=Sing|PossSuffPer=3	_	_	_	_
651	1	tu-lul	tu-lul	NOUN	V	Gender=Masc|Number=Plur|PossSuffGen=Masc|PossSuffNum=Plur|PossSuffPer=3	6	nsubj	_	_
652	2	ina	ina	ADP	PRP	_	3	case	_	_
653	3	i-rat	i-rat	NOUN	N	Case=Gen|Gender=Fem|NounBase=Bound|Number=Sing	6	obl	_	_
654	5	giš}PAN-ka	giš}pan-ka	PROPN	PROPN	Case=Nom|Gender=Masc|Number=Sing	6	nsubj	_	_
655	6	lil-li-ku	lilliku	VERB	V	Gender=Masc|Mood=Prec|Number=Plur|Person=3|VerbStem=G	0	ROOT	_	_
656	7	qa-nu-u	qa-nu-u	ADJ	ADJ	Case=Nom|Gender=Masc|Number=Sing	6	conj	_	_
657	8	bir-qu	bir-qu	NOUN	NOUN	Case=Acc|Gender=Masc|Number=Sing	_	_	_	_
658	1	ab-ru	ab-ru	VERB	V	Gender=Masc|Mood=Imp|Number=Sing|Person=2|Ventive=Yes|VerbStem=G	0	ROOT	_	_
659	2	kap-pa	kap-pa	NOUN	N	Case=Nom|Gender=Masc|NounBase=Free|Number=Sing	5	obj	_	_
660	3	ki	kî	ADP	ADP	_	4	case	_	_
661	4	kur-mit	kur-mit	ADV	ADV	_	5	obl	_	_
662	5	li-mil-lu	li-mil-lu	VERB	VERB	_	_	_	_	_
663	1	šu-ri-ih	šu-ri-ih	VERB	NOUN	Gender=Masc|NounBase=Bound|Number=Sing|VerbForm=Inf|VerbStem=S	2	nsubj	_	_
664	2	nap-šat-šu	nap-šat-šu	NOUN	N	Gender=Masc|Number=Plur|PossSuffGen=Masc|PossSuffNum=Sing|PossSuffPer=3	0	ROOT	_	_
665	3	an-za-a	an-za-a	PROPN	V	Gender=Masc	_	_	_	_
666	4	ku-mu-ma	ku-mu-ma	ADV	AV	_	_	_	_	_
667	1	ša₂-a-ru	šāru	NOUN	N	Case=Acc|Gender=Masc|Number=Sing	5	obj	_	_
668	2	kap-pa-šu₂	kap-pa-šu₂	NOUN	N	Gender=Masc|Number=Sing|PossSuffGen=Masc|PossSuffNum=Sing|PossSuffPer=3	1	conj	_	_
669	3	a-na	ana	ADP	PRP	_	4	case	_	_
670	4	bu-us-ra-a-ti	bu-us-ra-a-ti	NOUN	NOUN	Case=Gen|Gender=Fem|NounBase=Free|Number=Sing	5	obl	_	_
671	5	lib-lu-ni	lib-lu-ni	VERB	VERB	Gender=Masc|Mood=Prec|Number=Sing|Person=3|Ventive=Yes|VerbStem=G	0	ROOT	_	_
672	1	bi-tuš	bi-tuš	NOUN	N	Gender=Masc|NounBase=Bound|Number=Sing	0	ROOT	_	_
673	2	E₂.KUR	e₂.kur	NOUN	N	Case=Nom|Gender=Fem|NounBase=Free|Number=Sing	1	nmod:poss	_	_
674	3	a-na	ana	ADP	PRP	_	4	case	_	_
675	4	ṣi-ir	ṣi-ir	NOUN	N	Case=Gen|Gender=Masc|NounBase=Bound|Number=Sing	1	obl	_	_
676	5	a-bi-ka	a-bi-ka	ADV	AV	_	4	nmod:poss	_	_
677	7	d}EN.LIL₂	d}en.lil₂	PROPN	DN	Case=Nom|Gender=Fem|Number=Sing	1	nmod:poss	_	_
678	1	KUR{+e	kur{+e	NOUN	N	Gender=Masc|Number=Plur|PossSuffGen=Masc|PossSuffNum=Sing|PossSuffPer=3	0	ROOT	_	SpaceAfter=No
679	3	qer-bit-su-nu	qer-bit-su-nu	NOUN	N	Case=Gen|Gender=Masc|Number=Sing|PossSuffGen=Masc|PossSuffNum=Plur|PossSuffPer=3	1	conj	_	_
680	4	ri-hi-iṣ	ri-hi-iṣ	ADJ	V	Case=Gen|Gender=Masc|Number=Sing	3	amod	_	_
681	5	dul-lih-ma	dul-lih-ma	NOUN	N	Case=Gen|Gender=Masc|Number=Sing|PossSuffNum=Sing|PossSuffPer=1	1	conj	_	_
682	1	lem-na-a	lem-na-a	PART	PN	_	3	amod	_	_
683	2	an-za-a	an-za-a	VERB	V	Gender=Com|Mood=Ind|Number=Sing|Person=1|Tense=Past|VerbForm=Fin|VerbStem=G	1	dep	_	_
684	3	i-kis	i-kis	NOUN	V	Gender=Masc|NounBase=Bound|Number=Sing	0	ROOT	_	_
685	4	nap-šat-su	nap-šat-su	NOUN	N	Case=Acc|Gender=Masc|Number=Sing|PossSuffGen=Masc|PossSuffNum=Sing|PossSuffPer=3	3	obj	_	_
686	1	LUGAL{+u₂-tu₄	lugal{+u₂-tu₄	NOUN	NOUN	Case=Nom|Gender=Masc|Number=Sing	3	nsubj	_	SpaceAfter=No
687	3	li-ru-ba	li-ru-ba	VERB	VERB	Gender=Masc|Mood=Prec|Number=Sing|Person=3|Ventive=Yes|VerbStem=G	0	ROOT	_	_
688	4	a-na	ana	ADP	ADP	_	5	case	_	_
689	5	E₂.KUR	e₂.kur	NOUN	N	Case=Gen|Gender=Fem|NounBase=Free|Number=Sing	3	dep	_	_
690	1	ana	ana	ADP	PRP	_	2	case	_	_
691	2	a-bi	a-bi	PRON	N	Case=Gen|Gender=Masc|Number=Sing	3	obl	_	_
692	3	a-li-di-ka	a-li-di-ka	VERB	VERB	Gender=Masc|Mood=Imp|Number=Plur|Person=2|VerbStem=G	0	ROOT	_	_
693	4	li-tu-ru	li-tu-ru	VERB	VERB	Gender=Masc|Mood=Prec|Number=Plur|Person=3|VerbStem=G	_	_	_	_
694	5	par-ṣi	par-ṣi	NOUN	NOUN	Case=Acc|Gender=Masc|Number=Plur	_	_	_	_
695	1	lib-šu-ma	lib-šu-ma	VERB	V	Gender=Masc|Mood=Prec|Number=Sing|Person=3|VerbForm=Fin|VerbStem=G	0	ROOT	_	_
696	2	lib₂-ba-nu-u₂	lib₂-ba-nu-u₂	ADJ	MOD	Case=Nom|Gender=Masc|Number=Sing	3	advmod:emph	_	_
697	3	pa-rak-ki	pa-rak-ki	NOUN	N	Case=Gen|Gender=Masc|Number=Sing|PossSuffGen=Masc|PossSuffNum=Sing|PossSuffPer=3	1	conj	_	_
698	1	ina	ina	ADP	PRP	_	2	case	_	_
699	2	kib-rat	kib-rat	NOUN	NOUN	Gender=Fem|NounBase=Bound|Number=Plur	0	ROOT	_	_
700	3	er-bet-ti	er-bet-ti	NOUN	NOUN	Case=Gen|Gender=Fem|Number=Sing	2	nmod:poss	_	_
701	4	ši-tak-ka-na	ši-tak-ka-na	VERB	VERB	Gender=Com|Mood=Ind|Number=Sing|Person=1|Tense=Perf|Ventive=Yes|VerbForm=Fin|VerbStem=G	2	dep	_	_
702	5	ma-ha-zi-ka	ma-ha-zi-ka	NOUN	VERB	Case=Gen|Gender=Masc|Number=Sing|PossSuffGen=Masc|PossSuffNum=Sing|PossSuffPer=2	_	_	_	_
703	1	ma-ha-zu-ka	ma-ha-zu-ka	NOUN	NOUN	Case=Gen|Gender=Masc|Number=Sing|PossSuffGen=Masc|PossSuffNum=Sing|PossSuffPer=2	2	obj	_	_
704	2	li-ru-bu	li-ru-bu	VERB	VERB	Gender=Masc|Mood=Prec|Number=Plur|Person=3|VerbStem=G	0	ROOT	_	_
705	3	a-na	ana	ADP	ADP	_	4	case	_	_
706	4	E₂.KUR	e₂.kur	NOUN	N	Case=Gen|Gender=Fem|NounBase=Free|Number=Sing	_	_	_	_
707	1	šit-ra-ah	šit-ra-ah	VERB	VERB	Gender=Masc|Mood=Imp|Number=Sing|Person=2|VerbStem=G	0	ROOT	_	_
708	2	ina	ina	ADP	ADP	_	3	case	_	_
709	3	mah-ri	mah-ri	NOUN	NOUN	Case=Gen|Gender=Masc|Number=Plur	7	obl	_	_
710	4	DINGIR-MEŠ	dingir-meš	NOUN	NOUN	Case=Gen|Gender=Masc|Number=Plur	3	nmod	_	_
711	5	gaš-ru	gaš-ru	ADJ	ADJ	Case=Nom|Gender=Masc|Number=Sing	4	amod	_	_
712	6	lu-u	lū	PART	PART	_	7	advmod	_	_
713	7	MU-ka	mu-ka	VERB	VERB	Gender=Com|Mood=Ind|Number=Plur|Person=1|Tense=Past|VerbForm=Fin|VerbStem=G	_	_	_	_
714	1	iš-me-ma	iš-me-ma	VERB	V	Gender=Masc|Mood=Ind|Number=Sing|Person=3|Tense=Past|VerbForm=Fin|VerbStem=G	0	ROOT	_	_
715	2	be-lum	be-lum	NOUN	N	Gender=Masc|NounBase=Bound|Number=Sing	1	obl	_	_
716	3	a-mat	a-mat	NOUN	N	Gender=Fem|NounBase=Bound|Number=Sing	2	appos	_	_
717	5	d}e₂-a	d}e₂-a	PROPN	DN	Gender=Masc	3	nmod:poss	_	_
718	7	d}NIN.ŠI.KU₃	d}nin.ši.ku₃	PROPN	DN	Gender=Masc	3	nmod:poss	_	_
719	1	ig-ru-ur	ig-ru-ur	VERB	V	Gender=Masc|Mood=Ind|Number=Sing|Person=3|Tense=Past|VerbForm=Fin|VerbStem=G	0	ROOT	_	_
720	2	ir-ta-ʾu-ub	ir-ta-ʾu-ub	VERB	VERB	Gender=Masc|Mood=Ind|Number=Sing|Person=3|Tense=Pres|VerbForm=Fin|VerbStem=G	1	conj	_	_
721	3	ša₂-du-us-su	ša₂-du-us-su	NOUN	N	Gender=Fem|Number=Sing|PossSuffGen=Masc|PossSuffNum=Sing|PossSuffPer=3	4	obj	_	_
722	4	ig-guš	ig-guš	VERB	V	Gender=Masc|Mood=Imp|Number=Sing|Person=2|VerbStem=G	_	_	_	_
723	1	be-lum	be-lum	NOUN	N	Gender=Masc|NounBase=Bound|Number=Sing	0	ROOT	_	_
724	2	uš-ta-aṣ-bi-ta	uš-ta-aṣ-bi-ta	NOUN	V	Case=Gen|Gender=Fem|Number=Sing|PossSuffNum=Sing|PossSuffPer=1	1	nmod:poss	_	_
725	3	se-bet	se-bet	NOUN	N	Gender=Masc|Number=Plur	_	_	_	_
726	4	qab-li	qab-li	NOUN	N	Case=Gen|Gender=Masc|NounBase=Free|Number=Sing	3	nmod:poss	_	_
727	1	qar-ra-du	qar-ra-du	NOUN	N	Gender=Fem|Number=Sing|PossSuffGen=Masc|PossSuffNum=Sing|PossSuffPer=3	2	obj	_	_
728	2	uš-ta-aṣ-bi-ta	uš-ta-aṣ-bi-ta	VERB	V	Gender=Com|Mood=Ind|Number=Sing|Person=1|Tense=Past|Ventive=Yes|VerbForm=Fin|VerbStem=D	0	ROOT	_	_
729	3	se-bet	se-bet	NOUN	N	Gender=Masc|Number=Plur	_	_	_	_
730	4	IM.HUL-MEŠ	im.hul-meš	NOUN	N	Gender=Masc|Number=Plur	3	nmod:poss	_	_
731	1	mu-um-mi-lat	mu-um-mi-lat	NOUN	N	Gender=Masc|Number=Plur	3	obj	_	_
732	2	ep-ri	epri	ADV	N	_	3	obj	_	_
733	3	KI.KAL.BAD	ki.kal.bad	VERB	V	Gender=Com|Mood=Ind|Number=Sing|Person=1|Tense=Past|VerbForm=Fin|VerbStem=G	0	ROOT	_	_
734	4	a-šam-ša₂-a-tu₂	a-šam-ša₂-a-tu₂	ADP	PRP	_	_	_	_	_
735	1	id-ka-a	id-ka-a	VERB	V	Gender=Masc|Mood=Ind|Number=Plur|Person=3|Tense=Past|VerbForm=Fin|VerbStem=N	0	ROOT	_	_
736	2	a-na-an-tu	a-na-an-tu	NOUN	N	Gender=Fem|NounBase=Free|Number=Sing	1	conj	_	_
737	3	na-an-dur-tu	na-an-dur-tu	ADP	PRP	_	_	_	_	_
738	1	tu-qu-un-tu₂	tu-qu-un-tu₂	ADJ	N	Case=Nom|Gender=Fem|Number=Sing	0	ROOT	_	_
739	2	ig-ru	ig-ru	VERB	VERB	Gender=Masc|Mood=Ind|Number=Plur|Person=3|Tense=Past|VerbForm=Fin|VerbStem=G	_	_	_	_
740	1	tam-ha-ru-šu	tam-ha-ru-šu	NOUN	N	Gender=Masc|Number=Sing|PossSuffGen=Masc|PossSuffNum=Sing|PossSuffPer=3	3	nsubj	_	_
741	2	i-du-us-su	i-du-us-su	NOUN	N	Gender=Fem|Number=Sing|PossSuffGen=Masc|PossSuffNum=Sing|PossSuffPer=3	1	conj	_	_
742	3	i-qu-lu	i-qu-lu	ADJ	V	Case=Nom|Gender=Masc|Number=Sing	0	ROOT	_	_
743	4	ziq-ziq-qu	ziq-ziq-qu	NOUN	N	Case=Acc|Gender=Fem|NounBase=Free|Number=Sing	3	conj	_	_
744	1	ṭup-pi	ṭuppi	NOUN	N	Case=Gen|Gender=Masc|NounBase=Free|Number=Sing	0	ROOT	_	_
745	2	2-KAM₂.MA	2-kam₂.ma	DET	DET	_	1	amod	_	_
746	3	bi-in	bi-in	NOUN	N	Gender=Masc|NounBase=Bound|Number=Sing	1	appos	_	_
747	4	šar	šar	NOUN	N	Gender=Masc|NounBase=Bound|Number=Sing	1	conj	_	_
748	5	da-ad₂-me	da-ad₂-me	NOUN	N	Case=Gen|Gender=Masc|NounBase=Free|Number=Sing	4	nmod:poss	_	_
749	1	ŠU.NIGIN	šu.nigin	NOUN	NOUN	Case=Nom|Gender=Masc|NounBase=Free|Number=Sing	0	ROOT	_	_
750	2	2	2	NUM	n	_	3	nummod	_	_
751	3	UŠ	uš	NOUN	N	Gender=Masc|NounBase=Bound|Number=Sing	1	nmod	_	_
752	4	53-AM₃	53-am₃	NOUN	N	Case=Gen|Gender=Fem|Number=Sing|PossSuffNum=Sing|PossSuffPer=1	3	nmod:poss	_	_
753	1	 	 	X	X	_	0	ROOT	_	SpaceAfter=No
